fm_id,player_tm_id,fifa_id,first_name,last_name,pseudonym,dob,nationality1,nationality2,club_id,joined,contract_until,shirt_number,team_type,position,rating_seed,status,source,source_sha256,snapshot_date
1000024821,107665,0,Filip,Novak,,1990-06-26,12,0,786437,2025-02-21,2027-06-30,57,FIRST,LB,45,CONFIRMED,https://www.transfermarkt.de/fk-jablonec/kader/verein/1322/saison_id/2026/plus/1,fa6bc207fa67c20e0cd9ca574d81e19d3d8b6b77840b71993b1620a5a4b28b21,2026-09-12
1000024822,175446,0,Jonny,Otto,,1994-03-03,45,0,2949141,2025-07-02,2027-06-30,17,FIRST,RB,45,CONFIRMED,https://www.transfermarkt.de/jonny-otto/profil/spieler/175446,8167a0072d69e483a108dfab62f9863d488149abcac44f5f6687ae4234f949e4,2026-09-12
1000024823,187203,0,Eric,Verstappen,,1994-05-19,34,0,1376282,2026-09-08,2027-06-30,33,FIRST,GK,45,CONFIRMED,https://www.transfermarkt.de/eric-verstappen/profil/spieler/187203,f725240eef1536865fb62a0ad9a6a0d8b45745ec73772fcb06bb0cfb7bdbd2db,2026-09-12
1000024824,191829,0,Dimitrios,Goutas,,1994-04-04,22,0,3145836,2025-07-11,2027-06-30,6,FIRST,CB,45,CONFIRMED,https://www.transfermarkt.de/dimitrios-goutas/profil/spieler/191829,fe2be9c537825fe64b369b25a5c7aac2d3c8a9098f306bc44241d234dba680b3,2026-09-12
1000024825,211628,0,Mohamed,Bouldini,,1995-11-27,129,0,2494468,2026-08-05,2027-06-30,9,FIRST,ST,45,CONFIRMED,https://www.transfermarkt.de/mohamed-bouldini/profil/spieler/211628,2e794db9c874f662a1b1740acaa0f324fb151e8512818b398c9a21f289d3556e,2026-09-12
1000024826,272619,0,Romain,Cagnon,,1997-05-12,18,0,1179685,2026-08-19,2027-06-30,49,FIRST,GK,45,CONFIRMED,https://www.transfermarkt.de/romain-cagnon/profil/spieler/272619,dd5a290c2ea07eebda93410295d4966a56c232a72a55a3218f14ee4b4ef3b29e,2026-09-12
1000024827,453704,0,Álvaro,Ferllo,,1998-04-13,45,0,2949127,2026-01-01,2027-06-30,25,FIRST,GK,45,CONFIRMED,https://www.transfermarkt.de/deportivo-a-coruna/kader/verein/897/saison_id/2026/plus/1,7550b0f31442bf21d6149b2642a4ee1c6a58307c97068ea0c26d45e205ddb6c5,2026-09-12
1000024828,482386,0,Qëndrim,Zyba,,2001-02-03,207,0,786438,2024-07-10,2027-06-30,10,FIRST,CM,45,CONFIRMED,https://www.transfermarkt.de/fc-slovan-liberec/kader/verein/697/saison_id/2026/plus/1,6aba2d7156fcbb82e5f0f245492c388de338ad498bd8ff4bd953a9b7fb194317,2026-09-12
1000024829,486031,0,Nico,González,,1998-04-06,52,27,1769482,2025-07-01,2029-06-30,31,FIRST,LW,45,CONFIRMED,https://www.transfermarkt.de/juventus-turin/kader/verein/506/saison_id/2026/plus/1,0009d8e86a1fcff175fb368bcdc9cac816372b11375dc9917e504e11cc3f9b54,2026-09-12
1000024830,528222,0,Lorenz,Ender,,2001-01-06,21,0,1376306,2023-07-01,2027-06-30,17,FIRST,RW,45,CONFIRMED,https://www.transfermarkt.de/lorenz-ender/profil/spieler/528222,819f85a5d1af3bde7298e3f9f736b55c2ce9207c82a31138f06d823082aa5b74,2026-09-12
1000024831,537844,0,Anatoliy,Trubin,,2001-08-01,49,0,2490372,2023-08-10,2028-06-30,1,FIRST,GK,45,CONFIRMED,https://www.transfermarkt.de/anatoliy-trubin/profil/spieler/537844,f026c7abf7f57433572c38afd4cbf7924673c043ffc106ddd53f46bf38169590,2026-09-12
1000024832,546186,0,Georgios,Vagiannidis,,2001-09-12,22,0,2490382,2025-08-06,2030-06-30,13,FIRST,RB,45,CONFIRMED,https://www.transfermarkt.de/georgios-vagiannidis/profil/spieler/546186,1e5e07e8a94157bbe0e9fbda7b753e53c2edd5b87b17ea28693748c8f2f9a3ac,2026-09-12
1000024833,567516,0,,Gabi,,2000-04-18,38,0,2494469,2026-07-10,2029-06-30,8,FIRST,CM,45,CONFIRMED,https://www.transfermarkt.de/gabi/profil/spieler/567516,6ae77096870082b49cae73cbf2b2463e308c2703dd6e668927d87b5c282c62fd,2026-09-12
1000024834,584452,0,Nikolaos,Michelis,,2001-03-23,22,0,2494468,2024-08-15,2028-06-30,2,FIRST,CB,45,CONFIRMED,https://www.transfermarkt.de/nikolaos-michelis/profil/spieler/584452,6fe07221674555f4bfd05c719acbb657c2fee56d3bc0dbf0b0cc999bb3231f83,2026-09-12
1000024835,631404,0,,Gorby,,2002-07-25,18,80,2490374,2021-12-01,2028-06-30,29,FIRST,CM,45,CONFIRMED,https://www.transfermarkt.de/gorby/profil/spieler/631404,550374f0e65dd2749126401a811d82d2c82ed3ed4e2bc3e57ed2ba96f49dd9eb,2026-09-12
1000024836,634430,0,Israel,Salazar,,2003-05-10,45,0,2490386,2024-08-15,2028-06-30,38,FIRST,ST,45,CONFIRMED,https://www.transfermarkt.de/israel-salazar/profil/spieler/634430,899f34752b34ba5ece3535a1baeb89cf64f40beed85b54ee612462a2118243c9,2026-09-12
1000024837,639733,0,Peque,Fernández,,2002-10-04,45,0,2949138,2024-07-11,2028-06-30,10,FIRST,CF,45,CONFIRMED,https://www.transfermarkt.de/peque-fernandez/profil/spieler/639733,513c83051ef53a9c560c9d798d0bb01638d70e40200239327d9a9c918c0461dc,2026-09-12
1000024838,648541,0,Gabi,Caschili,,2003-07-14,34,27,2228252,2026-08-04,2027-06-30,18,FIRST,RB,45,CONFIRMED,https://www.transfermarkt.de/gabi-caschili/profil/spieler/648541,32aebda1d903bd78fe1ea2ee28c3b7ad20418b68617585cebd6a224544c0ee51,2026-09-12
1000024839,662332,0,,Juan,,2002-03-07,54,0,3145820,2025-08-25,2029-06-30,9,FIRST,ST,45,CONFIRMED,https://www.transfermarkt.de/juan/profil/spieler/662332,9a7a5750e957c82c27c189f81a5f64f1f3f553a22b9c974558e5b199250b2fc0,2026-09-12
1000024840,669380,0,Konstantinos,Koulierakis,,2003-11-28,22,0,1769476,2026-08-01,2031-06-30,3,FIRST,CB,45,CONFIRMED,https://www.transfermarkt.de/konstantinos-koulierakis/profil/spieler/669380,24b70e8cbf6f8eba06502e6c9f5dcafae2a2df99cc7e2d4ca2dc39d9c6feda87,2026-09-12
1000024841,683571,0,Tolu,Arokodare,,2000-11-23,133,0,2228227,2026-07-29,2027-06-30,99,FIRST,ST,45,CONFIRMED,https://www.transfermarkt.de/ajax-amsterdam/kader/verein/610/saison_id/2026/plus/1,f5e17e90fd0fa7a2962da880b80d3f5be8fc736c45ff9203a638be8e951725f8,2026-09-12
1000024842,704456,0,Nosa,Edward Obaretin,,2003-01-26,27,133,1179673,2026-08-25,2027-06-30,55,FIRST,CB,45,CONFIRMED,https://www.transfermarkt.de/fc-lorient/kader/verein/1158/saison_id/2026/plus/1,8985aded9368fca7ce5d7744ed4210e43a27554002fd29e32ed7f2454f7c3087,2026-09-12
1000024843,724039,0,Georgios,Koutsias,,2004-02-08,22,0,2490398,2026-07-24,2031-06-30,70,FIRST,ST,45,CONFIRMED,https://www.transfermarkt.de/georgios-koutsias/profil/spieler/724039,9ffb9c24dd71b72b26eb8dbae77a8478ba39558e051c2de37e6b827f61f7d957,2026-09-12
1000024844,726014,0,Maksym,Dyachuk,,2003-07-21,49,0,786446,2026-07-10,2027-06-30,16,FIRST,CB,45,CONFIRMED,https://www.transfermarkt.de/maksym-dyachuk/profil/spieler/726014,e9bd243126b449ba3bfe8a5dee044f51895766951da6d57cb53fedb88ec7e183,2026-09-12
1000024845,747243,0,Gyan,de Regt,,2003-08-18,34,0,1376418,2026-08-19,2030-06-30,11,FIRST,LW,45,CONFIRMED,https://www.transfermarkt.de/gyan-de-regt/profil/spieler/747243,91f1001c00d18d82ae563dc905ff8a875c903688316fbc52345147eae39ff836,2026-09-12
1000024846,754037,0,Abbosbek,Fayzullaev,,2003-10-03,191,0,3145841,2025-07-30,2030-06-30,11,FIRST,RW,45,CONFIRMED,https://www.transfermarkt.de/abbosbek-fayzullaev/profil/spieler/754037,09938b09a05ff61f2d34b6e8c6c41a16ac30c2a63cb2a9ef8fc33c0cc08951ed,2026-09-12
1000024847,763090,0,Mukhammadali,Urinboev,,2005-04-24,191,0,458785,2025-07-07,2029-06-30,19,FIRST,RW,45,CONFIRMED,https://www.transfermarkt.de/mukhammadali-urinboev/profil/spieler/763090,f3cbeafaadb5d41bbb8fa837dccd3a2cd722f1be41afcfbfeb265266b343827f,2026-09-12
1000024848,768562,0,,Bénito,,2003-08-21,18,107,2490394,2026-07-01,2029-06-30,92,FIRST,LW,45,CONFIRMED,https://www.transfermarkt.de/cf-estrela-amadora/kader/verein/2431/saison_id/2026/plus/1,518e3a2e95f5774700d01db49dd50f80d4ccbc790493950412b68c785a7de654,2026-09-12
1000024849,810846,0,,Kaylen,,2004-04-05,21,54,2228247,2026-08-07,2027-06-30,33,FIRST,GK,45,CONFIRMED,https://www.transfermarkt.de/kaylen/profil/spieler/810846,b186e93809e1c410f1aea6a45ae06f6e55c4c824242dd5688e149df946158333,2026-09-12
1000024850,839551,0,Ondrej,Kricfalusi,,2004-03-09,12,0,458780,2026-07-01,2030-06-30,80,FIRST,DM,45,CONFIRMED,https://www.transfermarkt.de/ondrej-kricfalusi/profil/spieler/839551,ddff822ca38b5b072162f8b442ad5ae213100c1ecb6d17b00bcdc2c284d04d99,2026-09-12
1000024851,858324,0,Djordje,Gordic,,2004-11-05,51,0,458783,2023-01-03,2027-06-30,22,FIRST,CM,45,CONFIRMED,https://www.transfermarkt.de/djordje-gordic/profil/spieler/858324,45736d88af2b5f6c84b7fbbfaa86ea72f3533997b4d157708a9f14b8711f706f,2026-09-12
1000024852,865793,0,Nariman,Akhundzada,,2004-04-23,5,0,3145765,2026-08-03,2027-06-30,90,FIRST,ST,45,CONFIRMED,https://www.transfermarkt.de/erzurumspor-fk/kader/verein/39722/saison_id/2026/plus/1,aaa2316b00aefef231faf95d7f3e3871f7c712aaa423cb88c256177acd6d2902,2026-09-12
1000024853,872171,0,Lucas,Beraldo,,2003-11-24,54,0,1179663,2024-01-01,2031-06-30,4,FIRST,CB,45,CONFIRMED,https://www.transfermarkt.de/lucas-beraldo/profil/spieler/872171,544f3ca55d752562651e7c5c96c52eb428b87d5bdc84fed376fc2a3ef5612928,2026-09-12
1000024854,946964,0,Viktor,Damjanic,,2005-11-03,10,0,458775,2025-07-23,2028-06-30,15,FIRST,CB,45,CONFIRMED,https://www.transfermarkt.de/oud-heverlee-leuven/kader/verein/2727/saison_id/2026/plus/1,13369b1472ae4137934608499f3a290781d8b7a96223b8e0488ea6f56621495e,2026-09-12
1000024855,952093,0,Burak,Enes Yıkıcı,,2004-03-29,48,0,3145773,2024-07-01,2027-06-30,0,FIRST,AM,45,CONFIRMED,https://www.transfermarkt.de/gaziantep-fk/kader/verein/2832/saison_id/2026/plus/1,81446f340c520f2c5aff4253c251edc727d259530fe5221a6b24ee6cfb9e01e1,2026-09-12
1000024856,957822,0,Eddy,Kouadio,,2006-05-03,27,108,1769533,2026-07-08,2027-06-30,60,FIRST,CB,45,CONFIRMED,https://www.transfermarkt.de/ac-monza/kader/verein/2919/saison_id/2026/plus/1,8f193279202724cc57a68a08441deb0fe889b73d8d97804595e81268516bfe10,2026-09-12
1000024857,975321,0,Mohamed,Yasser,,2001-05-05,111,0,786453,2026-09-01,2029-06-30,0,FIRST,ST,45,CONFIRMED,https://www.transfermarkt.de/mohamed-yasser/profil/spieler/975321,4fb4d574fb4d8a7bbb8eec8ade97b3788a0dfba9b105db2f8af4f0eac624fe80,2026-09-12
1000024858,993333,0,Bas,Langenbick,,2003-06-16,7,0,458755,2024-01-01,2028-06-30,84,FIRST,GK,45,CONFIRMED,https://www.transfermarkt.de/cercle-brugge/kader/verein/520/saison_id/2026/plus/1,7cdfb59fb0a1a9a437a93f97e502615933029fa25dc8530a34a7715ac5027f03,2026-09-12
1000024859,1013809,0,Jiri,Zima,,2007-12-21,12,0,790538,2026-01-01,2028-06-30,11,RESERVE,AM,45,CONFIRMED,https://www.transfermarkt.de/jiri-zima/profil/spieler/1013809,1bad1aecc0f2c4585928e17be1969f2ca10fec44513a706a08f4f835fd501028,2026-09-12
1000024860,1047424,0,Jahnilo,Wiegel-Triebel,,2005-03-13,92,34,458763,2026-07-01,2027-06-30,21,FIRST,GK,45,CONFIRMED,https://www.transfermarkt.de/kvc-westerlo/kader/verein/968/saison_id/2026/plus/1,4b321535def794641a57896ea3b395b11fb16964a25bb51fab6f75bf5e2a3382,2026-09-12
1000024861,1048119,0,Taha,Güneş,,2006-01-01,48,0,3145773,2025-05-05,2027-06-30,0,FIRST,AM,45,CONFIRMED,https://www.transfermarkt.de/gaziantep-fk/kader/verein/2832/saison_id/2026/plus/1,81446f340c520f2c5aff4253c251edc727d259530fe5221a6b24ee6cfb9e01e1,2026-09-12
1000024862,1052374,0,Yevgeniy,Skyba,,2003-03-25,49,0,786446,2026-07-14,2029-06-30,44,FIRST,CB,45,CONFIRMED,https://www.transfermarkt.de/yevgeniy-skyba/profil/spieler/1052374,e20940a39060e2fac9edd7d599a088d929316c07b6b416a655df17697a0d7d2e,2026-09-12
1000024863,1057394,0,Rafa,Rodríguez,,2003-07-10,45,0,2949129,2025-07-01,2028-06-30,14,FIRST,AM,45,CONFIRMED,https://www.transfermarkt.de/fc-malaga/kader/verein/1084/saison_id/2026/plus/1,010cc01e9ffddb589e8d4eee92742f40620b134f4175b7670f0053ce4e9c9309,2026-09-12
1000024864,1072324,0,Chipyoka,Songa,,2004-09-24,147,0,2490377,2026-09-04,2031-06-30,28,FIRST,AM,45,CONFIRMED,https://www.transfermarkt.de/moreirense-fc/kader/verein/979/saison_id/2026/plus/1,9aa16aff197b371e36892b5321c0c1db769f09802a8338c111eb56304e7798bc,2026-09-12
1000024865,1077990,0,,Fredy,,2006-05-25,38,0,2490388,2026-07-05,2029-06-30,25,FIRST,AM,45,CONFIRMED,https://www.transfermarkt.de/fredy/profil/spieler/1077990,da9024c80085fc732ee5a11831a99c12db169a93dec2451dd467c6c8ea5a8fff,2026-09-12
1000024866,1078164,0,Demi,Akarakiri,,2007-09-29,14,133,1769480,2026-07-03,2030-06-30,30,FIRST,CM,45,CONFIRMED,https://www.transfermarkt.de/demi-akarakiri/profil/spieler/1078164,7f01d1a4ae684ea32f49d96b1581eb93a87e86ea7d8504165781a066308336bd,2026-09-12
1000024867,1083604,0,Dani,Borges,,2003-04-06,54,0,2490388,2024-01-31,2030-06-30,41,FIRST,DM,45,CONFIRMED,https://www.transfermarkt.de/cd-santa-clara/kader/verein/2423/saison_id/2026/plus/1,996787cc90623dddfd5c425ca2df6aae95f8fd62b8b5cfb03677a214be6550e2,2026-09-12
1000024868,1091608,0,,Fernando,,2005-04-12,54,0,2490388,2026-02-02,2029-06-30,7,FIRST,ST,45,CONFIRMED,https://www.transfermarkt.de/cd-santa-clara/kader/verein/2423/saison_id/2026/plus/1,996787cc90623dddfd5c425ca2df6aae95f8fd62b8b5cfb03677a214be6550e2,2026-09-12
1000024869,1093438,0,Temilola,Awoyale,,2005-07-23,133,21,1376539,2026-02-02,2027-06-30,36,FIRST,CM,45,CONFIRMED,https://www.transfermarkt.de/temilola-awoyale/profil/spieler/1093438,36947d526e8e218f63ab1e90da216bf0a48e67485c6108f2d3dea7fb516f6838,2026-09-12
1000024870,1118347,0,Juan,Arizala,,2005-10-10,56,0,1769488,2026-01-06,2030-06-30,20,FIRST,LM,45,CONFIRMED,https://www.transfermarkt.de/udinese-calcio/kader/verein/410/saison_id/2026/plus/1,7fdfe70ee199497c7c8bba7f008dea4b0f8e1ab4fec8c51d19f4eb9f681c5506,2026-09-12
1000024871,1150372,0,,Pato,,2004-02-17,83,0,2490398,2026-09-02,2027-06-30,33,FIRST,ST,45,CONFIRMED,https://www.transfermarkt.de/pato/profil/spieler/1150372,27601c4607ad4a203f019fb9b2e5851a583de10d2dfaa9573840804ee2c62a3c,2026-09-12
1000024872,1153358,0,Shion,Shinkawa,,2007-08-06,163,0,458759,2026-01-16,2029-06-30,99,FIRST,ST,45,CONFIRMED,https://www.transfermarkt.de/shion-shinkawa/profil/spieler/1153358,bc580aeb52c778092300ea46eab8670e423ce11176b3684fe88417c19157910f,2026-09-12
1000024873,1154528,0,Si-hoo,Park,,2007-08-18,167,0,2494470,2026-07-04,2031-06-30,77,FIRST,LW,45,CONFIRMED,https://www.transfermarkt.de/si-hoo-park/profil/spieler/1154528,516aab70238a5a4b975b99ccc9445b7cce3ecc0f4b450dc52ac60c2c0f300812,2026-09-12
1000024874,1154529,0,Chung-hyun,Lee,,2007-09-12,167,0,1376373,2026-07-14,2027-06-30,18,FIRST,LW,45,CONFIRMED,https://www.transfermarkt.de/chung-hyun-lee/profil/spieler/1154529,accaa2225ffde78813f058a5eb2b8a7c1b43caa1a8da2f88f58fe186513d0f76,2026-09-12
1000024875,1161013,0,Mustafa,Tan,,2005-04-27,48,0,3145745,2023-12-04,2028-06-30,29,FIRST,RB,45,CONFIRMED,https://www.transfermarkt.de/samsunspor/kader/verein/152/saison_id/2026/plus/1,4e99640342d6c03de82a839147f9c53a0cc4bc14523c727d2894fc2df5432171,2026-09-12
1000024876,1175619,0,Mahmut,Can Kara,,2006-01-01,48,0,3145783,2026-07-01,2028-06-30,0,FIRST,GK,45,CONFIRMED,https://www.transfermarkt.de/mahmut-can-kara/profil/spieler/1175619,f9f619cf8a60751e396afc6ec4c3182c2d3b6bd8ad4a6755a535cc800c19cddd,2026-09-12
1000024877,1178721,0,Rafel,Bauzà,,2005-01-30,45,0,2949125,2025-07-01,2028-06-30,26,FIRST,CM,45,CONFIRMED,https://www.transfermarkt.de/espanyol-barcelona/kader/verein/714/saison_id/2026/plus/1,f5fd71d6b5ea7b87f29f37eb3da79bb27abc3bb54aefcdd2f5ded14c3919697d,2026-09-12
1000024878,1178853,0,Berhan,Kutlay Şatlı,,2006-01-14,48,0,3145777,2026-01-01,2029-06-30,42,FIRST,CB,45,CONFIRMED,https://www.transfermarkt.de/berhan-kutlay-satli/profil/spieler/1178853,46859891fa8f4fc6b0c466e8583b9191d0a220ccfee2465ba9f7da2580158025,2026-09-12
1000024879,1197999,0,Cemilhan,Aslan,,2008-05-07,48,0,3145773,2026-01-01,2027-06-30,81,FIRST,GK,45,CONFIRMED,https://www.transfermarkt.de/cemilhan-aslan/profil/spieler/1197999,c8cca23fbca4d331ecc285be6e8c2cde3e84aa681434676430e754996f361722,2026-09-12
1000024880,1211302,0,Matteo,Heremans,,2006-01-08,7,0,458775,2026-07-01,2027-06-30,80,FIRST,AM,45,CONFIRMED,https://www.transfermarkt.de/matteo-heremans/profil/spieler/1211302,992d51f9e5521fa8a0ad096d973e2ae9eb52d600a8ad4e951d93ce82ca4dd650,2026-09-12
1000024881,1237999,0,Samuel,Obinaya,,2005-08-28,49,0,786453,2026-08-21,2027-06-30,0,FIRST,CM,45,CONFIRMED,https://www.transfermarkt.de/samuel-obinaya/profil/spieler/1237999,cd866ee2530870c1f2c50fb07113fbad78453adb83db5dabd36cb9c927feb028,2026-09-12
1000024882,1279984,0,Lucas,Herrington,,2007-09-05,195,21,917532,2026-08-12,2031-06-30,22,FIRST,CB,45,CONFIRMED,https://www.transfermarkt.de/lucas-herrington/profil/spieler/1279984,8941c70c68a16e7d3fd8b6cc1bf798805056b3570b2a3246a35526f1de685078,2026-09-12
1000024883,1293796,0,Farouck,Adekami,,2006-08-07,108,0,458785,2025-01-01,2027-06-30,22,FIRST,AM,45,CONFIRMED,https://www.transfermarkt.de/royal-antwerpen-fc/kader/verein/1096/saison_id/2026/plus/1,eb2b5eea86d19deaf123189c966bf44bae4a2d94614134be4d229233c58d37aa,2026-09-12
1000024884,1294358,0,Noah,Santiago Lorch,,2005-12-09,21,0,1376306,2026-07-01,2029-06-30,28,FIRST,CM,45,CONFIRMED,https://www.transfermarkt.de/noah-santiago-lorch/profil/spieler/1294358,ae79e66b1af3c631944ba784416a794ced8f144c4d6d64967ef5abf8d577dcf6,2026-09-12
1000024885,1303365,0,Arda,Özyar,,2007-04-16,48,0,3145754,2026-03-03,2031-06-30,17,FIRST,ST,45,CONFIRMED,https://www.transfermarkt.de/arda-ozyar/profil/spieler/1303365,b146ccbdd801b2367e1f34b7b97e7c09debe93dc0e96aa2c57aa83dc768523ad,2026-09-12
1000024886,1304052,0,Ömer,Çobanoğlu,,2007-07-04,48,0,3145839,2026-07-01,2030-06-30,25,FIRST,DM,45,CONFIRMED,https://www.transfermarkt.de/omer-cobanoglu/profil/spieler/1304052,caea011e382abe888648e08f7c94c486cff9e762d76790887560e40d47729c07,2026-09-12
1000024887,1315482,0,Muhammed,Emin Bektaş,,2006-07-01,48,0,3145843,2026-08-08,2030-06-30,99,FIRST,ST,45,CONFIRMED,https://www.transfermarkt.de/kasimpasa/kader/verein/10484/saison_id/2026/plus/1,c67384cb86e5ab0489a71469deab8847f74c6c6c97729fe8853bfdf343f41060,2026-09-12
1000024888,1318352,0,Malcolm,Lohunanu-Mbasi,,2008-05-11,7,0,458787,2026-07-01,2028-06-30,19,FIRST,ST,45,CONFIRMED,https://www.transfermarkt.de/malcolm-lohunanu-mbasi/profil/spieler/1318352,7fa78f1dbc32d0d993fd650d90615a86dcc0e0c822ed09f35739f840b995e4e2,2026-09-12
1000024889,1372149,0,Gibril,Sosseh,,2007-01-01,116,0,786461,2026-07-31,2027-06-30,16,FIRST,CM,45,CONFIRMED,https://www.transfermarkt.de/gibril-sosseh/profil/spieler/1372149,974f3a7d623eaed2a984bc1e8363f922e8fb7eafc791c45aafd902f36aa04c03,2026-09-12
1000024890,1374186,0,Ömer,Ahmet Ceyhan,,2007-08-22,48,0,3145777,2025-12-22,2029-06-30,44,FIRST,RB,45,CONFIRMED,https://www.transfermarkt.de/omer-ahmet-ceyhan/profil/spieler/1374186,089c7d0f4a30b82c32ee445e756fc76f16aed2d6e7e081780227c0bd821773bc,2026-09-12
1000024891,1381202,0,Victor,Samuel,,2006-06-29,133,0,790538,2026-01-01,2029-12-31,35,FIRST,ST,45,CONFIRMED,https://www.transfermarkt.de/victor-samuel/profil/spieler/1381202,06106210ad87e68c9232bbc6514c7249217e6eac184b138c29cdf34d0fca0b96,2026-09-12
1000024892,1392804,0,Ndjicoura,Bomba,,2008-03-12,126,0,1376261,2026-07-01,2030-06-30,0,FIRST,ST,45,CONFIRMED,https://www.transfermarkt.de/ndjicoura-bomba/profil/spieler/1392804,7986f30815efe1b103aaa5b7338f4d761e3582e312885e5ec8d594101273f36d,2026-09-12
1000024893,1401779,0,Jules,Ahoka,,2006-05-08,110,0,917524,2026-08-24,2031-06-30,29,FIRST,DM,45,CONFIRMED,https://www.transfermarkt.de/jules-ahoka/profil/spieler/1401779,b2b6cd17dc04cc0b0da7649afebd8c2a337412efdeaa550bcdeacf18320e1c01,2026-09-12
1000024894,1414664,0,Diabel,Ndoye,,2007-08-27,136,0,3145777,2026-02-02,2028-06-30,0,FIRST,CB,45,CONFIRMED,https://www.transfermarkt.de/diabel-ndoye/profil/spieler/1414664,736e4b736b3d2cb950c1c93325af252ae2e5a87982a6a37c501d20705ca54a71,2026-09-12
1000024895,1414677,0,Abdou,Khadre Sy,,2007-12-15,136,0,3145777,2026-02-02,2028-06-30,0,FIRST,ST,45,CONFIRMED,https://www.transfermarkt.de/abdou-khadre-sy/profil/spieler/1414677,8e510bf181a7b035718b983c150eefabd4dd92eec78d33cbea831673253cc2ec,2026-09-12
1000024896,1423296,0,Talha,Polat,,2006-11-17,48,0,3145754,2026-07-01,2027-06-30,0,FIRST,GK,45,CONFIRMED,https://www.transfermarkt.de/talha-polat/profil/spieler/1423296,099622816efa8a1a304005854b4b03a01fba39f1992a258d577af181dc38c379,2026-09-12
1000024897,1438140,0,Hulusi,Destici,,2008-08-06,48,0,3145754,2026-08-17,2030-06-30,0,FIRST,DM,45,CONFIRMED,https://www.transfermarkt.de/hulusi-destici/profil/spieler/1438140,5456f3e338421732f3b20a615d23e06847caa5d58c87e0642ac5c335db780393,2026-09-12
1000024898,1464920,0,Gabriel,Índio,,2008-07-26,54,0,2490372,2026-07-28,2031-06-30,33,FIRST,CB,45,CONFIRMED,https://www.transfermarkt.de/gabriel-indio/profil/spieler/1464920,46d2e17101af7fe0ba7a6180bf11d112c6e881024ac3e43ffa47db2086e66e83,2026-09-12
1000024899,1467124,0,Abdoulaye,Koné,,2006-02-01,108,0,458763,2026-09-02,2030-06-30,25,FIRST,ST,45,CONFIRMED,https://www.transfermarkt.de/abdoulaye-kone/profil/spieler/1467124,eaf5d4dd6fc78df4dc3501f18a02a10b5c733770f1b91365129c1fbd08de0919,2026-09-12
1000024900,1473866,0,Ibrahima,Cissé,,2007-09-24,136,0,458753,2026-07-01,2028-06-30,75,FIRST,ST,45,CONFIRMED,https://www.transfermarkt.de/ibrahima-cisse/profil/spieler/1473866,962f8763e7843d37a826b84277a931df3b074eedeb4dc3750fb4d3cb7d1fe5a5,2026-09-12
1000024901,1487376,0,Yiğit,Baran Karaoğlan,,2006-02-16,48,0,3145765,2026-07-01,2028-06-30,0,FIRST,CB,45,CONFIRMED,https://www.transfermarkt.de/yigit-baran-karaoglan/profil/spieler/1487376,1f5e4dba7655052890c4f030704ce18cca1020fc8b8291385afb93965f7774db,2026-09-12
1000024902,1489506,0,Ousmane,Diabate,,2007-09-24,118,0,3145836,2026-08-26,2027-06-30,42,FIRST,DM,45,CONFIRMED,https://www.transfermarkt.de/ousmane-diabate/profil/spieler/1489506,cd0970c424a3bfbb8151bd549771a807132e190fe31d17b391531bd1013dee4c,2026-09-12
1000024903,1490222,0,Joel,Darko Ampem,,2007-03-08,117,0,1376539,2026-07-01,2028-06-30,35,FIRST,CM,45,CONFIRMED,https://www.transfermarkt.de/joel-darko-ampem/profil/spieler/1490222,b09acc457bf46fc8ad77cc31ea25456df385997c19b446d02e1f8eefd4edd717,2026-09-12
1000024904,1492856,0,Junior,Diouf,,2007-08-16,136,0,458788,2026-02-26,2028-06-30,11,FIRST,ST,45,CONFIRMED,https://www.transfermarkt.de/junior-diouf/profil/spieler/1492856,ee8768f4049a7eab2621a80f0b7e50dd4ee882eeae447cbd3f43d0458f1ab5d7,2026-09-12
1000024905,1497653,0,Bara,Sapoko Ndiaye,,2007-12-31,136,0,1376264,2026-08-10,2031-06-30,39,FIRST,CM,45,CONFIRMED,https://www.transfermarkt.de/bara-sapoko-ndiaye/profil/spieler/1497653,da274f0260b14acd87b628bb31abfa57393c9076d4857eba63f110c9e0b75a4b,2026-09-12
1000024906,1507561,0,Mouhamadou,Sall,,2007-10-21,136,0,458782,2026-01-27,2028-06-30,24,FIRST,CB,45,CONFIRMED,https://www.transfermarkt.de/mouhamadou-sall/profil/spieler/1507561,475f80c7ffb6b3c585765053fd43b35bbad380e1d60831782067a08b7f0740db,2026-09-12
1000024907,1510005,0,Modibo,Fofana,,2007-11-03,108,0,458785,2026-07-01,2030-06-30,25,FIRST,CM,45,CONFIRMED,https://www.transfermarkt.de/modibo-fofana/profil/spieler/1510005,aa3bdef89be8a8b2cb3d01eb14438b3570827c96f1309b1e1d66b3e829413c06,2026-09-12
1000024908,1523861,0,Yacouba,Koné,,2007-06-21,108,0,1179683,2026-08-10,2029-06-30,39,FIRST,ST,45,CONFIRMED,https://www.transfermarkt.de/yacouba-kone/profil/spieler/1523861,6998e422c4a7fc1c8c302e0b08f793f5827df38d00cd2c512121aa9c62242cba,2026-09-12
1000024909,1534934,0,Abdu,Dafe,,2008-06-10,38,0,2494469,2026-09-01,2027-06-30,59,FIRST,CM,45,CONFIRMED,https://www.transfermarkt.de/abdu-dafe/profil/spieler/1534934,46c579b1eb19164fba01c8bd47c735adbdd421817e19ed2bb311f55e8cc9ae36,2026-09-12
1000024910,1555142,0,Luis,Narh,,2007-12-25,117,0,458785,2026-07-01,2030-06-30,99,FIRST,ST,45,CONFIRMED,https://www.transfermarkt.de/luis-narh/profil/spieler/1555142,9450cae04eacdbfe9b1b044bd585bbbee9f28605c86ad15f153d17d816675cbc,2026-09-12
1000024911,1577095,0,Arouna,Soro,,2007-07-12,108,0,3145783,2026-07-07,2031-06-30,32,FIRST,AM,45,CONFIRMED,https://www.transfermarkt.de/arouna-soro/profil/spieler/1577095,c4577c90883e60ab1e2f88342c5fd9d8f4e9201c71170b6c5bd8f5d63562c43b,2026-09-12
1000024912,1580906,0,Pedro,Jesus,,2007-12-25,54,0,2490377,2026-07-01,2029-06-30,31,FIRST,CB,45,CONFIRMED,https://www.transfermarkt.de/pedro-jesus/profil/spieler/1580906,fa0400cd644a019043b7b78791005adc93820f6f4879f80729c07695a38426e1,2026-09-12
1000024913,1581187,0,Kadir,Gümüş,,2003-11-15,48,0,3145773,2026-07-07,2028-06-30,0,FIRST,ST,45,CONFIRMED,https://www.transfermarkt.de/kadir-gumus/profil/spieler/1581187,f6136a6f94437f6cae55b6725583d73ff56fd523e6323b2fb503f1b74a9816e5,2026-09-12
1000024914,1582293,0,,Costinha,,2008-08-04,38,0,2494470,2025-07-01,2027-06-30,0,RESERVE,RW,45,CONFIRMED,https://www.transfermarkt.de/costinha/profil/spieler/1582293,dab8f99b88704a1e944853bd92c294b76a8ccd5ce0fe61453f13845550f50e51,2026-09-12
