league,club,club_tm_id,player,player_tm_id,classification,fields,before,after,source,previous_source_sha256,current_source_sha256,confidence,note
ITA1,US Lecce,1005,Joël Monteiro,410787,SOURCE_FIELDS_CHANGED,"[""position""]","{""position"": ""Linkes Mittelfeld""}","{""position"": ""Linksaußen""}",https://www.transfermarkt.de/us-lecce/kader/verein/1005/saison_id/2026/plus/1,78122fd569fd5c6be9df37c45eb933462fe1c2a0edeeb9b0575889235479781a,f70b73ab0beef18f4707e1b846172f928bd484c8e6abc3aab35570487739b4bc,REVIEW_REQUIRED,Source comparison only; absence is not departure evidence.
ITA1,US Lecce,1005,Alexandru Borbei,667640,SOURCE_FIELDS_CHANGED,"[""shirt_number""]","{""shirt_number"": ""-""}","{""shirt_number"": ""32""}",https://www.transfermarkt.de/us-lecce/kader/verein/1005/saison_id/2026/plus/1,78122fd569fd5c6be9df37c45eb933462fe1c2a0edeeb9b0575889235479781a,f70b73ab0beef18f4707e1b846172f928bd484c8e6abc3aab35570487739b4bc,REVIEW_REQUIRED,Source comparison only; absence is not departure evidence.
ITA1,US Lecce,1005,Niko Kovač,866607,SOURCE_FIELDS_CHANGED,"[""shirt_number""]","{""shirt_number"": ""-""}","{""shirt_number"": ""80""}",https://www.transfermarkt.de/us-lecce/kader/verein/1005/saison_id/2026/plus/1,78122fd569fd5c6be9df37c45eb933462fe1c2a0edeeb9b0575889235479781a,f70b73ab0beef18f4707e1b846172f928bd484c8e6abc3aab35570487739b4bc,REVIEW_REQUIRED,Source comparison only; absence is not departure evidence.
ITA1,FC Bologna,1025,Marco Libra,1311378,NEW_SOURCE_ROW,"[""player"", ""dob"", ""position"", ""shirt_number"", ""joined"", ""contract_until"", ""change_notes""]","{""player"": """", ""dob"": """", ""position"": """", ""shirt_number"": """", ""joined"": """", ""contract_until"": """", ""change_notes"": """"}","{""player"": ""Marco Libra"", ""dob"": ""2008-03-21"", ""position"": ""Zentrales Mittelfeld"", ""shirt_number"": ""18"", ""joined"": ""2026-09-01"", ""contract_until"": """", ""change_notes"": ""[\""Interner Wechsel: FC Bologna U20; Datum: 01.09.2026\""]""}",https://www.transfermarkt.de/fc-bologna/kader/verein/1025/saison_id/2026/plus/1,,0110cf99718c64dae936d9a4905057d288279fe8328651a47c3a519a8bb10c74,REVIEW_REQUIRED,Source comparison only; absence is not departure evidence.
ITA1,FC Bologna,1025,Jesper Karlsson,367992,ABSENT_FROM_NEW_SOURCE,"[""player"", ""dob"", ""position"", ""shirt_number"", ""joined"", ""contract_until"", ""change_notes""]","{""player"": ""Jesper Karlsson"", ""dob"": ""1998-07-25"", ""position"": ""Linksaußen"", ""shirt_number"": ""-"", ""joined"": ""2023-08-23"", ""contract_until"": ""2028-06-30"", ""change_notes"": ""[\""Rückkehr nach Leihe von: FC Utrecht; Datum: 30.06.2026; Ablöse: Leih-Ende\""]""}","{""player"": """", ""dob"": """", ""position"": """", ""shirt_number"": """", ""joined"": """", ""contract_until"": """", ""change_notes"": """"}",https://www.transfermarkt.de/fc-bologna/kader/verein/1025/saison_id/2026/plus/1,569cd89ed6495a573fa4bc81516c1e2747adbb413280d100875b1753fe95b6f3,,REVIEW_REQUIRED,Source comparison only; absence is not departure evidence.
ESP1,FC Valencia,1049,Diego López,617081,SOURCE_FIELDS_CHANGED,"[""shirt_number""]","{""shirt_number"": ""16""}","{""shirt_number"": ""-""}",https://www.transfermarkt.de/fc-valencia/kader/verein/1049/saison_id/2026/plus/1,7394c9fde9720a48f223877f9b4883b8ba75195a3c2a4e72da00b167152359bd,5de2e980893b594e24db008458062bfc00ba2b8df17a120bf432b038f984588c,REVIEW_REQUIRED,Source comparison only; absence is not departure evidence.
POR1,SC Braga,1075,Jonatás Noro,1061378,ABSENT_FROM_NEW_SOURCE,"[""player"", ""dob"", ""position"", ""shirt_number"", ""joined"", ""contract_until"", ""change_notes""]","{""player"": ""Jonatás Noro"", ""dob"": ""2005-07-09"", ""position"": ""Innenverteidiger"", ""shirt_number"": ""53"", ""joined"": ""2026-07-01"", ""contract_until"": ""2027-06-30"", ""change_notes"": ""[\""Interner Wechsel: SC Braga B; Datum: 01.07.2026\""]""}","{""player"": """", ""dob"": """", ""position"": """", ""shirt_number"": """", ""joined"": """", ""contract_until"": """", ""change_notes"": """"}",https://www.transfermarkt.de/sc-braga/kader/verein/1075/saison_id/2026/plus/1,156364df6ce57b4f7d7a1498602c8bbe4d6bac3e21a3c7245a5b41d7f564209d,,REVIEW_REQUIRED,Source comparison only; absence is not departure evidence.
POR1,SC Braga,1075,João Aragão,1075884,ABSENT_FROM_NEW_SOURCE,"[""player"", ""dob"", ""position"", ""shirt_number"", ""joined"", ""contract_until"", ""change_notes""]","{""player"": ""João Aragão"", ""dob"": ""2008-03-24"", ""position"": ""Rechtsaußen"", ""shirt_number"": ""72"", ""joined"": """", ""contract_until"": ""2027-06-30"", ""change_notes"": ""[]""}","{""player"": """", ""dob"": """", ""position"": """", ""shirt_number"": """", ""joined"": """", ""contract_until"": """", ""change_notes"": """"}",https://www.transfermarkt.de/sc-braga/kader/verein/1075/saison_id/2026/plus/1,156364df6ce57b4f7d7a1498602c8bbe4d6bac3e21a3c7245a5b41d7f564209d,,REVIEW_REQUIRED,Source comparison only; absence is not departure evidence.
POR1,SC Braga,1075,Ricardo Horta,261927,SOURCE_FIELDS_CHANGED,"[""position""]","{""position"": ""Linksaußen""}","{""position"": ""Offensives Mittelfeld""}",https://www.transfermarkt.de/sc-braga/kader/verein/1075/saison_id/2026/plus/1,156364df6ce57b4f7d7a1498602c8bbe4d6bac3e21a3c7245a5b41d7f564209d,a179610f71e6ea7b41b62a1d2448a6aa9ceac20ea3d9356ad08e919d3506e2a7,REVIEW_REQUIRED,Source comparison only; absence is not departure evidence.
POR1,SC Braga,1075,Sikou Niakaté,413118,SOURCE_FIELDS_CHANGED,"[""shirt_number"", ""contract_until""]","{""shirt_number"": ""-"", ""contract_until"": ""2028-06-30""}","{""shirt_number"": ""4"", ""contract_until"": ""2030-06-30""}",https://www.transfermarkt.de/sc-braga/kader/verein/1075/saison_id/2026/plus/1,156364df6ce57b4f7d7a1498602c8bbe4d6bac3e21a3c7245a5b41d7f564209d,a179610f71e6ea7b41b62a1d2448a6aa9ceac20ea3d9356ad08e919d3506e2a7,REVIEW_REQUIRED,Source comparison only; absence is not departure evidence.
POR1,SC Braga,1075,Víctor Gómez,495601,SOURCE_FIELDS_CHANGED,"[""contract_until""]","{""contract_until"": ""2028-06-30""}","{""contract_until"": ""2030-06-30""}",https://www.transfermarkt.de/sc-braga/kader/verein/1075/saison_id/2026/plus/1,156364df6ce57b4f7d7a1498602c8bbe4d6bac3e21a3c7245a5b41d7f564209d,a179610f71e6ea7b41b62a1d2448a6aa9ceac20ea3d9356ad08e919d3506e2a7,REVIEW_REQUIRED,Source comparison only; absence is not departure evidence.
POR1,SC Braga,1075,João Trovisco,959049,NEW_SOURCE_ROW,"[""player"", ""dob"", ""position"", ""shirt_number"", ""joined"", ""contract_until"", ""change_notes""]","{""player"": """", ""dob"": """", ""position"": """", ""shirt_number"": """", ""joined"": """", ""contract_until"": """", ""change_notes"": """"}","{""player"": ""João Trovisco"", ""dob"": ""2007-10-23"", ""position"": ""Offensives Mittelfeld"", ""shirt_number"": ""87"", ""joined"": """", ""contract_until"": ""2029-06-30"", ""change_notes"": ""[]""}",https://www.transfermarkt.de/sc-braga/kader/verein/1075/saison_id/2026/plus/1,,a179610f71e6ea7b41b62a1d2448a6aa9ceac20ea3d9356ad08e919d3506e2a7,REVIEW_REQUIRED,Source comparison only; absence is not departure evidence.
FRA1,LOSC Lille,1082,Maxima Goffi,1306455,NEW_SOURCE_ROW,"[""player"", ""dob"", ""position"", ""shirt_number"", ""joined"", ""contract_until"", ""change_notes""]","{""player"": """", ""dob"": """", ""position"": """", ""shirt_number"": """", ""joined"": """", ""contract_until"": """", ""change_notes"": """"}","{""player"": ""Maxima Goffi"", ""dob"": ""2008-01-23"", ""position"": ""Innenverteidiger"", ""shirt_number"": ""38"", ""joined"": ""2026-07-01"", ""contract_until"": ""2028-06-30"", ""change_notes"": ""[\""Interner Wechsel: LOSC Lille B; Datum: 01.07.2026\""]""}",https://www.transfermarkt.de/losc-lille/kader/verein/1082/saison_id/2026/plus/1,,c457b219cdc4b0b325e1ffc106944f12575f34ba418b01fe14ef82f00cc6a90d,REVIEW_REQUIRED,Source comparison only; absence is not departure evidence.
NED1,AZ Alkmaar,1090,Hessel de Wit,1024701,SOURCE_FIELDS_CHANGED,"[""position""]","{""position"": ""Zentrales Mittelfeld""}","{""position"": ""Offensives Mittelfeld""}",https://www.transfermarkt.de/az-alkmaar/kader/verein/1090/saison_id/2026/plus/1,a920a838130f4ac1880e1835716a5b027bd8fc2f65f43ea0c84a400d5ea8af89,531b9d310986cca2d1532dd964ed898fe77b83822fbfe9489507e4f0bf4aefc5,REVIEW_REQUIRED,Source comparison only; absence is not departure evidence.
FRA1,ESTAC Troyes,1095,Noah Donkor,1119840,NEW_SOURCE_ROW,"[""player"", ""dob"", ""position"", ""shirt_number"", ""joined"", ""contract_until"", ""change_notes""]","{""player"": """", ""dob"": """", ""position"": """", ""shirt_number"": """", ""joined"": """", ""contract_until"": """", ""change_notes"": """"}","{""player"": ""Noah Donkor"", ""dob"": ""2006-11-25"", ""position"": ""Rechter Verteidiger"", ""shirt_number"": ""31"", ""joined"": ""2026-07-01"", ""contract_until"": ""2029-06-30"", ""change_notes"": ""[\""Interner Wechsel: ESTAC Troyes B; Datum: 01.07.2026\""]""}",https://www.transfermarkt.de/estac-troyes/kader/verein/1095/saison_id/2026/plus/1,,3de2a4a4e2246fa33a1e94b81459db264308feb0d186d61173bb4ee72e627faa,REVIEW_REQUIRED,Source comparison only; absence is not departure evidence.
FRA1,ESTAC Troyes,1095,Christ Batola,1337539,NEW_SOURCE_ROW,"[""player"", ""dob"", ""position"", ""shirt_number"", ""joined"", ""contract_until"", ""change_notes""]","{""player"": """", ""dob"": """", ""position"": """", ""shirt_number"": """", ""joined"": """", ""contract_until"": """", ""change_notes"": """"}","{""player"": ""Christ Batola"", ""dob"": ""2009-06-03"", ""position"": ""Mittelstürmer"", ""shirt_number"": ""37"", ""joined"": ""2026-07-01"", ""contract_until"": ""2029-06-30"", ""change_notes"": ""[\""Interner Wechsel: ESTAC Troyes B; Datum: 01.07.2026\""]""}",https://www.transfermarkt.de/estac-troyes/kader/verein/1095/saison_id/2026/plus/1,,3de2a4a4e2246fa33a1e94b81459db264308feb0d186d61173bb4ee72e627faa,REVIEW_REQUIRED,Source comparison only; absence is not departure evidence.
FRA1,ESTAC Troyes,1095,Idrissa Soukouna,1364925,NEW_SOURCE_ROW,"[""player"", ""dob"", ""position"", ""shirt_number"", ""joined"", ""contract_until"", ""change_notes""]","{""player"": """", ""dob"": """", ""position"": """", ""shirt_number"": """", ""joined"": """", ""contract_until"": """", ""change_notes"": """"}","{""player"": ""Idrissa Soukouna"", ""dob"": ""2008-08-10"", ""position"": ""Offensives Mittelfeld"", ""shirt_number"": ""36"", ""joined"": ""2026-08-10"", ""contract_until"": ""2029-06-30"", ""change_notes"": ""[\""Interner Wechsel: ESTAC Troyes U19; Datum: 10.08.2026\""]""}",https://www.transfermarkt.de/estac-troyes/kader/verein/1095/saison_id/2026/plus/1,,3de2a4a4e2246fa33a1e94b81459db264308feb0d186d61173bb4ee72e627faa,REVIEW_REQUIRED,Source comparison only; absence is not departure evidence.
FRA1,ESTAC Troyes,1095,Yacouba Koné,1523861,NEW_SOURCE_ROW,"[""player"", ""dob"", ""position"", ""shirt_number"", ""joined"", ""contract_until"", ""change_notes""]","{""player"": """", ""dob"": """", ""position"": """", ""shirt_number"": """", ""joined"": """", ""contract_until"": """", ""change_notes"": """"}","{""player"": ""Yacouba Koné"", ""dob"": ""2007-06-21"", ""position"": ""Mittelstürmer"", ""shirt_number"": ""39"", ""joined"": ""2026-08-10"", ""contract_until"": ""2029-06-30"", ""change_notes"": ""[\""Interner Wechsel: ESTAC Troyes U19; Datum: 10.08.2026\""]""}",https://www.transfermarkt.de/estac-troyes/kader/verein/1095/saison_id/2026/plus/1,,3de2a4a4e2246fa33a1e94b81459db264308feb0d186d61173bb4ee72e627faa,REVIEW_REQUIRED,Source comparison only; absence is not departure evidence.
FRA1,ESTAC Troyes,1095,Tom Akpakoun,900037,ABSENT_FROM_NEW_SOURCE,"[""player"", ""dob"", ""position"", ""shirt_number"", ""joined"", ""contract_until"", ""change_notes""]","{""player"": ""Tom Akpakoun"", ""dob"": ""2005-04-22"", ""position"": ""Innenverteidiger"", ""shirt_number"": ""37"", ""joined"": ""2025-07-01"", ""contract_until"": """", ""change_notes"": ""[]""}","{""player"": """", ""dob"": """", ""position"": """", ""shirt_number"": """", ""joined"": """", ""contract_until"": """", ""change_notes"": """"}",https://www.transfermarkt.de/estac-troyes/kader/verein/1095/saison_id/2026/plus/1,07675e8b6d8d3abed9e81f7a02537525346a7eb5fcbd42af3e8dfcdce596e3e1,,REVIEW_REQUIRED,Source comparison only; absence is not departure evidence.
BEL1,Royal Antwerpen FC,1096,Aaron Ibrahim,1135426,NEW_SOURCE_ROW,"[""player"", ""dob"", ""position"", ""shirt_number"", ""joined"", ""contract_until"", ""change_notes""]","{""player"": """", ""dob"": """", ""position"": """", ""shirt_number"": """", ""joined"": """", ""contract_until"": """", ""change_notes"": """"}","{""player"": ""Aaron Ibrahim"", ""dob"": ""2008-08-02"", ""position"": ""Linker Verteidiger"", ""shirt_number"": ""46"", ""joined"": ""2026-07-01"", ""contract_until"": """", ""change_notes"": ""[\""Interner Wechsel: Royal Antwerpen FC U18; Datum: 01.07.2026\""]""}",https://www.transfermarkt.de/royal-antwerpen-fc/kader/verein/1096/saison_id/2026/plus/1,,eb2b5eea86d19deaf123189c966bf44bae4a2d94614134be4d229233c58d37aa,REVIEW_REQUIRED,Source comparison only; absence is not departure evidence.
BEL1,Royal Antwerpen FC,1096,Bahmed Deuff,1176215,SOURCE_FIELDS_CHANGED,"[""shirt_number""]","{""shirt_number"": ""-""}","{""shirt_number"": ""6""}",https://www.transfermarkt.de/royal-antwerpen-fc/kader/verein/1096/saison_id/2026/plus/1,218e5e6149e247c14da903219ef1594990239cfda16202d834b04d27fc7909eb,eb2b5eea86d19deaf123189c966bf44bae4a2d94614134be4d229233c58d37aa,REVIEW_REQUIRED,Source comparison only; absence is not departure evidence.
BEL1,Royal Antwerpen FC,1096,Lowie Piselé,1191562,NEW_SOURCE_ROW,"[""player"", ""dob"", ""position"", ""shirt_number"", ""joined"", ""contract_until"", ""change_notes""]","{""player"": """", ""dob"": """", ""position"": """", ""shirt_number"": """", ""joined"": """", ""contract_until"": """", ""change_notes"": """"}","{""player"": ""Lowie Piselé"", ""dob"": ""2009-09-17"", ""position"": ""Torwart"", ""shirt_number"": ""61"", ""joined"": ""2026-07-01"", ""contract_until"": ""2027-06-30"", ""change_notes"": ""[\""Interner Wechsel: Young Reds; Datum: 01.07.2026\""]""}",https://www.transfermarkt.de/royal-antwerpen-fc/kader/verein/1096/saison_id/2026/plus/1,,eb2b5eea86d19deaf123189c966bf44bae4a2d94614134be4d229233c58d37aa,REVIEW_REQUIRED,Source comparison only; absence is not departure evidence.
FRA1,FC Le Mans,1164,João Almeida,1092429,SOURCE_FIELDS_CHANGED,"[""shirt_number""]","{""shirt_number"": ""-""}","{""shirt_number"": ""12""}",https://www.transfermarkt.de/fc-le-mans/kader/verein/1164/saison_id/2026/plus/1,bb73ebb093196f49d651d5d07113d643f793b6673c4ae6e75aa4b52df0281e2a,3a1590b4702d0adc2e4906566f51e78d043b0e625e92b825b4e3d1a572fd483c,REVIEW_REQUIRED,Source comparison only; absence is not departure evidence.
BEL1,KRC Genk,1184,Emmanuel Sarfo,1318195,NEW_SOURCE_ROW,"[""player"", ""dob"", ""position"", ""shirt_number"", ""joined"", ""contract_until"", ""change_notes""]","{""player"": """", ""dob"": """", ""position"": """", ""shirt_number"": """", ""joined"": """", ""contract_until"": """", ""change_notes"": """"}","{""player"": ""Emmanuel Sarfo"", ""dob"": ""2007-07-12"", ""position"": ""Rechter Verteidiger"", ""shirt_number"": ""84"", ""joined"": ""2026-07-01"", ""contract_until"": ""2027-06-30"", ""change_notes"": ""[\""Interner Wechsel: Jong Genk; Datum: 01.07.2026\""]""}",https://www.transfermarkt.de/krc-genk/kader/verein/1184/saison_id/2026/plus/1,,85979abe0c47d79971cc0cee642e1248d1cad9da00ea0a7a7add7591bfc915c0,REVIEW_REQUIRED,Source comparison only; absence is not departure evidence.
BEL1,KRC Genk,1184,Hendrik Van Crombrugge,137326,SOURCE_FIELDS_CHANGED,"[""shirt_number""]","{""shirt_number"": ""1""}","{""shirt_number"": ""-""}",https://www.transfermarkt.de/krc-genk/kader/verein/1184/saison_id/2026/plus/1,d609cf280b02ef5f5c28d4aa048b4382afa8165f5c1f20b61bbc303298180d06,85979abe0c47d79971cc0cee642e1248d1cad9da00ea0a7a7add7591bfc915c0,REVIEW_REQUIRED,Source comparison only; absence is not departure evidence.
TUR1,Caykur Rizespor,126,Can Bozdogan,406609,SOURCE_FIELDS_CHANGED,"[""shirt_number""]","{""shirt_number"": ""-""}","{""shirt_number"": ""70""}",https://www.transfermarkt.de/caykur-rizespor/kader/verein/126/saison_id/2026/plus/1,df02f1018547ec5c059bd3803326467dea1f3f406bdacd963ccb4394c9214aab,61fa6e9a84b4e36b36da70c3e8971eaf7870792667b136d236163fc072296fda,REVIEW_REQUIRED,Source comparison only; absence is not departure evidence.
TUR1,Caykur Rizespor,126,Gennaro Borrelli,459988,SOURCE_FIELDS_CHANGED,"[""shirt_number""]","{""shirt_number"": ""-""}","{""shirt_number"": ""29""}",https://www.transfermarkt.de/caykur-rizespor/kader/verein/126/saison_id/2026/plus/1,df02f1018547ec5c059bd3803326467dea1f3f406bdacd963ccb4394c9214aab,61fa6e9a84b4e36b36da70c3e8971eaf7870792667b136d236163fc072296fda,REVIEW_REQUIRED,Source comparison only; absence is not departure evidence.
POR1,CS Marítimo,1301,Pedro Teixeira,698454,ABSENT_FROM_NEW_SOURCE,"[""player"", ""dob"", ""position"", ""shirt_number"", ""joined"", ""contract_until"", ""change_notes""]","{""player"": ""Pedro Teixeira"", ""dob"": ""2001-11-20"", ""position"": ""Torwart"", ""shirt_number"": ""22"", ""joined"": ""2025-07-01"", ""contract_until"": ""2027-06-30"", ""change_notes"": ""[\""Rückkehr nach Leihe von: UD Santarém; Datum: 30.06.2026; Ablöse: Leih-Ende\""]""}","{""player"": """", ""dob"": """", ""position"": """", ""shirt_number"": """", ""joined"": """", ""contract_until"": """", ""change_notes"": """"}",https://www.transfermarkt.de/cs-maritimo/kader/verein/1301/saison_id/2026/plus/1,412361df6a481c5790f569eff14a805d80169cf6e9ce5cef651ee18146e70a7c,,REVIEW_REQUIRED,Source comparison only; absence is not departure evidence.
ESP1,FC Barcelona,131,Hamza Abdelkarim,1259085,SOURCE_FIELDS_CHANGED,"[""contract_until""]","{""contract_until"": ""2029-06-30""}","{""contract_until"": ""2030-06-30""}",https://www.transfermarkt.de/fc-barcelona/kader/verein/131/saison_id/2026/plus/1,4ad182d03bdd85bf9f9c4b168bc809496518f165fb8f1078d5c65a6e08f0b59b,48995ede060e2f10268fd330cd92886372ac077da45713b1cc6976bb8188de77,REVIEW_REQUIRED,Source comparison only; absence is not departure evidence.
ITA1,Cagliari Calcio,1390,Yukinari Sugawara,405385,SOURCE_FIELDS_CHANGED,"[""shirt_number""]","{""shirt_number"": ""-""}","{""shirt_number"": ""28""}",https://www.transfermarkt.de/cagliari-calcio/kader/verein/1390/saison_id/2026/plus/1,572323eb9549b5520695b355ceb51af41461617a0d4a379ef99bd96a4951d162,4d01f720bf6b2fb484bfc759a9f95eef9ef2c8d8f167551e1c287b989aa09415,REVIEW_REQUIRED,Source comparison only; absence is not departure evidence.
TUR1,Galatasaray,141,Berat Luş,1076981,SOURCE_FIELDS_CHANGED,"[""shirt_number""]","{""shirt_number"": ""76""}","{""shirt_number"": ""73""}",https://www.transfermarkt.de/galatasaray/kader/verein/141/saison_id/2026/plus/1,ff9216a47b1ad5ea5d317343be02bc361d48a86845ac91d72d1788160adec282,66f1195fdd6d32bc947bb726ca4925adf5e39b928cebbb291569108f880a8f16,REVIEW_REQUIRED,Source comparison only; absence is not departure evidence.
NED1,SC Telstar,1434,Nökkvi Thórisson,381349,SOURCE_FIELDS_CHANGED,"[""shirt_number""]","{""shirt_number"": ""-""}","{""shirt_number"": ""11""}",https://www.transfermarkt.de/sc-telstar/kader/verein/1434/saison_id/2026/plus/1,6f4e3c881270a33edafbae79b2342852b051fb4e4524b78f516197c6953d97f6,ae77e5dfbed0657e8ac7db9c5bfa54cdae9a9aa41389f9224cb5b1406e993f05,REVIEW_REQUIRED,Source comparison only; absence is not departure evidence.
NED1,SC Telstar,1434,Ar'jany Martha,572519,SOURCE_FIELDS_CHANGED,"[""shirt_number""]","{""shirt_number"": ""-""}","{""shirt_number"": ""42""}",https://www.transfermarkt.de/sc-telstar/kader/verein/1434/saison_id/2026/plus/1,6f4e3c881270a33edafbae79b2342852b051fb4e4524b78f516197c6953d97f6,ae77e5dfbed0657e8ac7db9c5bfa54cdae9a9aa41389f9224cb5b1406e993f05,REVIEW_REQUIRED,Source comparison only; absence is not departure evidence.
NED1,Go Ahead Eagles Deventer,1435,Terence Lantveld,1106645,NEW_SOURCE_ROW,"[""player"", ""dob"", ""position"", ""shirt_number"", ""joined"", ""contract_until"", ""change_notes""]","{""player"": """", ""dob"": """", ""position"": """", ""shirt_number"": """", ""joined"": """", ""contract_until"": """", ""change_notes"": """"}","{""player"": ""Terence Lantveld"", ""dob"": ""2006-12-29"", ""position"": ""Linker Verteidiger"", ""shirt_number"": ""35"", ""joined"": ""2026-07-01"", ""contract_until"": ""2028-06-30"", ""change_notes"": ""[\""Interner Wechsel: Go Ahead Eagles Deventer U21; Datum: 01.07.2026\""]""}",https://www.transfermarkt.de/go-ahead-eagles-deventer/kader/verein/1435/saison_id/2026/plus/1,,9dde8a1e8b910be129c1938f1ab5cb614c94aaafe9ae1f3969e144108e3149a1,REVIEW_REQUIRED,Source comparison only; absence is not departure evidence.
NED1,Go Ahead Eagles Deventer,1435,Dani Tijman,1309041,NEW_SOURCE_ROW,"[""player"", ""dob"", ""position"", ""shirt_number"", ""joined"", ""contract_until"", ""change_notes""]","{""player"": """", ""dob"": """", ""position"": """", ""shirt_number"": """", ""joined"": """", ""contract_until"": """", ""change_notes"": """"}","{""player"": ""Dani Tijman"", ""dob"": ""2006-06-13"", ""position"": ""Innenverteidiger"", ""shirt_number"": ""31"", ""joined"": ""2026-07-01"", ""contract_until"": ""2028-06-30"", ""change_notes"": ""[\""Interner Wechsel: Go Ahead Eagles Deventer U21; Datum: 01.07.2026\""]""}",https://www.transfermarkt.de/go-ahead-eagles-deventer/kader/verein/1435/saison_id/2026/plus/1,,9dde8a1e8b910be129c1938f1ab5cb614c94aaafe9ae1f3969e144108e3149a1,REVIEW_REQUIRED,Source comparison only; absence is not departure evidence.
NED1,Go Ahead Eagles Deventer,1435,Thomas Hulleman,1313181,NEW_SOURCE_ROW,"[""player"", ""dob"", ""position"", ""shirt_number"", ""joined"", ""contract_until"", ""change_notes""]","{""player"": """", ""dob"": """", ""position"": """", ""shirt_number"": """", ""joined"": """", ""contract_until"": """", ""change_notes"": """"}","{""player"": ""Thomas Hulleman"", ""dob"": ""2009-12-25"", ""position"": ""Torwart"", ""shirt_number"": ""30"", ""joined"": ""2026-07-01"", ""contract_until"": ""2029-06-30"", ""change_notes"": ""[\""Interner Wechsel: Go Ahead Eagles Deventer U17; Datum: 01.07.2026\""]""}",https://www.transfermarkt.de/go-ahead-eagles-deventer/kader/verein/1435/saison_id/2026/plus/1,,9dde8a1e8b910be129c1938f1ab5cb614c94aaafe9ae1f3969e144108e3149a1,REVIEW_REQUIRED,Source comparison only; absence is not departure evidence.
POR1,GD Estoril Praia,1465,Gonçalo Costa,383014,ABSENT_FROM_NEW_SOURCE,"[""player"", ""dob"", ""position"", ""shirt_number"", ""joined"", ""contract_until"", ""change_notes""]","{""player"": ""Gonçalo Costa"", ""dob"": ""2000-02-18"", ""position"": ""Linker Verteidiger"", ""shirt_number"": ""18"", ""joined"": ""2024-07-31"", ""contract_until"": ""2028-06-30"", ""change_notes"": ""[]""}","{""player"": """", ""dob"": """", ""position"": """", ""shirt_number"": """", ""joined"": """", ""contract_until"": """", ""change_notes"": """"}",https://www.transfermarkt.de/gd-estoril-praia/kader/verein/1465/saison_id/2026/plus/1,a6c0e1aa55dfd8f24789ccb8411715a61d2d5f84e965ad85a2cf07d0d424f74a,,REVIEW_REQUIRED,Source comparison only; absence is not departure evidence.
POR1,GD Estoril Praia,1465,Xavi Sintes,569876,SOURCE_FIELDS_CHANGED,"[""shirt_number""]","{""shirt_number"": ""-""}","{""shirt_number"": ""6""}",https://www.transfermarkt.de/gd-estoril-praia/kader/verein/1465/saison_id/2026/plus/1,a6c0e1aa55dfd8f24789ccb8411715a61d2d5f84e965ad85a2cf07d0d424f74a,1f4451857a09faf4bc5a12d1790c126a29e1c7346930e118c1c73d3f15c8f2d8,REVIEW_REQUIRED,Source comparison only; absence is not departure evidence.
POR1,GD Estoril Praia,1465,Roko Jurisic,570721,SOURCE_FIELDS_CHANGED,"[""shirt_number""]","{""shirt_number"": ""-""}","{""shirt_number"": ""21""}",https://www.transfermarkt.de/gd-estoril-praia/kader/verein/1465/saison_id/2026/plus/1,a6c0e1aa55dfd8f24789ccb8411715a61d2d5f84e965ad85a2cf07d0d424f74a,1f4451857a09faf4bc5a12d1790c126a29e1c7346930e118c1c73d3f15c8f2d8,REVIEW_REQUIRED,Source comparison only; absence is not departure evidence.
POR1,GD Estoril Praia,1465,Stelios Andreou,613964,SOURCE_FIELDS_CHANGED,"[""shirt_number""]","{""shirt_number"": ""-""}","{""shirt_number"": ""25""}",https://www.transfermarkt.de/gd-estoril-praia/kader/verein/1465/saison_id/2026/plus/1,a6c0e1aa55dfd8f24789ccb8411715a61d2d5f84e965ad85a2cf07d0d424f74a,1f4451857a09faf4bc5a12d1790c126a29e1c7346930e118c1c73d3f15c8f2d8,REVIEW_REQUIRED,Source comparison only; absence is not departure evidence.
POR1,GD Estoril Praia,1465,Israel Salazar,634430,SOURCE_FIELDS_CHANGED,"[""shirt_number""]","{""shirt_number"": ""-""}","{""shirt_number"": ""38""}",https://www.transfermarkt.de/gd-estoril-praia/kader/verein/1465/saison_id/2026/plus/1,a6c0e1aa55dfd8f24789ccb8411715a61d2d5f84e965ad85a2cf07d0d424f74a,1f4451857a09faf4bc5a12d1790c126a29e1c7346930e118c1c73d3f15c8f2d8,REVIEW_REQUIRED,Source comparison only; absence is not departure evidence.
POR1,GD Estoril Praia,1465,Khayon Edwards,741650,ABSENT_FROM_NEW_SOURCE,"[""player"", ""dob"", ""position"", ""shirt_number"", ""joined"", ""contract_until"", ""change_notes""]","{""player"": ""Khayon Edwards"", ""dob"": ""2003-09-12"", ""position"": ""Mittelstürmer"", ""shirt_number"": ""11"", ""joined"": ""2025-07-04"", ""contract_until"": ""2028-06-30"", ""change_notes"": ""[]""}","{""player"": """", ""dob"": """", ""position"": """", ""shirt_number"": """", ""joined"": """", ""contract_until"": """", ""change_notes"": """"}",https://www.transfermarkt.de/gd-estoril-praia/kader/verein/1465/saison_id/2026/plus/1,a6c0e1aa55dfd8f24789ccb8411715a61d2d5f84e965ad85a2cf07d0d424f74a,,REVIEW_REQUIRED,Source comparison only; absence is not departure evidence.
POR1,GD Estoril Praia,1465,Nail Omerovic,797824,SOURCE_FIELDS_CHANGED,"[""shirt_number""]","{""shirt_number"": ""-""}","{""shirt_number"": ""11""}",https://www.transfermarkt.de/gd-estoril-praia/kader/verein/1465/saison_id/2026/plus/1,a6c0e1aa55dfd8f24789ccb8411715a61d2d5f84e965ad85a2cf07d0d424f74a,1f4451857a09faf4bc5a12d1790c126a29e1c7346930e118c1c73d3f15c8f2d8,REVIEW_REQUIRED,Source comparison only; absence is not departure evidence.
POR1,GD Estoril Praia,1465,Diogo Dias,906307,SOURCE_FIELDS_CHANGED,"[""shirt_number""]","{""shirt_number"": ""31""}","{""shirt_number"": ""23""}",https://www.transfermarkt.de/gd-estoril-praia/kader/verein/1465/saison_id/2026/plus/1,a6c0e1aa55dfd8f24789ccb8411715a61d2d5f84e965ad85a2cf07d0d424f74a,1f4451857a09faf4bc5a12d1790c126a29e1c7346930e118c1c73d3f15c8f2d8,REVIEW_REQUIRED,Source comparison only; absence is not departure evidence.
POR1,GD Estoril Praia,1465,Axel Camblan,924800,SOURCE_FIELDS_CHANGED,"[""shirt_number""]","{""shirt_number"": ""-""}","{""shirt_number"": ""9""}",https://www.transfermarkt.de/gd-estoril-praia/kader/verein/1465/saison_id/2026/plus/1,a6c0e1aa55dfd8f24789ccb8411715a61d2d5f84e965ad85a2cf07d0d424f74a,1f4451857a09faf4bc5a12d1790c126a29e1c7346930e118c1c73d3f15c8f2d8,REVIEW_REQUIRED,Source comparison only; absence is not departure evidence.
TUR1,Göztepe,1467,Tino Anjorin,433181,SOURCE_FIELDS_CHANGED,"[""shirt_number""]","{""shirt_number"": ""-""}","{""shirt_number"": ""18""}",https://www.transfermarkt.de/goztepe/kader/verein/1467/saison_id/2026/plus/1,144d9a8fd8d94ebc41ceb76b4c432175533b90ac56fd09263acdcadea6f9a432,7e750ea20c17f8114b86f2de82ca9a2830fe95988c05d73fe5e72a2f70c29e0f,REVIEW_REQUIRED,Source comparison only; absence is not departure evidence.
TUR1,Göztepe,1467,Bekir Turaç Böke,500972,SOURCE_FIELDS_CHANGED,"[""change_notes""]","{""change_notes"": ""[\""Neuzugang von: Sivasspor; Datum: 18.08.2026; Ablöse: ablösefrei\""]""}","{""change_notes"": ""[\""Neuzugang von: Sivasspor; Datum: 18.08.2026; Ablöse: draft\""]""}",https://www.transfermarkt.de/goztepe/kader/verein/1467/saison_id/2026/plus/1,144d9a8fd8d94ebc41ceb76b4c432175533b90ac56fd09263acdcadea6f9a432,7e750ea20c17f8114b86f2de82ca9a2830fe95988c05d73fe5e72a2f70c29e0f,REVIEW_REQUIRED,Source comparison only; absence is not departure evidence.
CZE1,FK Pardubice,1496,Denis Halinsky,816875,SOURCE_FIELDS_CHANGED,"[""shirt_number""]","{""shirt_number"": ""-""}","{""shirt_number"": ""33""}",https://www.transfermarkt.de/fk-pardubice/kader/verein/1496/saison_id/2026/plus/1,8a0b4cbd5ff85db36ef2355cefc64caf348bece2ffcd0cc33826d7f6835b7ff7,ff994ed3554101d4e2a5377d206e013ac142ca4f73f68a0c406e2cc0d305e0ef,REVIEW_REQUIRED,Source comparison only; absence is not departure evidence.
ESP1,Real Betis Sevilla,150,Iker Losada,632741,SOURCE_FIELDS_CHANGED,"[""position""]","{""position"": ""Hängende Spitze""}","{""position"": ""Offensives Mittelfeld""}",https://www.transfermarkt.de/real-betis-sevilla/kader/verein/150/saison_id/2026/plus/1,1c27ff3e436800e816755dc524e10e93ae746a1032c7739d96881c8b77f02117,2aaeb64f077be646ab6ba33019bafa8f7b5b68e0e5fcd67c1dde6bed8f42133c,REVIEW_REQUIRED,Source comparison only; absence is not departure evidence.
TUR1,Samsunspor,152,Mustafa Tan,1161013,SOURCE_FIELDS_CHANGED,"[""shirt_number""]","{""shirt_number"": ""72""}","{""shirt_number"": ""29""}",https://www.transfermarkt.de/samsunspor/kader/verein/152/saison_id/2026/plus/1,761c0cae61ed798a07bc9ec340bf4e5a27ac8a1c5c4e44066f8e65525783ad35,4e99640342d6c03de82a839147f9c53a0cc4bc14523c727d2894fc2df5432171,REVIEW_REQUIRED,Source comparison only; absence is not departure evidence.
TUR1,Samsunspor,152,Fatih Kaya,368825,SOURCE_FIELDS_CHANGED,"[""change_notes""]","{""change_notes"": ""[\""Neuzugang von: SV Wehen Wiesbaden; Datum: 01.07.2026; Ablöse: ?\""]""}","{""change_notes"": ""[\""Neuzugang von: SV Wehen Wiesbaden; Datum: 01.07.2026; Ablöse: 350 Tsd. €\""]""}",https://www.transfermarkt.de/samsunspor/kader/verein/152/saison_id/2026/plus/1,761c0cae61ed798a07bc9ec340bf4e5a27ac8a1c5c4e44066f8e65525783ad35,4e99640342d6c03de82a839147f9c53a0cc4bc14523c727d2894fc2df5432171,REVIEW_REQUIRED,Source comparison only; absence is not departure evidence.
TUR1,Samsunspor,152,Mohamed Bayo,594991,SOURCE_FIELDS_CHANGED,"[""shirt_number""]","{""shirt_number"": ""-""}","{""shirt_number"": ""18""}",https://www.transfermarkt.de/samsunspor/kader/verein/152/saison_id/2026/plus/1,761c0cae61ed798a07bc9ec340bf4e5a27ac8a1c5c4e44066f8e65525783ad35,4e99640342d6c03de82a839147f9c53a0cc4bc14523c727d2894fc2df5432171,REVIEW_REQUIRED,Source comparison only; absence is not departure evidence.
BEL1,KAA Gent,157,Abdoul Ayinde,1160184,NEW_SOURCE_ROW,"[""player"", ""dob"", ""position"", ""shirt_number"", ""joined"", ""contract_until"", ""change_notes""]","{""player"": """", ""dob"": """", ""position"": """", ""shirt_number"": """", ""joined"": """", ""contract_until"": """", ""change_notes"": """"}","{""player"": ""Abdoul Ayinde"", ""dob"": ""2005-07-17"", ""position"": ""Linker Verteidiger"", ""shirt_number"": ""39"", ""joined"": ""2026-01-01"", ""contract_until"": ""2027-06-30"", ""change_notes"": ""[]""}",https://www.transfermarkt.de/kaa-gent/kader/verein/157/saison_id/2026/plus/1,,a5b71d08783f71f42f77878fb8e7c874a9219213a9eb349e06a527ae5323fbd1,REVIEW_REQUIRED,Source comparison only; absence is not departure evidence.
FRA1,AS Monaco,162,Jules Stawiecki,1075582,NEW_SOURCE_ROW,"[""player"", ""dob"", ""position"", ""shirt_number"", ""joined"", ""contract_until"", ""change_notes""]","{""player"": """", ""dob"": """", ""position"": """", ""shirt_number"": """", ""joined"": """", ""contract_until"": """", ""change_notes"": """"}","{""player"": ""Jules Stawiecki"", ""dob"": ""2007-04-10"", ""position"": ""Torwart"", ""shirt_number"": ""40"", ""joined"": ""2026-07-01"", ""contract_until"": ""2029-06-30"", ""change_notes"": ""[\""Interner Wechsel: AS Monaco U21; Datum: 01.07.2026\""]""}",https://www.transfermarkt.de/as-monaco/kader/verein/162/saison_id/2026/plus/1,,817e580f3e85d6c1f9a5e667dc7e20a43281747a6e7686ccc15a288667f05712,REVIEW_REQUIRED,Source comparison only; absence is not departure evidence.
BEL1,Royal Charleroi SC,172,Rafaël Teugels,1084207,NEW_SOURCE_ROW,"[""player"", ""dob"", ""position"", ""shirt_number"", ""joined"", ""contract_until"", ""change_notes""]","{""player"": """", ""dob"": """", ""position"": """", ""shirt_number"": """", ""joined"": """", ""contract_until"": """", ""change_notes"": """"}","{""player"": ""Rafaël Teugels"", ""dob"": ""2006-06-07"", ""position"": ""Linker Verteidiger"", ""shirt_number"": ""65"", ""joined"": ""2026-07-01"", ""contract_until"": """", ""change_notes"": ""[\""Interner Wechsel: Zébra Élites; Datum: 01.07.2026\""]""}",https://www.transfermarkt.de/royal-charleroi-sc/kader/verein/172/saison_id/2026/plus/1,,be345af7e14ab40246420c64e873b34283e56e8aafa6f5b344acf44cf11dfec1,REVIEW_REQUIRED,Source comparison only; absence is not departure evidence.
CZE1,FC Hradec Kralove,1897,Abdullahi Umar,1405829,SOURCE_FIELDS_CHANGED,"[""contract_until""]","{""contract_until"": """"}","{""contract_until"": ""2031-06-30""}",https://www.transfermarkt.de/fc-hradec-kralove/kader/verein/1897/saison_id/2026/plus/1,b952f7b6b5419754d889adfb82813c79c84cfc0fba0089ef991a4f82692344f3,9f165382686e89ef721bef5137a1368d6a21993eeb3b6a2f26d9e63870638938,REVIEW_REQUIRED,Source comparison only; absence is not departure evidence.
CZE1,FC Hradec Kralove,1897,German Barkovskiy,755211,ABSENT_FROM_NEW_SOURCE,"[""player"", ""dob"", ""position"", ""shirt_number"", ""joined"", ""contract_until"", ""change_notes""]","{""player"": ""German Barkovskiy"", ""dob"": ""2002-06-25"", ""position"": ""Mittelstürmer"", ""shirt_number"": ""63"", ""joined"": ""2026-08-19"", ""contract_until"": ""2028-06-30"", ""change_notes"": ""[\""Neuzugang von: Puszcza Niepolomice; Datum: 19.08.2026; Ablöse: 400 Tsd. €\""]""}","{""player"": """", ""dob"": """", ""position"": """", ""shirt_number"": """", ""joined"": """", ""contract_until"": """", ""change_notes"": """"}",https://www.transfermarkt.de/fc-hradec-kralove/kader/verein/1897/saison_id/2026/plus/1,b952f7b6b5419754d889adfb82813c79c84cfc0fba0089ef991a4f82692344f3,,REVIEW_REQUIRED,Source comparison only; absence is not departure evidence.
NED1,FC Utrecht,200,Jamie Schuldes,1081906,ABSENT_FROM_NEW_SOURCE,"[""player"", ""dob"", ""position"", ""shirt_number"", ""joined"", ""contract_until"", ""change_notes""]","{""player"": ""Jamie Schuldes"", ""dob"": ""2007-01-26"", ""position"": ""Innenverteidiger"", ""shirt_number"": ""24"", ""joined"": ""2026-07-01"", ""contract_until"": ""2030-06-30"", ""change_notes"": ""[\""Neuzugang von: RB Leipzig U19; Datum: 01.07.2026; Ablöse: ablösefrei\""]""}","{""player"": """", ""dob"": """", ""position"": """", ""shirt_number"": """", ""joined"": """", ""contract_until"": """", ""change_notes"": """"}",https://www.transfermarkt.de/fc-utrecht/kader/verein/200/saison_id/2026/plus/1,a0d7ca9b662f544c8228096e9bfb2e3ba347a4c8881728fd6e708db350bff87c,,REVIEW_REQUIRED,Source comparison only; absence is not departure evidence.
NED1,FC Utrecht,200,Sergio Padt,79573,NEW_SOURCE_ROW,"[""player"", ""dob"", ""position"", ""shirt_number"", ""joined"", ""contract_until"", ""change_notes""]","{""player"": """", ""dob"": """", ""position"": """", ""shirt_number"": """", ""joined"": """", ""contract_until"": """", ""change_notes"": """"}","{""player"": ""Sergio Padt"", ""dob"": ""1990-06-06"", ""position"": ""Torwart"", ""shirt_number"": ""22"", ""joined"": ""2026-09-11"", ""contract_until"": ""2028-06-30"", ""change_notes"": ""[\""Neuzugang von: Vereinslos; Datum: 11.09.2026; Ablöse: -\""]""}",https://www.transfermarkt.de/fc-utrecht/kader/verein/200/saison_id/2026/plus/1,,30172180fe0b90bafc4f2d8225a407eb91445c75b04c67bdb0bfe6d096d2e552,REVIEW_REQUIRED,Source comparison only; absence is not departure evidence.
NED1,FC Groningen,202,Jismerai Dillema,1024694,NEW_SOURCE_ROW,"[""player"", ""dob"", ""position"", ""shirt_number"", ""joined"", ""contract_until"", ""change_notes""]","{""player"": """", ""dob"": """", ""position"": """", ""shirt_number"": """", ""joined"": """", ""contract_until"": """", ""change_notes"": """"}","{""player"": ""Jismerai Dillema"", ""dob"": ""2007-02-14"", ""position"": ""Zentrales Mittelfeld"", ""shirt_number"": ""44"", ""joined"": """", ""contract_until"": ""2028-06-30"", ""change_notes"": ""[]""}",https://www.transfermarkt.de/fc-groningen/kader/verein/202/saison_id/2026/plus/1,,f0f5d8d6f23b2d3ed5dd60e9bd2366f7a483d8cdd5fc8a4003b210b61dd2451c,REVIEW_REQUIRED,Source comparison only; absence is not departure evidence.
NED1,FC Groningen,202,Jahelille Hall,1174487,NEW_SOURCE_ROW,"[""player"", ""dob"", ""position"", ""shirt_number"", ""joined"", ""contract_until"", ""change_notes""]","{""player"": """", ""dob"": """", ""position"": """", ""shirt_number"": """", ""joined"": """", ""contract_until"": """", ""change_notes"": """"}","{""player"": ""Jahelille Hall"", ""dob"": ""2007-11-25"", ""position"": ""Zentrales Mittelfeld"", ""shirt_number"": ""53"", ""joined"": """", ""contract_until"": """", ""change_notes"": ""[]""}",https://www.transfermarkt.de/fc-groningen/kader/verein/202/saison_id/2026/plus/1,,f0f5d8d6f23b2d3ed5dd60e9bd2366f7a483d8cdd5fc8a4003b210b61dd2451c,REVIEW_REQUIRED,Source comparison only; absence is not departure evidence.
TUR1,Konyaspor,2293,Diogo Gonçalves,258015,SOURCE_FIELDS_CHANGED,"[""position""]","{""position"": ""Linksaußen""}","{""position"": ""Offensives Mittelfeld""}",https://www.transfermarkt.de/konyaspor/kader/verein/2293/saison_id/2026/plus/1,048353395c4ef53f7842dc15baad9e6b50a3e87ee5b4c3f031cffc1e82396ef0,069dc7281d9365629f14ccbc97a6efb86e052d5f21328d42e8d7b49edfa417e6,REVIEW_REQUIRED,Source comparison only; absence is not departure evidence.
CZE1,SK Sigma Olmütz,2311,Léo Borges,681692,SOURCE_FIELDS_CHANGED,"[""shirt_number"", ""change_notes""]","{""shirt_number"": ""-"", ""change_notes"": ""[\""Neuzugang von: Pogon Stettin; Datum: 06.09.2026; Ablöse: 700 Tsd. €\""]""}","{""shirt_number"": ""4"", ""change_notes"": ""[\""Neuzugang von: Pogon Stettin; Datum: 06.09.2026; Ablöse: 1,70 Mio. €\""]""}",https://www.transfermarkt.de/sk-sigma-olmutz/kader/verein/2311/saison_id/2026/plus/1,86e8b2dc1de9bb441f402c9c611f2a70d5d6386eaf6857c2e160012487386a8a,c61d1f22a4e21ac99834db236d5c613fdf98db28632452029778a0c82954b875,REVIEW_REQUIRED,Source comparison only; absence is not departure evidence.
CZE1,SK Sigma Olmütz,2311,Igor Brzyski,707499,NEW_SOURCE_ROW,"[""player"", ""dob"", ""position"", ""shirt_number"", ""joined"", ""contract_until"", ""change_notes""]","{""player"": """", ""dob"": """", ""position"": """", ""shirt_number"": """", ""joined"": """", ""contract_until"": """", ""change_notes"": """"}","{""player"": ""Igor Brzyski"", ""dob"": ""2007-03-15"", ""position"": ""Defensives Mittelfeld"", ""shirt_number"": ""-"", ""joined"": ""2026-09-08"", ""contract_until"": """", ""change_notes"": ""[\""Neuzugang von: Pogon Stettin; Datum: 08.09.2026; Ablöse: ?\""]""}",https://www.transfermarkt.de/sk-sigma-olmutz/kader/verein/2311/saison_id/2026/plus/1,,c61d1f22a4e21ac99834db236d5c613fdf98db28632452029778a0c82954b875,REVIEW_REQUIRED,Source comparison only; absence is not departure evidence.
CZE1,SK Sigma Olmütz,2311,Jan Fiala,723528,ABSENT_FROM_NEW_SOURCE,"[""player"", ""dob"", ""position"", ""shirt_number"", ""joined"", ""contract_until"", ""change_notes""]","{""player"": ""Jan Fiala"", ""dob"": ""2001-05-04"", ""position"": ""Rechtes Mittelfeld"", ""shirt_number"": ""18"", ""joined"": ""2024-07-01"", ""contract_until"": ""2028-06-30"", ""change_notes"": ""[\""Rückkehr nach Leihe von: MFK Karvina; Datum: 30.06.2026; Ablöse: Leih-Ende\""]""}","{""player"": """", ""dob"": """", ""position"": """", ""shirt_number"": """", ""joined"": """", ""contract_until"": """", ""change_notes"": """"}",https://www.transfermarkt.de/sk-sigma-olmutz/kader/verein/2311/saison_id/2026/plus/1,86e8b2dc1de9bb441f402c9c611f2a70d5d6386eaf6857c2e160012487386a8a,,REVIEW_REQUIRED,Source comparison only; absence is not departure evidence.
CZE1,SK Sigma Olmütz,2311,Matej Mikulenka,751681,ABSENT_FROM_NEW_SOURCE,"[""player"", ""dob"", ""position"", ""shirt_number"", ""joined"", ""contract_until"", ""change_notes""]","{""player"": ""Matej Mikulenka"", ""dob"": ""2004-02-05"", ""position"": ""Rechtes Mittelfeld"", ""shirt_number"": ""25"", ""joined"": ""2024-07-01"", ""contract_until"": ""2029-06-30"", ""change_notes"": ""[]""}","{""player"": """", ""dob"": """", ""position"": """", ""shirt_number"": """", ""joined"": """", ""contract_until"": """", ""change_notes"": """"}",https://www.transfermarkt.de/sk-sigma-olmutz/kader/verein/2311/saison_id/2026/plus/1,86e8b2dc1de9bb441f402c9c611f2a70d5d6386eaf6857c2e160012487386a8a,,REVIEW_REQUIRED,Source comparison only; absence is not departure evidence.
NED1,Feyenoord Rotterdam,234,Jerayno Schaken,1353447,NEW_SOURCE_ROW,"[""player"", ""dob"", ""position"", ""shirt_number"", ""joined"", ""contract_until"", ""change_notes""]","{""player"": """", ""dob"": """", ""position"": """", ""shirt_number"": """", ""joined"": """", ""contract_until"": """", ""change_notes"": """"}","{""player"": ""Jerayno Schaken"", ""dob"": ""2009-06-18"", ""position"": ""Rechtsaußen"", ""shirt_number"": ""57"", ""joined"": """", ""contract_until"": ""2028-06-30"", ""change_notes"": ""[]""}",https://www.transfermarkt.de/feyenoord-rotterdam/kader/verein/234/saison_id/2026/plus/1,,0a89b967569a2864ad63a06bd5831472c80e45548525ac5b64cefc599d35295f,REVIEW_REQUIRED,Source comparison only; absence is not departure evidence.
POR1,CD Santa Clara,2423,Pedro Jesus,1005424,ABSENT_FROM_NEW_SOURCE,"[""player"", ""dob"", ""position"", ""shirt_number"", ""joined"", ""contract_until"", ""change_notes""]","{""player"": ""Pedro Jesus"", ""dob"": ""2003-04-26"", ""position"": ""Offensives Mittelfeld"", ""shirt_number"": ""-"", ""joined"": ""2024-07-14"", ""contract_until"": ""2027-06-30"", ""change_notes"": ""[\""Rückkehr nach Leihe von: Académica Coimbra; Datum: 30.06.2026; Ablöse: Leih-Ende\""]""}","{""player"": """", ""dob"": """", ""position"": """", ""shirt_number"": """", ""joined"": """", ""contract_until"": """", ""change_notes"": """"}",https://www.transfermarkt.de/cd-santa-clara/kader/verein/2423/saison_id/2026/plus/1,cac9bb685acac9499d6fc0e6a3ed382cc1f44071585bc47d7e77bbb4c8e510eb,,REVIEW_REQUIRED,Source comparison only; absence is not departure evidence.
POR1,CD Santa Clara,2423,Rildo,800177,ABSENT_FROM_NEW_SOURCE,"[""player"", ""dob"", ""position"", ""shirt_number"", ""joined"", ""contract_until"", ""change_notes""]","{""player"": ""Rildo"", ""dob"": ""2000-01-21"", ""position"": ""Offensives Mittelfeld"", ""shirt_number"": ""37"", ""joined"": ""2022-07-25"", ""contract_until"": ""2027-06-30"", ""change_notes"": ""[\""Rückkehr nach Leihe von: Levski Sofia; Datum: 30.06.2026; Ablöse: Leih-Ende\""]""}","{""player"": """", ""dob"": """", ""position"": """", ""shirt_number"": """", ""joined"": """", ""contract_until"": """", ""change_notes"": """"}",https://www.transfermarkt.de/cd-santa-clara/kader/verein/2423/saison_id/2026/plus/1,cac9bb685acac9499d6fc0e6a3ed382cc1f44071585bc47d7e77bbb4c8e510eb,,REVIEW_REQUIRED,Source comparison only; absence is not departure evidence.
POR1,Gil Vicente FC,2424,Guilherme Gomes,1226703,SOURCE_FIELDS_CHANGED,"[""shirt_number""]","{""shirt_number"": ""-""}","{""shirt_number"": ""19""}",https://www.transfermarkt.de/gil-vicente-fc/kader/verein/2424/saison_id/2026/plus/1,6da3377f7af1e8cf020bc52ff290f0ce5415de9b452593a068b7ebca8225ae99,e615ed113cbf0012df4490859c154266a50a72247c7f67c260f2f4ab6c49e4d1,REVIEW_REQUIRED,Source comparison only; absence is not departure evidence.
POR1,Gil Vicente FC,2424,Tiago Ferreira,1268194,SOURCE_FIELDS_CHANGED,"[""contract_until""]","{""contract_until"": ""2027-06-30""}","{""contract_until"": ""2028-06-30""}",https://www.transfermarkt.de/gil-vicente-fc/kader/verein/2424/saison_id/2026/plus/1,6da3377f7af1e8cf020bc52ff290f0ce5415de9b452593a068b7ebca8225ae99,e615ed113cbf0012df4490859c154266a50a72247c7f67c260f2f4ab6c49e4d1,REVIEW_REQUIRED,Source comparison only; absence is not departure evidence.
POR1,Gil Vicente FC,2424,Carlos Eduardo,927714,ABSENT_FROM_NEW_SOURCE,"[""player"", ""dob"", ""position"", ""shirt_number"", ""joined"", ""contract_until"", ""change_notes""]","{""player"": ""Carlos Eduardo"", ""dob"": ""2002-08-10"", ""position"": ""Mittelstürmer"", ""shirt_number"": ""29"", ""joined"": ""2025-01-24"", ""contract_until"": ""2028-06-30"", ""change_notes"": ""[]""}","{""player"": """", ""dob"": """", ""position"": """", ""shirt_number"": """", ""joined"": """", ""contract_until"": """", ""change_notes"": """"}",https://www.transfermarkt.de/gil-vicente-fc/kader/verein/2424/saison_id/2026/plus/1,6da3377f7af1e8cf020bc52ff290f0ce5415de9b452593a068b7ebca8225ae99,,REVIEW_REQUIRED,Source comparison only; absence is not departure evidence.
POR1,Rio Ave FC,2425,Zé Carlos,617679,NEW_SOURCE_ROW,"[""player"", ""dob"", ""position"", ""shirt_number"", ""joined"", ""contract_until"", ""change_notes""]","{""player"": """", ""dob"": """", ""position"": """", ""shirt_number"": """", ""joined"": """", ""contract_until"": """", ""change_notes"": """"}","{""player"": ""Zé Carlos"", ""dob"": ""1998-07-31"", ""position"": ""Rechter Verteidiger"", ""shirt_number"": ""-"", ""joined"": ""2026-09-10"", ""contract_until"": ""2028-06-30"", ""change_notes"": ""[\""Neuzugang von: Vereinslos; Datum: 10.09.2026; Ablöse: -\""]""}",https://www.transfermarkt.de/rio-ave-fc/kader/verein/2425/saison_id/2026/plus/1,,37a8a108e9b2165ce80a23cc2e2c874e6dbc5c341de869d1bdffc8cd3bf8f10c,REVIEW_REQUIRED,Source comparison only; absence is not departure evidence.
CZE1,SK Artis Brünn,24325,Youssoupha Sanyang,1238634,NEW_SOURCE_ROW,"[""player"", ""dob"", ""position"", ""shirt_number"", ""joined"", ""contract_until"", ""change_notes""]","{""player"": """", ""dob"": """", ""position"": """", ""shirt_number"": """", ""joined"": """", ""contract_until"": """", ""change_notes"": """"}","{""player"": ""Youssoupha Sanyang"", ""dob"": ""2005-08-31"", ""position"": ""Linksaußen"", ""shirt_number"": ""-"", ""joined"": ""2026-09-08"", ""contract_until"": ""2027-06-30"", ""change_notes"": ""[]""}",https://www.transfermarkt.de/sk-artis-brunn/kader/verein/24325/saison_id/2026/plus/1,,587a867b1b6398028de49094330bc2934f1e7245d3ee79f2003e9ffe6410ac9f,REVIEW_REQUIRED,Source comparison only; absence is not departure evidence.
CZE1,SK Artis Brünn,24325,Daniel Samek,671542,ABSENT_FROM_NEW_SOURCE,"[""player"", ""dob"", ""position"", ""shirt_number"", ""joined"", ""contract_until"", ""change_notes""]","{""player"": ""Daniel Samek"", ""dob"": ""2004-02-19"", ""position"": ""Zentrales Mittelfeld"", ""shirt_number"": ""10"", ""joined"": ""2025-07-02"", ""contract_until"": ""2028-06-30"", ""change_notes"": ""[]""}","{""player"": """", ""dob"": """", ""position"": """", ""shirt_number"": """", ""joined"": """", ""contract_until"": """", ""change_notes"": """"}",https://www.transfermarkt.de/sk-artis-brunn/kader/verein/24325/saison_id/2026/plus/1,eb409e4deab2b1ece4f114cfedffe83ad24d56ea74ba76852d3d1490bed8d219,,REVIEW_REQUIRED,Source comparison only; absence is not departure evidence.
CZE1,SK Artis Brünn,24325,Vladimir Perisic,760492,NEW_SOURCE_ROW,"[""player"", ""dob"", ""position"", ""shirt_number"", ""joined"", ""contract_until"", ""change_notes""]","{""player"": """", ""dob"": """", ""position"": """", ""shirt_number"": """", ""joined"": """", ""contract_until"": """", ""change_notes"": """"}","{""player"": ""Vladimir Perisic"", ""dob"": ""2004-08-26"", ""position"": ""Mittelstürmer"", ""shirt_number"": ""-"", ""joined"": ""2026-09-08"", ""contract_until"": ""2028-06-30"", ""change_notes"": ""[\""Neuzugang von: SK Slavia Prag B; Datum: 08.09.2026; Ablöse: ?\""]""}",https://www.transfermarkt.de/sk-artis-brunn/kader/verein/24325/saison_id/2026/plus/1,,587a867b1b6398028de49094330bc2934f1e7245d3ee79f2003e9ffe6410ac9f,REVIEW_REQUIRED,Source comparison only; absence is not departure evidence.
ITA1,Genua CFC,252,Robinho Junior,1355385,SOURCE_FIELDS_CHANGED,"[""shirt_number""]","{""shirt_number"": ""-""}","{""shirt_number"": ""21""}",https://www.transfermarkt.de/genua-cfc/kader/verein/252/saison_id/2026/plus/1,e2d9912653b590beee9d8b2a504eb428cfc6b6c3bc83c49fff4acdc843546e03,28831c70a8bf2f1d0e0c5e7801240ba62008e42be2eb8761306fafe7c05e7da1,REVIEW_REQUIRED,Source comparison only; absence is not departure evidence.
POR1,FC Alverca,2521,Rayan Lucas,1087842,SOURCE_FIELDS_CHANGED,"[""change_notes""]","{""change_notes"": ""[\""Neuzugang von: CR Flamengo U20; Datum: 05.08.2026; Ablöse: ?\""]""}","{""change_notes"": ""[\""Neuzugang von: CR Flamengo U20; Datum: 05.08.2026; Ablöse: ablösefrei\""]""}",https://www.transfermarkt.de/fc-alverca/kader/verein/2521/saison_id/2026/plus/1,94517f9a37f8367a2ca9bb0bd63d2ef7c0aabbf989b6c97be20bbfa8a5786aa3,7f5d01cde12ec5554a0cdae5ccc699031abd54d7e473e99ebf2c44e9a519b8ae,REVIEW_REQUIRED,Source comparison only; absence is not departure evidence.
POR1,FC Alverca,2521,Stéphane Diarra,428954,ABSENT_FROM_NEW_SOURCE,"[""player"", ""dob"", ""position"", ""shirt_number"", ""joined"", ""contract_until"", ""change_notes""]","{""player"": ""Stéphane Diarra"", ""dob"": ""1998-12-09"", ""position"": ""Rechtsaußen"", ""shirt_number"": ""-"", ""joined"": ""2025-07-16"", ""contract_until"": ""2028-06-30"", ""change_notes"": ""[]""}","{""player"": """", ""dob"": """", ""position"": """", ""shirt_number"": """", ""joined"": """", ""contract_until"": """", ""change_notes"": """"}",https://www.transfermarkt.de/fc-alverca/kader/verein/2521/saison_id/2026/plus/1,94517f9a37f8367a2ca9bb0bd63d2ef7c0aabbf989b6c97be20bbfa8a5786aa3,,REVIEW_REQUIRED,Source comparison only; absence is not departure evidence.
TUR1,Gaziantep FK,2832,Abakar Sylla,962555,SOURCE_FIELDS_CHANGED,"[""change_notes""]","{""change_notes"": ""[\""Neuzugang von: Racing Straßburg; Datum: 04.09.2026; Ablöse: ?\""]""}","{""change_notes"": ""[\""Neuzugang von: Racing Straßburg; Datum: 04.09.2026; Ablöse: ablösefrei\""]""}",https://www.transfermarkt.de/gaziantep-fk/kader/verein/2832/saison_id/2026/plus/1,12f0c852c363829d7ca45a64f03a021c73060c910e55b8c341183a33b09b53c0,81446f340c520f2c5aff4253c251edc727d259530fe5221a6b24ee6cfb9e01e1,REVIEW_REQUIRED,Source comparison only; absence is not departure evidence.
BEL1,SK Beveren,28643,Cheick Oumar Konaté,1108145,SOURCE_FIELDS_CHANGED,"[""shirt_number""]","{""shirt_number"": ""-""}","{""shirt_number"": ""25""}",https://www.transfermarkt.de/sk-beveren/kader/verein/28643/saison_id/2026/plus/1,b3c95e2c7f710498496407a581fe91c67e87f6134c3ba7a1a9fa5a334ece03ec,7bd09a7ce8449fd8a09e77af941f3d0069233ed39a454f5073c6ab7bfe083ae7,REVIEW_REQUIRED,Source comparison only; absence is not departure evidence.
BEL1,SK Beveren,28643,Tibe S'Jongers,1439393,ABSENT_FROM_NEW_SOURCE,"[""player"", ""dob"", ""position"", ""shirt_number"", ""joined"", ""contract_until"", ""change_notes""]","{""player"": ""Tibe S'Jongers"", ""dob"": ""2007-04-02"", ""position"": ""Mittelfeld"", ""shirt_number"": ""75"", ""joined"": ""2026-07-01"", ""contract_until"": """", ""change_notes"": ""[\""Interner Wechsel: SK Beveren U21; Datum: 01.07.2026\""]""}","{""player"": """", ""dob"": """", ""position"": """", ""shirt_number"": """", ""joined"": """", ""contract_until"": """", ""change_notes"": """"}",https://www.transfermarkt.de/sk-beveren/kader/verein/28643/saison_id/2026/plus/1,b3c95e2c7f710498496407a581fe91c67e87f6134c3ba7a1a9fa5a334ece03ec,,REVIEW_REQUIRED,Source comparison only; absence is not departure evidence.
BEL1,SK Beveren,28643,Arno Verschueren,250591,SOURCE_FIELDS_CHANGED,"[""shirt_number""]","{""shirt_number"": ""-""}","{""shirt_number"": ""24""}",https://www.transfermarkt.de/sk-beveren/kader/verein/28643/saison_id/2026/plus/1,b3c95e2c7f710498496407a581fe91c67e87f6134c3ba7a1a9fa5a334ece03ec,7bd09a7ce8449fd8a09e77af941f3d0069233ed39a454f5073c6ab7bfe083ae7,REVIEW_REQUIRED,Source comparison only; absence is not departure evidence.
FRA1,AJ Auxerre,290,Francisco Sierralta,371436,ABSENT_FROM_NEW_SOURCE,"[""player"", ""dob"", ""position"", ""shirt_number"", ""joined"", ""contract_until"", ""change_notes""]","{""player"": ""Francisco Sierralta"", ""dob"": ""1997-05-06"", ""position"": ""Innenverteidiger"", ""shirt_number"": ""4"", ""joined"": ""2025-07-01"", ""contract_until"": ""2029-06-30"", ""change_notes"": ""[]""}","{""player"": """", ""dob"": """", ""position"": """", ""shirt_number"": """", ""joined"": """", ""contract_until"": """", ""change_notes"": """"}",https://www.transfermarkt.de/aj-auxerre/kader/verein/290/saison_id/2026/plus/1,ddcfe16f345fa2356877e94851a8d638bfe89474885f98a9d159b11e4fd34f49,,REVIEW_REQUIRED,Source comparison only; absence is not departure evidence.
FRA1,AJ Auxerre,290,Josué Casimir,763182,ABSENT_FROM_NEW_SOURCE,"[""player"", ""dob"", ""position"", ""shirt_number"", ""joined"", ""contract_until"", ""change_notes""]","{""player"": ""Josué Casimir"", ""dob"": ""2001-09-24"", ""position"": ""Rechtsaußen"", ""shirt_number"": ""7"", ""joined"": ""2025-07-01"", ""contract_until"": ""2028-06-30"", ""change_notes"": ""[]""}","{""player"": """", ""dob"": """", ""position"": """", ""shirt_number"": """", ""joined"": """", ""contract_until"": """", ""change_notes"": """"}",https://www.transfermarkt.de/aj-auxerre/kader/verein/290/saison_id/2026/plus/1,ddcfe16f345fa2356877e94851a8d638bfe89474885f98a9d159b11e4fd34f49,,REVIEW_REQUIRED,Source comparison only; absence is not departure evidence.
ITA1,AC Monza,2919,Eddy Kouadio,957822,SOURCE_FIELDS_CHANGED,"[""dob""]","{""dob"": ""2006-05-07""}","{""dob"": ""2006-05-03""}",https://www.transfermarkt.de/ac-monza/kader/verein/2919/saison_id/2026/plus/1,7de4c5da61ab6f770ff90ffa6d6e6619efc403469ac6a340718f2c5f20deb12e,8f193279202724cc57a68a08441deb0fe889b73d8d97804595e81268516bfe10,REVIEW_REQUIRED,Source comparison only; absence is not departure evidence.
BEL1,Standard Lüttich,3057,Noah Sy,1165890,SOURCE_FIELDS_CHANGED,"[""joined"", ""change_notes""]","{""joined"": ""2026-08-06"", ""change_notes"": ""[\""Interner Wechsel: Standard Lüttich 16 FC; Datum: 06.08.2026\""]""}","{""joined"": ""2026-07-01"", ""change_notes"": ""[\""Interner Wechsel: Standard Lüttich 16 FC; Datum: 01.07.2026\""]""}",https://www.transfermarkt.de/standard-luttich/kader/verein/3057/saison_id/2026/plus/1,e06f6814f51bd5ff22a38bb25f79292ef127188d2ca439b4550bc7faf2e3b690,35f665c792bd0def9bfa349286927e0ef54a862cb91b5e4ab6b8ec3356dfa834,REVIEW_REQUIRED,Source comparison only; absence is not departure evidence.
NED1,SC Heerenveen,306,Kirayno Schaken,1275103,NEW_SOURCE_ROW,"[""player"", ""dob"", ""position"", ""shirt_number"", ""joined"", ""contract_until"", ""change_notes""]","{""player"": """", ""dob"": """", ""position"": """", ""shirt_number"": """", ""joined"": """", ""contract_until"": """", ""change_notes"": """"}","{""player"": ""Kirayno Schaken"", ""dob"": ""2008-08-08"", ""position"": ""Rechtsaußen"", ""shirt_number"": ""47"", ""joined"": """", ""contract_until"": ""2030-06-30"", ""change_notes"": ""[]""}",https://www.transfermarkt.de/sc-heerenveen/kader/verein/306/saison_id/2026/plus/1,,c5575ac3b7544ec0b6c6c259e7a480f6feb44060499802d16479d9d38d1f4bf6,REVIEW_REQUIRED,Source comparison only; absence is not departure evidence.
POR1,Sporting Lissabon,336,Geny Catamo,701979,SOURCE_FIELDS_CHANGED,"[""contract_until""]","{""contract_until"": ""2028-06-30""}","{""contract_until"": ""2029-06-30""}",https://www.transfermarkt.de/sporting-lissabon/kader/verein/336/saison_id/2026/plus/1,07477c3afa5bcaed33eb7344ce633432b929644b275ff0b4e27ccf2137642197,fce120a2b046675218521683927dd5d73c66a22ed96ac121140956eb3bee30ba,REVIEW_REQUIRED,Source comparison only; absence is not departure evidence.
BEL1,Zulte Waregem,3508,Florian Van Bever,1314653,NEW_SOURCE_ROW,"[""player"", ""dob"", ""position"", ""shirt_number"", ""joined"", ""contract_until"", ""change_notes""]","{""player"": """", ""dob"": """", ""position"": """", ""shirt_number"": """", ""joined"": """", ""contract_until"": """", ""change_notes"": """"}","{""player"": ""Florian Van Bever"", ""dob"": ""2007-10-02"", ""position"": ""Torwart"", ""shirt_number"": ""41"", ""joined"": ""2026-07-01"", ""contract_until"": """", ""change_notes"": ""[\""Interner Wechsel: Jong Essevee; Datum: 01.07.2026\""]""}",https://www.transfermarkt.de/zulte-waregem/kader/verein/3508/saison_id/2026/plus/1,,0acbb0eca1723445958969f80be44f59778e527ba0095de244c35e56e3b9068e,REVIEW_REQUIRED,Source comparison only; absence is not departure evidence.
BEL1,Zulte Waregem,3508,Maliq Musa,1370225,ABSENT_FROM_NEW_SOURCE,"[""player"", ""dob"", ""position"", ""shirt_number"", ""joined"", ""contract_until"", ""change_notes""]","{""player"": ""Maliq Musa"", ""dob"": ""2008-08-17"", ""position"": ""Linksaußen"", ""shirt_number"": ""-"", ""joined"": ""2026-08-18"", ""contract_until"": ""2027-06-30"", ""change_notes"": ""[]""}","{""player"": """", ""dob"": """", ""position"": """", ""shirt_number"": """", ""joined"": """", ""contract_until"": """", ""change_notes"": """"}",https://www.transfermarkt.de/zulte-waregem/kader/verein/3508/saison_id/2026/plus/1,e421f83e264d3abdda9dc7011e2741cbe181c55db4e6c9a6ac44138a5f3e743d,,REVIEW_REQUIRED,Source comparison only; absence is not departure evidence.
BEL1,Zulte Waregem,3508,Marley Aké,682032,SOURCE_FIELDS_CHANGED,"[""shirt_number""]","{""shirt_number"": ""39""}","{""shirt_number"": ""11""}",https://www.transfermarkt.de/zulte-waregem/kader/verein/3508/saison_id/2026/plus/1,e421f83e264d3abdda9dc7011e2741cbe181c55db4e6c9a6ac44138a5f3e743d,0acbb0eca1723445958969f80be44f59778e527ba0095de244c35e56e3b9068e,REVIEW_REQUIRED,Source comparison only; absence is not departure evidence.
BEL1,Zulte Waregem,3508,Malick Mbaye,707063,SOURCE_FIELDS_CHANGED,"[""shirt_number""]","{""shirt_number"": ""30""}","{""shirt_number"": ""10""}",https://www.transfermarkt.de/zulte-waregem/kader/verein/3508/saison_id/2026/plus/1,e421f83e264d3abdda9dc7011e2741cbe181c55db4e6c9a6ac44138a5f3e743d,0acbb0eca1723445958969f80be44f59778e527ba0095de244c35e56e3b9068e,REVIEW_REQUIRED,Source comparison only; absence is not departure evidence.
BEL1,KV Mechelen,354,Mats Van Helden,1186566,NEW_SOURCE_ROW,"[""player"", ""dob"", ""position"", ""shirt_number"", ""joined"", ""contract_until"", ""change_notes""]","{""player"": """", ""dob"": """", ""position"": """", ""shirt_number"": """", ""joined"": """", ""contract_until"": """", ""change_notes"": """"}","{""player"": ""Mats Van Helden"", ""dob"": ""2006-06-01"", ""position"": ""Offensives Mittelfeld"", ""shirt_number"": ""49"", ""joined"": ""2026-07-01"", ""contract_until"": ""2028-06-30"", ""change_notes"": ""[\""Interner Wechsel: Jong KV Mechelen; Datum: 01.07.2026\""]""}",https://www.transfermarkt.de/kv-mechelen/kader/verein/354/saison_id/2026/plus/1,,def54d86d9d3b7a97807ef82c6b867bdf78c5b32694c9ea844fc271b85c916a5,REVIEW_REQUIRED,Source comparison only; absence is not departure evidence.
BEL1,KV Mechelen,354,Marco Decherf,1188222,SOURCE_FIELDS_CHANGED,"[""shirt_number""]","{""shirt_number"": ""-""}","{""shirt_number"": ""30""}",https://www.transfermarkt.de/kv-mechelen/kader/verein/354/saison_id/2026/plus/1,2a476c3f9e24bda1556956b1f3f8e113fbc67947fbb6a604f379874b4b6c2c72,def54d86d9d3b7a97807ef82c6b867bdf78c5b32694c9ea844fc271b85c916a5,REVIEW_REQUIRED,Source comparison only; absence is not departure evidence.
BEL1,KV Mechelen,354,Yanis Asghir,1276349,NEW_SOURCE_ROW,"[""player"", ""dob"", ""position"", ""shirt_number"", ""joined"", ""contract_until"", ""change_notes""]","{""player"": """", ""dob"": """", ""position"": """", ""shirt_number"": """", ""joined"": """", ""contract_until"": """", ""change_notes"": """"}","{""player"": ""Yanis Asghir"", ""dob"": ""2009-01-05"", ""position"": ""Offensives Mittelfeld"", ""shirt_number"": ""-"", ""joined"": ""2026-07-01"", ""contract_until"": """", ""change_notes"": ""[\""Interner Wechsel: Jong KV Mechelen; Datum: 01.07.2026\""]""}",https://www.transfermarkt.de/kv-mechelen/kader/verein/354/saison_id/2026/plus/1,,def54d86d9d3b7a97807ef82c6b867bdf78c5b32694c9ea844fc271b85c916a5,REVIEW_REQUIRED,Source comparison only; absence is not departure evidence.
BEL1,KV Mechelen,354,Simion Michez,486054,SOURCE_FIELDS_CHANGED,"[""shirt_number""]","{""shirt_number"": ""-""}","{""shirt_number"": ""23""}",https://www.transfermarkt.de/kv-mechelen/kader/verein/354/saison_id/2026/plus/1,2a476c3f9e24bda1556956b1f3f8e113fbc67947fbb6a604f379874b4b6c2c72,def54d86d9d3b7a97807ef82c6b867bdf78c5b32694c9ea844fc271b85c916a5,REVIEW_REQUIRED,Source comparison only; absence is not departure evidence.
BEL1,KV Mechelen,354,Ryan Teague,616431,SOURCE_FIELDS_CHANGED,"[""shirt_number""]","{""shirt_number"": ""34""}","{""shirt_number"": ""43""}",https://www.transfermarkt.de/kv-mechelen/kader/verein/354/saison_id/2026/plus/1,2a476c3f9e24bda1556956b1f3f8e113fbc67947fbb6a604f379874b4b6c2c72,def54d86d9d3b7a97807ef82c6b867bdf78c5b32694c9ea844fc271b85c916a5,REVIEW_REQUIRED,Source comparison only; absence is not departure evidence.
BEL1,KV Mechelen,354,Bill Antonio,956050,SOURCE_FIELDS_CHANGED,"[""shirt_number""]","{""shirt_number"": ""38""}","{""shirt_number"": ""29""}",https://www.transfermarkt.de/kv-mechelen/kader/verein/354/saison_id/2026/plus/1,2a476c3f9e24bda1556956b1f3f8e113fbc67947fbb6a604f379874b4b6c2c72,def54d86d9d3b7a97807ef82c6b867bdf78c5b32694c9ea844fc271b85c916a5,REVIEW_REQUIRED,Source comparison only; absence is not departure evidence.
TUR1,Fenerbahce,36,Rodrigo Becão,410158,ABSENT_FROM_NEW_SOURCE,"[""player"", ""dob"", ""position"", ""shirt_number"", ""joined"", ""contract_until"", ""change_notes""]","{""player"": ""Rodrigo Becão"", ""dob"": ""1996-01-19"", ""position"": ""Innenverteidiger"", ""shirt_number"": ""50"", ""joined"": ""2023-07-20"", ""contract_until"": ""2028-06-30"", ""change_notes"": ""[\""Rückkehr nach Leihe von: Kasimpasa; Datum: 30.06.2026; Ablöse: Leih-Ende\""]""}","{""player"": """", ""dob"": """", ""position"": """", ""shirt_number"": """", ""joined"": """", ""contract_until"": """", ""change_notes"": """"}",https://www.transfermarkt.de/fenerbahce/kader/verein/36/saison_id/2026/plus/1,eff4b959e764178d3f626d5a5ed8b2fe03eb26b1afbfc29d44fede5c2bb83dbb,,REVIEW_REQUIRED,Source comparison only; absence is not departure evidence.
CZE1,FC Banik Ostrau,377,Jiri Micek,1013792,SOURCE_FIELDS_CHANGED,"[""joined"", ""change_notes""]","{""joined"": """", ""change_notes"": ""[]""}","{""joined"": ""2026-07-01"", ""change_notes"": ""[\""Interner Wechsel: FC Banik Ostrau B; Datum: 01.07.2026\""]""}",https://www.transfermarkt.de/fc-banik-ostrau/kader/verein/377/saison_id/2026/plus/1,cdafc5a4acd8431cd7301fb6cf051e97b9b0313e0b0aef4605223dab4a3e53a8,3717000ca143110b9cff7bc66843b5e54104cdaa75d0e196220c4e77c8b4d611,REVIEW_REQUIRED,Source comparison only; absence is not departure evidence.
CZE1,FC Banik Ostrau,377,Rhodri Smith,1061048,NEW_SOURCE_ROW,"[""player"", ""dob"", ""position"", ""shirt_number"", ""joined"", ""contract_until"", ""change_notes""]","{""player"": """", ""dob"": """", ""position"": """", ""shirt_number"": """", ""joined"": """", ""contract_until"": """", ""change_notes"": """"}","{""player"": ""Rhodri Smith"", ""dob"": ""2006-09-09"", ""position"": ""Linker Verteidiger"", ""shirt_number"": ""-"", ""joined"": ""2026-09-08"", ""contract_until"": ""2027-06-30"", ""change_notes"": ""[]""}",https://www.transfermarkt.de/fc-banik-ostrau/kader/verein/377/saison_id/2026/plus/1,,3717000ca143110b9cff7bc66843b5e54104cdaa75d0e196220c4e77c8b4d611,REVIEW_REQUIRED,Source comparison only; absence is not departure evidence.
CZE1,FC Banik Ostrau,377,Dennis Owusu,518471,ABSENT_FROM_NEW_SOURCE,"[""player"", ""dob"", ""position"", ""shirt_number"", ""joined"", ""contract_until"", ""change_notes""]","{""player"": ""Dennis Owusu"", ""dob"": ""2001-01-05"", ""position"": ""Rechtes Mittelfeld"", ""shirt_number"": ""25"", ""joined"": ""2025-01-13"", ""contract_until"": ""2027-12-31"", ""change_notes"": ""[]""}","{""player"": """", ""dob"": """", ""position"": """", ""shirt_number"": """", ""joined"": """", ""contract_until"": """", ""change_notes"": """"}",https://www.transfermarkt.de/fc-banik-ostrau/kader/verein/377/saison_id/2026/plus/1,cdafc5a4acd8431cd7301fb6cf051e97b9b0313e0b0aef4605223dab4a3e53a8,,REVIEW_REQUIRED,Source comparison only; absence is not departure evidence.
CZE1,FC Banik Ostrau,377,Jakub Elbel,673450,NEW_SOURCE_ROW,"[""player"", ""dob"", ""position"", ""shirt_number"", ""joined"", ""contract_until"", ""change_notes""]","{""player"": """", ""dob"": """", ""position"": """", ""shirt_number"": """", ""joined"": """", ""contract_until"": """", ""change_notes"": """"}","{""player"": ""Jakub Elbel"", ""dob"": ""2000-07-06"", ""position"": ""Linker Verteidiger"", ""shirt_number"": ""-"", ""joined"": ""2026-09-08"", ""contract_until"": """", ""change_notes"": ""[\""Neuzugang von: SK Sigma Olmütz; Datum: 08.09.2026; Ablöse: ablösefrei\""]""}",https://www.transfermarkt.de/fc-banik-ostrau/kader/verein/377/saison_id/2026/plus/1,,3717000ca143110b9cff7bc66843b5e54104cdaa75d0e196220c4e77c8b4d611,REVIEW_REQUIRED,Source comparison only; absence is not departure evidence.
CZE1,FC Banik Ostrau,377,David Latal,812010,ABSENT_FROM_NEW_SOURCE,"[""player"", ""dob"", ""position"", ""shirt_number"", ""joined"", ""contract_until"", ""change_notes""]","{""player"": ""David Latal"", ""dob"": ""2003-01-21"", ""position"": ""Mittelstürmer"", ""shirt_number"": ""11"", ""joined"": ""2025-01-01"", ""contract_until"": ""2028-06-30"", ""change_notes"": ""[]""}","{""player"": """", ""dob"": """", ""position"": """", ""shirt_number"": """", ""joined"": """", ""contract_until"": """", ""change_notes"": """"}",https://www.transfermarkt.de/fc-banik-ostrau/kader/verein/377/saison_id/2026/plus/1,cdafc5a4acd8431cd7301fb6cf051e97b9b0313e0b0aef4605223dab4a3e53a8,,REVIEW_REQUIRED,Source comparison only; absence is not departure evidence.
TUR1,Corum FK,37951,Çağlar Söyüncü,320141,SOURCE_FIELDS_CHANGED,"[""shirt_number""]","{""shirt_number"": ""-""}","{""shirt_number"": ""2""}",https://www.transfermarkt.de/corum-fk/kader/verein/37951/saison_id/2026/plus/1,bcac85432a32aa53d4668b20f6d6ec1e4c4e90caf4943b477654c6cd8b50b52f,09798c50638e371505f186cb7a6cb29472c2df6e777856de0739225fb6d74803,REVIEW_REQUIRED,Source comparison only; absence is not departure evidence.
TUR1,Erzurumspor FK,39722,Lawrence Agyekum,733410,SOURCE_FIELDS_CHANGED,"[""shirt_number""]","{""shirt_number"": ""-""}","{""shirt_number"": ""77""}",https://www.transfermarkt.de/erzurumspor-fk/kader/verein/39722/saison_id/2026/plus/1,fdecf77f1b76762d98be246c56ba3e908991af1cb198eb748d1c0d00c1819df6,aaa2316b00aefef231faf95d7f3e3871f7c712aaa423cb88c256177acd6d2902,REVIEW_REQUIRED,Source comparison only; absence is not departure evidence.
ITA1,Lazio Rom,398,Diogo Leite,357156,SOURCE_FIELDS_CHANGED,"[""shirt_number""]","{""shirt_number"": ""-""}","{""shirt_number"": ""2""}",https://www.transfermarkt.de/lazio-rom/kader/verein/398/saison_id/2026/plus/1,db340d7fff7fdb4961082097bac920cb740e234b6380f5e4b312c4601d80ed04,9c76fbe0b5d68bfdb8d420274f6285cb7a4f149afb425f160c4bae3837bebead,REVIEW_REQUIRED,Source comparison only; absence is not departure evidence.
ITA1,Udinese Calcio,410,David Pejičić,1009633,ABSENT_FROM_NEW_SOURCE,"[""player"", ""dob"", ""position"", ""shirt_number"", ""joined"", ""contract_until"", ""change_notes""]","{""player"": ""David Pejičić"", ""dob"": ""2007-06-14"", ""position"": ""Offensives Mittelfeld"", ""shirt_number"": ""79"", ""joined"": ""2023-07-01"", ""contract_until"": ""2028-06-30"", ""change_notes"": ""[\""Rückkehr nach Leihe von: NK Maribor; Datum: 30.06.2026; Ablöse: Leih-Ende\""]""}","{""player"": """", ""dob"": """", ""position"": """", ""shirt_number"": """", ""joined"": """", ""contract_until"": """", ""change_notes"": """"}",https://www.transfermarkt.de/udinese-calcio/kader/verein/410/saison_id/2026/plus/1,90efc1fde73abeef69c456d06f2bae9038dd889e5719611f48df551443312f38,,REVIEW_REQUIRED,Source comparison only; absence is not departure evidence.
ITA1,Udinese Calcio,410,Edoardo Piana,612059,ABSENT_FROM_NEW_SOURCE,"[""player"", ""dob"", ""position"", ""shirt_number"", ""joined"", ""contract_until"", ""change_notes""]","{""player"": ""Edoardo Piana"", ""dob"": ""2003-09-29"", ""position"": ""Torwart"", ""shirt_number"": ""99"", ""joined"": ""2022-07-01"", ""contract_until"": """", ""change_notes"": ""[\""Rückkehr nach Leihe von: SS Monopoli 1966; Datum: 30.06.2026; Ablöse: Leih-Ende\""]""}","{""player"": """", ""dob"": """", ""position"": """", ""shirt_number"": """", ""joined"": """", ""contract_until"": """", ""change_notes"": """"}",https://www.transfermarkt.de/udinese-calcio/kader/verein/410/saison_id/2026/plus/1,90efc1fde73abeef69c456d06f2bae9038dd889e5719611f48df551443312f38,,REVIEW_REQUIRED,Source comparison only; absence is not departure evidence.
FRA1,FC Toulouse,415,Cristian Cásseres Jr.,467632,SOURCE_FIELDS_CHANGED,"[""contract_until""]","{""contract_until"": ""2027-06-30""}","{""contract_until"": ""2028-06-30""}",https://www.transfermarkt.de/fc-toulouse/kader/verein/415/saison_id/2026/plus/1,19f862fd3bee00479b977f29a67da0e4a8c6a305e8b0c52c98fbcdad9b779b91,d434d63fc06ac1f14a7f835fa1f97d5282df684c350fe0b4b6cc6270c93f45a3,REVIEW_REQUIRED,Source comparison only; absence is not departure evidence.
ITA1,FC Turin,416,Alessio Cacciamani,1188619,SOURCE_FIELDS_CHANGED,"[""contract_until""]","{""contract_until"": ""2029-06-30""}","{""contract_until"": ""2031-06-30""}",https://www.transfermarkt.de/fc-turin/kader/verein/416/saison_id/2026/plus/1,40f45b4d83b8aa34579540cbd1e6c1b4e0e04d3c1882cc170a16c80084d2d85a,d73169d98efbcdf92ebc3fffb64ce90192a06803ac73b01c465488f442d6cf82,REVIEW_REQUIRED,Source comparison only; absence is not departure evidence.
TUR1,Trabzonspor,449,Cihan Çanak,743376,SOURCE_FIELDS_CHANGED,"[""shirt_number""]","{""shirt_number"": ""-""}","{""shirt_number"": ""61""}",https://www.transfermarkt.de/trabzonspor/kader/verein/449/saison_id/2026/plus/1,5da7b534b8066cf41439ff5b47114daec0a3e1837d96c389eb614be68b770a7d,46d6b6df3f94c27fce5372bec00addc6ddbe5736f874af98f7a926a67acd515f,REVIEW_REQUIRED,Source comparison only; absence is not departure evidence.
BEL1,VV St. Truiden,475,Yanis Ngoy,1389531,NEW_SOURCE_ROW,"[""player"", ""dob"", ""position"", ""shirt_number"", ""joined"", ""contract_until"", ""change_notes""]","{""player"": """", ""dob"": """", ""position"": """", ""shirt_number"": """", ""joined"": """", ""contract_until"": """", ""change_notes"": """"}","{""player"": ""Yanis Ngoy"", ""dob"": ""2008-08-24"", ""position"": ""Torwart"", ""shirt_number"": ""30"", ""joined"": ""2026-07-01"", ""contract_until"": ""2028-06-30"", ""change_notes"": ""[\""Interner Wechsel: STVV Youth; Datum: 01.07.2026\""]""}",https://www.transfermarkt.de/vv-st-truiden/kader/verein/475/saison_id/2026/plus/1,,c0e976a963b2c1507ec52e39bab62ae405f89e7c2149e5b8ecc88e56b4f6ff7a,REVIEW_REQUIRED,Source comparison only; absence is not departure evidence.
BEL1,Lommel SK,5026,Stredair Appuah,1004618,SOURCE_FIELDS_CHANGED,"[""shirt_number""]","{""shirt_number"": ""21""}","{""shirt_number"": ""11""}",https://www.transfermarkt.de/lommel-sk/kader/verein/5026/saison_id/2026/plus/1,b01c13536227511f3727e0e23a5874477c0db4f24c8f5d48436459473a6bcee8,9ff756a9f65fb1a83d753e141d2c89530fd8a9311bba2096f5846c718c381d8a,REVIEW_REQUIRED,Source comparison only; absence is not departure evidence.
BEL1,Lommel SK,5026,Emile Vandecraen,1335076,NEW_SOURCE_ROW,"[""player"", ""dob"", ""position"", ""shirt_number"", ""joined"", ""contract_until"", ""change_notes""]","{""player"": """", ""dob"": """", ""position"": """", ""shirt_number"": """", ""joined"": """", ""contract_until"": """", ""change_notes"": """"}","{""player"": ""Emile Vandecraen"", ""dob"": ""2008-05-11"", ""position"": ""Innenverteidiger"", ""shirt_number"": ""17"", ""joined"": ""2026-07-01"", ""contract_until"": ""2028-06-30"", ""change_notes"": ""[\""Interner Wechsel: Lommel SK U23; Datum: 01.07.2026\""]""}",https://www.transfermarkt.de/lommel-sk/kader/verein/5026/saison_id/2026/plus/1,,9ff756a9f65fb1a83d753e141d2c89530fd8a9311bba2096f5846c718c381d8a,REVIEW_REQUIRED,Source comparison only; absence is not departure evidence.
BEL1,Lommel SK,5026,Elijah Odede,1372119,SOURCE_FIELDS_CHANGED,"[""shirt_number""]","{""shirt_number"": ""-""}","{""shirt_number"": ""12""}",https://www.transfermarkt.de/lommel-sk/kader/verein/5026/saison_id/2026/plus/1,b01c13536227511f3727e0e23a5874477c0db4f24c8f5d48436459473a6bcee8,9ff756a9f65fb1a83d753e141d2c89530fd8a9311bba2096f5846c718c381d8a,REVIEW_REQUIRED,Source comparison only; absence is not departure evidence.
BEL1,Lommel SK,5026,Melvin Ramundo,1451840,NEW_SOURCE_ROW,"[""player"", ""dob"", ""position"", ""shirt_number"", ""joined"", ""contract_until"", ""change_notes""]","{""player"": """", ""dob"": """", ""position"": """", ""shirt_number"": """", ""joined"": """", ""contract_until"": """", ""change_notes"": """"}","{""player"": ""Melvin Ramundo"", ""dob"": ""2007-09-07"", ""position"": ""Torwart"", ""shirt_number"": ""55"", ""joined"": ""2026-07-01"", ""contract_until"": """", ""change_notes"": ""[\""Interner Wechsel: Lommel SK U23; Datum: 01.07.2026\""]""}",https://www.transfermarkt.de/lommel-sk/kader/verein/5026/saison_id/2026/plus/1,,9ff756a9f65fb1a83d753e141d2c89530fd8a9311bba2096f5846c718c381d8a,REVIEW_REQUIRED,Source comparison only; absence is not departure evidence.
ITA1,Juventus Turin,506,Augusto Owusu,925845,NEW_SOURCE_ROW,"[""player"", ""dob"", ""position"", ""shirt_number"", ""joined"", ""contract_until"", ""change_notes""]","{""player"": """", ""dob"": """", ""position"": """", ""shirt_number"": """", ""joined"": """", ""contract_until"": """", ""change_notes"": """"}","{""player"": ""Augusto Owusu"", ""dob"": ""2005-01-28"", ""position"": ""Zentrales Mittelfeld"", ""shirt_number"": ""41"", ""joined"": ""2026-09-07"", ""contract_until"": ""2028-06-30"", ""change_notes"": ""[\""Interner Wechsel: Juventus Next Gen; Datum: 07.09.2026\""]""}",https://www.transfermarkt.de/juventus-turin/kader/verein/506/saison_id/2026/plus/1,,0009d8e86a1fcff175fb368bcdc9cac816372b11375dc9917e504e11cc3f9b54,REVIEW_REQUIRED,Source comparison only; absence is not departure evidence.
BEL1,Cercle Brügge,520,Sebbe Gheerardyns,1137815,NEW_SOURCE_ROW,"[""player"", ""dob"", ""position"", ""shirt_number"", ""joined"", ""contract_until"", ""change_notes""]","{""player"": """", ""dob"": """", ""position"": """", ""shirt_number"": """", ""joined"": """", ""contract_until"": """", ""change_notes"": """"}","{""player"": ""Sebbe Gheerardyns"", ""dob"": ""2005-01-11"", ""position"": ""Innenverteidiger"", ""shirt_number"": ""75"", ""joined"": ""2026-07-01"", ""contract_until"": ""2027-06-30"", ""change_notes"": ""[\""Interner Wechsel: Jong Cercle; Datum: 01.07.2026\""]""}",https://www.transfermarkt.de/cercle-brugge/kader/verein/520/saison_id/2026/plus/1,,7cdfb59fb0a1a9a437a93f97e502615933029fa25dc8530a34a7715ac5027f03,REVIEW_REQUIRED,Source comparison only; absence is not departure evidence.
BEL1,Cercle Brügge,520,Tiemen De Bel,1178478,NEW_SOURCE_ROW,"[""player"", ""dob"", ""position"", ""shirt_number"", ""joined"", ""contract_until"", ""change_notes""]","{""player"": """", ""dob"": """", ""position"": """", ""shirt_number"": """", ""joined"": """", ""contract_until"": """", ""change_notes"": """"}","{""player"": ""Tiemen De Bel"", ""dob"": ""2006-10-31"", ""position"": ""Torwart"", ""shirt_number"": ""94"", ""joined"": ""2026-07-01"", ""contract_until"": ""2027-06-30"", ""change_notes"": ""[\""Interner Wechsel: Jong Cercle; Datum: 01.07.2026\""]""}",https://www.transfermarkt.de/cercle-brugge/kader/verein/520/saison_id/2026/plus/1,,7cdfb59fb0a1a9a437a93f97e502615933029fa25dc8530a34a7715ac5027f03,REVIEW_REQUIRED,Source comparison only; absence is not departure evidence.
BEL1,Cercle Brügge,520,Luke Le Roux,467616,NEW_SOURCE_ROW,"[""player"", ""dob"", ""position"", ""shirt_number"", ""joined"", ""contract_until"", ""change_notes""]","{""player"": """", ""dob"": """", ""position"": """", ""shirt_number"": """", ""joined"": """", ""contract_until"": """", ""change_notes"": """"}","{""player"": ""Luke Le Roux"", ""dob"": ""2000-03-10"", ""position"": ""Zentrales Mittelfeld"", ""shirt_number"": ""18"", ""joined"": ""2026-09-10"", ""contract_until"": ""2028-06-30"", ""change_notes"": ""[\""Neuzugang von: Vereinslos; Datum: 10.09.2026; Ablöse: -\""]""}",https://www.transfermarkt.de/cercle-brugge/kader/verein/520/saison_id/2026/plus/1,,7cdfb59fb0a1a9a437a93f97e502615933029fa25dc8530a34a7715ac5027f03,REVIEW_REQUIRED,Source comparison only; absence is not departure evidence.
CZE1,FC Zbrojovka Brünn,5225,Afolabi Soliu,1200278,NEW_SOURCE_ROW,"[""player"", ""dob"", ""position"", ""shirt_number"", ""joined"", ""contract_until"", ""change_notes""]","{""player"": """", ""dob"": """", ""position"": """", ""shirt_number"": """", ""joined"": """", ""contract_until"": """", ""change_notes"": """"}","{""player"": ""Afolabi Soliu"", ""dob"": ""2005-08-08"", ""position"": ""Linksaußen"", ""shirt_number"": ""-"", ""joined"": ""2026-09-08"", ""contract_until"": ""2027-06-30"", ""change_notes"": ""[]""}",https://www.transfermarkt.de/fc-zbrojovka-brunn/kader/verein/5225/saison_id/2026/plus/1,,1aeecf841a85ad9d35469b9ba37af49f38aee1b2e160fdd7ebc2df04f3863d83,REVIEW_REQUIRED,Source comparison only; absence is not departure evidence.
CZE1,FC Zbrojovka Brünn,5225,Martin Gjorgievski,898137,ABSENT_FROM_NEW_SOURCE,"[""player"", ""dob"", ""position"", ""shirt_number"", ""joined"", ""contract_until"", ""change_notes""]","{""player"": ""Martin Gjorgievski"", ""dob"": ""2005-02-28"", ""position"": ""Zentrales Mittelfeld"", ""shirt_number"": ""31"", ""joined"": ""2025-09-11"", ""contract_until"": ""2029-06-30"", ""change_notes"": ""[]""}","{""player"": """", ""dob"": """", ""position"": """", ""shirt_number"": """", ""joined"": """", ""contract_until"": """", ""change_notes"": """"}",https://www.transfermarkt.de/fc-zbrojovka-brunn/kader/verein/5225/saison_id/2026/plus/1,a4d5c32430acfdf00de949f2fad989e0124b12ed25787c40121240d4f2e6afc9,,REVIEW_REQUIRED,Source comparison only; absence is not departure evidence.
CZE1,1.FC Slovacko,5544,Jan Fiala,723528,NEW_SOURCE_ROW,"[""player"", ""dob"", ""position"", ""shirt_number"", ""joined"", ""contract_until"", ""change_notes""]","{""player"": """", ""dob"": """", ""position"": """", ""shirt_number"": """", ""joined"": """", ""contract_until"": """", ""change_notes"": """"}","{""player"": ""Jan Fiala"", ""dob"": ""2001-05-04"", ""position"": ""Rechtes Mittelfeld"", ""shirt_number"": ""-"", ""joined"": ""2026-09-08"", ""contract_until"": ""2027-06-30"", ""change_notes"": ""[]""}",https://www.transfermarkt.de/1-fc-slovacko/kader/verein/5544/saison_id/2026/plus/1,,42dab36a10cfd13d442ece1bb7499f652fac54d38b8eba2248452673a53bcacf,REVIEW_REQUIRED,Source comparison only; absence is not departure evidence.
CZE1,FC Zlin,5545,Stanislav Petruța,891070,SOURCE_FIELDS_CHANGED,"[""joined"", ""contract_until""]","{""joined"": ""2025-01-01"", ""contract_until"": """"}","{""joined"": ""2026-09-08"", ""contract_until"": ""2027-06-30""}",https://www.transfermarkt.de/fc-zlin/kader/verein/5545/saison_id/2026/plus/1,55f9bf9974aa48b982afcc70ae12fcfb11a3194e77fdf45af71506631f37779d,145632bcb3322adba503e23b5de14e7fcaebb0cc067878f73ac83683b3023bd4,REVIEW_REQUIRED,Source comparison only; absence is not departure evidence.
CZE1,FK Mlada Boleslav,5546,Nicolas Penner,486628,ABSENT_FROM_NEW_SOURCE,"[""player"", ""dob"", ""position"", ""shirt_number"", ""joined"", ""contract_until"", ""change_notes""]","{""player"": ""Nicolas Penner"", ""dob"": ""2001-06-19"", ""position"": ""Zentrales Mittelfeld"", ""shirt_number"": ""15"", ""joined"": ""2024-09-04"", ""contract_until"": ""2026-06-30"", ""change_notes"": ""[]""}","{""player"": """", ""dob"": """", ""position"": """", ""shirt_number"": """", ""joined"": """", ""contract_until"": """", ""change_notes"": """"}",https://www.transfermarkt.de/fk-mlada-boleslav/kader/verein/5546/saison_id/2026/plus/1,b526abc88d8f0d884b1276e20568bfdbb0df956ae0bb62474c4feffce6276196,,REVIEW_REQUIRED,Source comparison only; absence is not departure evidence.
BEL1,KV Kortrijk,601,Tristen Alliet,1226227,NEW_SOURCE_ROW,"[""player"", ""dob"", ""position"", ""shirt_number"", ""joined"", ""contract_until"", ""change_notes""]","{""player"": """", ""dob"": """", ""position"": """", ""shirt_number"": """", ""joined"": """", ""contract_until"": """", ""change_notes"": """"}","{""player"": ""Tristen Alliet"", ""dob"": ""2005-04-19"", ""position"": ""Torwart"", ""shirt_number"": ""77"", ""joined"": ""2026-07-01"", ""contract_until"": ""2027-06-30"", ""change_notes"": ""[\""Interner Wechsel: KV Kortrijk Reserve; Datum: 01.07.2026\""]""}",https://www.transfermarkt.de/kv-kortrijk/kader/verein/601/saison_id/2026/plus/1,,a4999f54d8da64602d94dda7998adfe30af76e24e0c684550e581e845d6cfc0c,REVIEW_REQUIRED,Source comparison only; absence is not departure evidence.
BEL1,KV Kortrijk,601,Axel Drouhin,935507,SOURCE_FIELDS_CHANGED,"[""shirt_number""]","{""shirt_number"": ""-""}","{""shirt_number"": ""21""}",https://www.transfermarkt.de/kv-kortrijk/kader/verein/601/saison_id/2026/plus/1,747feb70a4b86d42a76e95a3183f9470274127349c59c7c3a5e20d7bfe130a74,a4999f54d8da64602d94dda7998adfe30af76e24e0c684550e581e845d6cfc0c,REVIEW_REQUIRED,Source comparison only; absence is not departure evidence.
ITA1,Venezia FC,607,Saad El Haddad,936684,ABSENT_FROM_NEW_SOURCE,"[""player"", ""dob"", ""position"", ""shirt_number"", ""joined"", ""contract_until"", ""change_notes""]","{""player"": ""Saad El Haddad"", ""dob"": ""2005-07-24"", ""position"": ""Offensives Mittelfeld"", ""shirt_number"": ""27"", ""joined"": ""2024-07-01"", ""contract_until"": ""2027-06-30"", ""change_notes"": ""[\""Rückkehr nach Leihe von: Pineto Calcio; Datum: 30.06.2026; Ablöse: Leih-Ende\""]""}","{""player"": """", ""dob"": """", ""position"": """", ""shirt_number"": """", ""joined"": """", ""contract_until"": """", ""change_notes"": """"}",https://www.transfermarkt.de/venezia-fc/kader/verein/607/saison_id/2026/plus/1,4b1b50e033e4d06b3a9d56ee3fdf4254b02648599b88b37e81369da7a84aecd7,,REVIEW_REQUIRED,Source comparison only; absence is not departure evidence.
CZE1,SK Slavia Prag,62,Youssoupha Sanyang,1238634,ABSENT_FROM_NEW_SOURCE,"[""player"", ""dob"", ""position"", ""shirt_number"", ""joined"", ""contract_until"", ""change_notes""]","{""player"": ""Youssoupha Sanyang"", ""dob"": ""2005-08-31"", ""position"": ""Linksaußen"", ""shirt_number"": ""11"", ""joined"": ""2025-07-01"", ""contract_until"": ""2030-06-30"", ""change_notes"": ""[]""}","{""player"": """", ""dob"": """", ""position"": """", ""shirt_number"": """", ""joined"": """", ""contract_until"": """", ""change_notes"": """"}",https://www.transfermarkt.de/sk-slavia-prag/kader/verein/62/saison_id/2026/plus/1,f7e56e3acebcc2b84e466235dec6c7b64810f349b6a6fdb75df0e680a9f1fc3d,,REVIEW_REQUIRED,Source comparison only; absence is not departure evidence.
ESP1,Athletic Bilbao,621,Peio Canales,1056966,SOURCE_FIELDS_CHANGED,"[""contract_until""]","{""contract_until"": ""2027-06-30""}","{""contract_until"": ""2029-06-30""}",https://www.transfermarkt.de/athletic-bilbao/kader/verein/621/saison_id/2026/plus/1,9a7c013419d10937c245ae7555d3db84ca55e5c3cddf6f39915eeb302c25daab,ab659443e6b62a44b52f2d2bddfbd8dfab1041e92d677f7ed9d83c4f59284305,REVIEW_REQUIRED,Source comparison only; absence is not departure evidence.
ESP1,Athletic Bilbao,621,Iñaki Williams,255508,SOURCE_FIELDS_CHANGED,"[""position""]","{""position"": ""Rechtsaußen""}","{""position"": ""Mittelstürmer""}",https://www.transfermarkt.de/athletic-bilbao/kader/verein/621/saison_id/2026/plus/1,9a7c013419d10937c245ae7555d3db84ca55e5c3cddf6f39915eeb302c25daab,ab659443e6b62a44b52f2d2bddfbd8dfab1041e92d677f7ed9d83c4f59284305,REVIEW_REQUIRED,Source comparison only; absence is not departure evidence.
ESP1,Athletic Bilbao,621,Beñat Gerenabarrena,709214,SOURCE_FIELDS_CHANGED,"[""contract_until""]","{""contract_until"": ""2027-06-30""}","{""contract_until"": ""2029-06-30""}",https://www.transfermarkt.de/athletic-bilbao/kader/verein/621/saison_id/2026/plus/1,9a7c013419d10937c245ae7555d3db84ca55e5c3cddf6f39915eeb302c25daab,ab659443e6b62a44b52f2d2bddfbd8dfab1041e92d677f7ed9d83c4f59284305,REVIEW_REQUIRED,Source comparison only; absence is not departure evidence.
ESP1,Athletic Bilbao,621,Johaneko Louis-Jean,926766,NEW_SOURCE_ROW,"[""player"", ""dob"", ""position"", ""shirt_number"", ""joined"", ""contract_until"", ""change_notes""]","{""player"": """", ""dob"": """", ""position"": """", ""shirt_number"": """", ""joined"": """", ""contract_until"": """", ""change_notes"": """"}","{""player"": ""Johaneko Louis-Jean"", ""dob"": ""2004-06-28"", ""position"": ""Rechter Verteidiger"", ""shirt_number"": ""31"", ""joined"": """", ""contract_until"": ""2027-06-30"", ""change_notes"": ""[]""}",https://www.transfermarkt.de/athletic-bilbao/kader/verein/621/saison_id/2026/plus/1,,ab659443e6b62a44b52f2d2bddfbd8dfab1041e92d677f7ed9d83c4f59284305,REVIEW_REQUIRED,Source comparison only; absence is not departure evidence.
ESP1,Racing Santander,630,Aarón Martín,251878,SOURCE_FIELDS_CHANGED,"[""change_notes""]","{""change_notes"": ""[\""Neuzugang von: Genua CFC; Datum: 01.09.2026; Ablöse: 2,00 Mio. €\""]""}","{""change_notes"": ""[\""Neuzugang von: Genua CFC; Datum: 01.09.2026; Ablöse: ablösefrei\""]""}",https://www.transfermarkt.de/racing-santander/kader/verein/630/saison_id/2026/plus/1,25366f91cfb04f0152e600eb11b6483a68d94c44b0dea94645330153b10e597f,18a40c3ef461fb12859ab644f10535935a6e0f3b45aa680347aab5a3a4eda60f,REVIEW_REQUIRED,Source comparison only; absence is not departure evidence.
ESP1,Racing Santander,630,Pablo García,961087,SOURCE_FIELDS_CHANGED,"[""change_notes""]","{""change_notes"": ""[\""Neuzugang von: Real Betis Sevilla; Datum: 01.09.2026; Ablöse: 5,50 Mio. €\""]""}","{""change_notes"": ""[\""Neuzugang von: Real Betis Sevilla; Datum: 01.09.2026; Ablöse: 3,80 Mio. €\""]""}",https://www.transfermarkt.de/racing-santander/kader/verein/630/saison_id/2026/plus/1,25366f91cfb04f0152e600eb11b6483a68d94c44b0dea94645330153b10e597f,18a40c3ef461fb12859ab644f10535935a6e0f3b45aa680347aab5a3a4eda60f,REVIEW_REQUIRED,Source comparison only; absence is not departure evidence.
FRA1,Racing Straßburg,667,Oso,1032280,SOURCE_FIELDS_CHANGED,"[""position""]","{""position"": ""Linksaußen""}","{""position"": ""Linker Verteidiger""}",https://www.transfermarkt.de/racing-strassburg/kader/verein/667/saison_id/2026/plus/1,a95dbead09a74d1480e37f5c927e9b9fbf6a67f5e19748bdc34649017dbb41bd,fccce58645fe78054a145422d6552e5063a2af42aa0162b26c1d373f842bfa0c,REVIEW_REQUIRED,Source comparison only; absence is not departure evidence.
CZE1,FC Slovan Liberec,697,Afolabi Soliu,1200278,ABSENT_FROM_NEW_SOURCE,"[""player"", ""dob"", ""position"", ""shirt_number"", ""joined"", ""contract_until"", ""change_notes""]","{""player"": ""Afolabi Soliu"", ""dob"": ""2005-08-08"", ""position"": ""Linksaußen"", ""shirt_number"": ""7"", ""joined"": ""2025-07-01"", ""contract_until"": ""2029-06-30"", ""change_notes"": ""[]""}","{""player"": """", ""dob"": """", ""position"": """", ""shirt_number"": """", ""joined"": """", ""contract_until"": """", ""change_notes"": """"}",https://www.transfermarkt.de/fc-slovan-liberec/kader/verein/697/saison_id/2026/plus/1,045813cd427121babba03a53206d3a0c60bd31dc6934d7035092a6a031712d2f,,REVIEW_REQUIRED,Source comparison only; absence is not departure evidence.
CZE1,FC Slovan Liberec,697,David Hamansenya,1401055,NEW_SOURCE_ROW,"[""player"", ""dob"", ""position"", ""shirt_number"", ""joined"", ""contract_until"", ""change_notes""]","{""player"": """", ""dob"": """", ""position"": """", ""shirt_number"": """", ""joined"": """", ""contract_until"": """", ""change_notes"": """"}","{""player"": ""David Hamansenya"", ""dob"": ""2007-06-24"", ""position"": ""Linker Verteidiger"", ""shirt_number"": ""-"", ""joined"": ""2026-09-08"", ""contract_until"": """", ""change_notes"": ""[]""}",https://www.transfermarkt.de/fc-slovan-liberec/kader/verein/697/saison_id/2026/plus/1,,6aba2d7156fcbb82e5f0f245492c388de338ad498bd8ff4bd953a9b7fb194317,REVIEW_REQUIRED,Source comparison only; absence is not departure evidence.
CZE1,FC Slovan Liberec,697,Matej Mikulenka,751681,NEW_SOURCE_ROW,"[""player"", ""dob"", ""position"", ""shirt_number"", ""joined"", ""contract_until"", ""change_notes""]","{""player"": """", ""dob"": """", ""position"": """", ""shirt_number"": """", ""joined"": """", ""contract_until"": """", ""change_notes"": """"}","{""player"": ""Matej Mikulenka"", ""dob"": ""2004-02-05"", ""position"": ""Rechtes Mittelfeld"", ""shirt_number"": ""-"", ""joined"": ""2026-09-08"", ""contract_until"": ""2031-06-30"", ""change_notes"": ""[\""Neuzugang von: SK Sigma Olmütz; Datum: 08.09.2026; Ablöse: 1,00 Mio. €\""]""}",https://www.transfermarkt.de/fc-slovan-liberec/kader/verein/697/saison_id/2026/plus/1,,6aba2d7156fcbb82e5f0f245492c388de338ad498bd8ff4bd953a9b7fb194317,REVIEW_REQUIRED,Source comparison only; absence is not departure evidence.
POR1,Académico Viseu FC,7788,Tomás Silva,1041169,ABSENT_FROM_NEW_SOURCE,"[""player"", ""dob"", ""position"", ""shirt_number"", ""joined"", ""contract_until"", ""change_notes""]","{""player"": ""Tomás Silva"", ""dob"": ""2003-10-25"", ""position"": ""Zentrales Mittelfeld"", ""shirt_number"": ""55"", ""joined"": ""2022-07-01"", ""contract_until"": ""2027-06-30"", ""change_notes"": ""[]""}","{""player"": """", ""dob"": """", ""position"": """", ""shirt_number"": """", ""joined"": """", ""contract_until"": """", ""change_notes"": """"}",https://www.transfermarkt.de/academico-viseu-fc/kader/verein/7788/saison_id/2026/plus/1,f40ef27dedfb4dd56ee806b8854e00a98290d23600ac9cc15cef852a4df3864d,,REVIEW_REQUIRED,Source comparison only; absence is not departure evidence.
POR1,Académico Viseu FC,7788,Ewerton,682047,SOURCE_FIELDS_CHANGED,"[""change_notes""]","{""change_notes"": ""[\""Neuzugang von: Barra FC (SC); Datum: 23.07.2026; Ablöse: ?\""]""}","{""change_notes"": ""[]""}",https://www.transfermarkt.de/academico-viseu-fc/kader/verein/7788/saison_id/2026/plus/1,f40ef27dedfb4dd56ee806b8854e00a98290d23600ac9cc15cef852a4df3864d,340241555ec1793a42690aa5ffe614fb73194989e73960db5786f409bd3783e4,REVIEW_REQUIRED,Source comparison only; absence is not departure evidence.
CZE1,FK Teplice,814,Abdourahman Badamosi,1369811,NEW_SOURCE_ROW,"[""player"", ""dob"", ""position"", ""shirt_number"", ""joined"", ""contract_until"", ""change_notes""]","{""player"": """", ""dob"": """", ""position"": """", ""shirt_number"": """", ""joined"": """", ""contract_until"": """", ""change_notes"": """"}","{""player"": ""Abdourahman Badamosi"", ""dob"": ""2007-01-10"", ""position"": ""Mittelstürmer"", ""shirt_number"": ""-"", ""joined"": ""2026-09-08"", ""contract_until"": """", ""change_notes"": ""[\""Neuzugang von: Paide Linnameeskond; Datum: 08.09.2026; Ablöse: ?\""]""}",https://www.transfermarkt.de/fk-teplice/kader/verein/814/saison_id/2026/plus/1,,d56a4f10e63ee591f34d8043653f8dec1ff43e812697defcdc04274a50cee948,REVIEW_REQUIRED,Source comparison only; absence is not departure evidence.
TUR1,Genclerbirligi Ankara,820,Sékou Koïta,402010,SOURCE_FIELDS_CHANGED,"[""contract_until""]","{""contract_until"": ""2027-06-30""}","{""contract_until"": ""2028-06-30""}",https://www.transfermarkt.de/genclerbirligi-ankara/kader/verein/820/saison_id/2026/plus/1,2dea0d7003d1a9ab5409383c7b1fb8342b3dcccaf80406d9f530897b85217a60,9fb824ef54d8cf6c84b7b150acc7ac82c0b5fa7fc8222f7f3c24c366e83db062,REVIEW_REQUIRED,Source comparison only; absence is not departure evidence.
TUR1,Genclerbirligi Ankara,820,Rafael Luís,637803,SOURCE_FIELDS_CHANGED,"[""change_notes""]","{""change_notes"": ""[\""Neuzugang von: Benfica Lissabon B; Datum: 04.09.2026; Ablöse: ?\""]""}","{""change_notes"": ""[\""Neuzugang von: Benfica Lissabon B; Datum: 04.09.2026; Ablöse: ablösefrei\""]""}",https://www.transfermarkt.de/genclerbirligi-ankara/kader/verein/820/saison_id/2026/plus/1,2dea0d7003d1a9ab5409383c7b1fb8342b3dcccaf80406d9f530897b85217a60,9fb824ef54d8cf6c84b7b150acc7ac82c0b5fa7fc8222f7f3c24c366e83db062,REVIEW_REQUIRED,Source comparison only; absence is not departure evidence.
FRA1,RC Lens,826,Mezian Mesloub,1297674,SOURCE_FIELDS_CHANGED,"[""position""]","{""position"": ""Zentrales Mittelfeld""}","{""position"": ""Offensives Mittelfeld""}",https://www.transfermarkt.de/rc-lens/kader/verein/826/saison_id/2026/plus/1,111fcbf254e5a052c532126b1a094f48d65dc77d2e57495eadd58d8fdc9fddc1,7fb4fc29a59ca1fd1875a851a1378fb40304c090e369d517a86f6d13f80ab3c8,REVIEW_REQUIRED,Source comparison only; absence is not departure evidence.
ITA1,Frosinone Calcio,8970,Alejandro Cichero,1086590,ABSENT_FROM_NEW_SOURCE,"[""player"", ""dob"", ""position"", ""shirt_number"", ""joined"", ""contract_until"", ""change_notes""]","{""player"": ""Alejandro Cichero"", ""dob"": ""2006-07-11"", ""position"": ""Mittelstürmer"", ""shirt_number"": ""29"", ""joined"": ""2026-07-01"", ""contract_until"": """", ""change_notes"": ""[\""Interner Wechsel: Frosinone Calcio U19; Datum: 01.07.2026\""]""}","{""player"": """", ""dob"": """", ""position"": """", ""shirt_number"": """", ""joined"": """", ""contract_until"": """", ""change_notes"": """"}",https://www.transfermarkt.de/frosinone-calcio/kader/verein/8970/saison_id/2026/plus/1,5a6fccc19ec27476a30f0b398ccb4160926069cd1757ee7e3a036a294b203c90,,REVIEW_REQUIRED,Source comparison only; absence is not departure evidence.
BEL1,KVC Westerlo,968,Pape Diong,1183575,SOURCE_FIELDS_CHANGED,"[""shirt_number""]","{""shirt_number"": ""-""}","{""shirt_number"": ""26""}",https://www.transfermarkt.de/kvc-westerlo/kader/verein/968/saison_id/2026/plus/1,10d91dee9ef28813bc773ee85b0f4e0bb74a7d6f7022950dba1f8ebddbc47fdc,4b321535def794641a57896ea3b395b11fb16964a25bb51fab6f75bf5e2a3382,REVIEW_REQUIRED,Source comparison only; absence is not departure evidence.
BEL1,KVC Westerlo,968,Karol Borys,890272,ABSENT_FROM_NEW_SOURCE,"[""player"", ""dob"", ""position"", ""shirt_number"", ""joined"", ""contract_until"", ""change_notes""]","{""player"": ""Karol Borys"", ""dob"": ""2006-09-28"", ""position"": ""Offensives Mittelfeld"", ""shirt_number"": ""18"", ""joined"": ""2024-02-01"", ""contract_until"": ""2028-06-30"", ""change_notes"": ""[\""Rückkehr nach Leihe von: NK Maribor; Datum: 30.06.2026; Ablöse: Leih-Ende\""]""}","{""player"": """", ""dob"": """", ""position"": """", ""shirt_number"": """", ""joined"": """", ""contract_until"": """", ""change_notes"": """"}",https://www.transfermarkt.de/kvc-westerlo/kader/verein/968/saison_id/2026/plus/1,10d91dee9ef28813bc773ee85b0f4e0bb74a7d6f7022950dba1f8ebddbc47fdc,,REVIEW_REQUIRED,Source comparison only; absence is not departure evidence.
POR1,Moreirense FC,979,Alexandre Parsemain,811432,SOURCE_FIELDS_CHANGED,"[""change_notes""]","{""change_notes"": ""[\""Neuzugang von: FC Lugano; Datum: 02.07.2026; Ablöse: ?\""]""}","{""change_notes"": ""[\""Neuzugang von: FC Lugano; Datum: 02.07.2026; Ablöse: 650 Tsd. €\""]""}",https://www.transfermarkt.de/moreirense-fc/kader/verein/979/saison_id/2026/plus/1,420697a19e1de62298d2eb62f1436d2a100593f5afc8902551c8418dc23163e7,9aa16aff197b371e36892b5321c0c1db769f09802a8338c111eb56304e7798bc,REVIEW_REQUIRED,Source comparison only; absence is not departure evidence.
