league,club,player,player_tm_id,fm_id,native_club_id,target_club_id,native_loan_enabled,native_loan_owner_club_id,native_loan_start,native_loan_end,protected_conditions_sha256,future_conditions_sha256,profile_joined,profile_contract_until,profile_loan_owner_tm_id,profile_owner_contract_until,event_types,event_dates,blocker_category,disposition,source,source_sha256,snapshot_date
GER3,TSV Alemannia Aachen,Manuel Riemann,40792,1000013211,0,1376276,0,0,,,0ba17782700c82fd4c43eb6b87844d7dfeb90678849ce5fc116bde64ba5b973d,9a271f2a916b0b6ee6cecb2426f0b3206ef074578be55d9bc94f6f3fe3ab86aa,2026-01-27,2027-06-30,,,,,NATIVE_CONDITION_TYPE_NOT_EXPORTED,HOLD_NO_SAFE_NATIVE_MUTATION,https://www.transfermarkt.de/manuel-riemann/profil/spieler/40792,64ec8ae87cddee1bd401d26b3e91f9940c7e58cd00c4d553049bdf5bf99402d6,2026-09-12
ENG1,Hull City,Paddy McNair,167268,301431,6239520,917532,0,0,,,3595a162eb03a4b5d8ebee7fcc83b14ac4958c89a1c5a6a6b581063fc3401728,9a271f2a916b0b6ee6cecb2426f0b3206ef074578be55d9bc94f6f3fe3ab86aa,2026-01-28,2027-06-30,,,,,NATIVE_CONDITION_TYPE_NOT_EXPORTED,HOLD_NO_SAFE_NATIVE_MUTATION,https://www.transfermarkt.de/paddy-mcnair/profil/spieler/167268,31f360a6a55387b2ac1af2d05c3b2b589e19342c14111afa0500c6fb1f44179d,2026-09-12
CZE1,FK Pardubice,Ales Mandous,240536,11317,786434,790538,1,786441,01.07.2025,30.06.2026,9a271f2a916b0b6ee6cecb2426f0b3206ef074578be55d9bc94f6f3fe3ab86aa,9a271f2a916b0b6ee6cecb2426f0b3206ef074578be55d9bc94f6f3fe3ab86aa,2026-01-16,2028-06-30,,,,,CURRENT_OWNER_OR_TERMINAL_EVENT_UNPROVEN,HOLD_NO_SAFE_NATIVE_MUTATION,https://www.transfermarkt.de/ales-mandous/profil/spieler/240536,ed20207d928a06467da493040037d035177a66bab035d5fb7d1c73b966a5c5c2,2026-09-12
ENG1,Aston Villa,Tammy Abraham,331726,199880,3145824,917506,1,1769476,01.07.2025,30.06.2026,9a271f2a916b0b6ee6cecb2426f0b3206ef074578be55d9bc94f6f3fe3ab86aa,9a271f2a916b0b6ee6cecb2426f0b3206ef074578be55d9bc94f6f3fe3ab86aa,2026-01-27,2030-06-30,,,,,CURRENT_OWNER_OR_TERMINAL_EVENT_UNPROVEN,HOLD_NO_SAFE_NATIVE_MUTATION,https://www.transfermarkt.de/tammy-abraham/profil/spieler/331726,691c21ed3a6a5093b16a62d2fc509bb81ca4246efaa9812bc259a9f099d6aa9d,2026-09-12
TUR1,Samsunspor,Elayis Tavsan,462086,292895,1769569,3145745,1,1769496,01.07.2025,30.06.2026,9a271f2a916b0b6ee6cecb2426f0b3206ef074578be55d9bc94f6f3fe3ab86aa,9a271f2a916b0b6ee6cecb2426f0b3206ef074578be55d9bc94f6f3fe3ab86aa,2026-01-16,2030-06-30,,,,,CURRENT_OWNER_OR_TERMINAL_EVENT_UNPROVEN,HOLD_NO_SAFE_NATIVE_MUTATION,https://www.transfermarkt.de/elayis-tavsan/profil/spieler/462086,41ad95983aab8f243ba758159e6002768c55d5c04d21407e3e25a934d73c5097,2026-09-12
CZE1,SK Slavia Prag,David Jurásek,500054,199892,3145824,786441,1,2490372,01.07.2025,30.06.2026,9a271f2a916b0b6ee6cecb2426f0b3206ef074578be55d9bc94f6f3fe3ab86aa,9a271f2a916b0b6ee6cecb2426f0b3206ef074578be55d9bc94f6f3fe3ab86aa,2026-01-16,2029-06-30,,,,,CURRENT_OWNER_OR_TERMINAL_EVENT_UNPROVEN,HOLD_NO_SAFE_NATIVE_MUTATION,https://www.transfermarkt.de/david-jurasek/profil/spieler/500054,abc054d845ddcbd2d2735c773da363c61359c7dce6e9f0d8d22855a4551d6a33,2026-09-12
ENG1,Tottenham Hotspur,Mykhaylo Mudryk,537860,23316,917513,917514,0,0,,,41d6131b4c079318a09c83e77725906c64c8431b2bffba92e27630b5e6093eae,9a271f2a916b0b6ee6cecb2426f0b3206ef074578be55d9bc94f6f3fe3ab86aa,2026-09-01,2027-06-30,631,2031-06-30,LOAN,,NATIVE_CONDITION_TYPE_NOT_EXPORTED,HOLD_NO_SAFE_NATIVE_MUTATION,https://www.transfermarkt.de/mykhaylo-mudryk/profil/spieler/537860,0b2b72c6b009136d2ed50d6cbf01e436297919590047c6bb538c772b68ebbf07,2026-09-12
NED1,Willem II Tilburg,Amine Et-Taïbi,565401,136794,2228251,2228239,1,458787,01.07.2025,30.06.2026,9a271f2a916b0b6ee6cecb2426f0b3206ef074578be55d9bc94f6f3fe3ab86aa,9a271f2a916b0b6ee6cecb2426f0b3206ef074578be55d9bc94f6f3fe3ab86aa,2026-01-21,2028-06-30,,,,,CURRENT_OWNER_OR_TERMINAL_EVENT_UNPROVEN,HOLD_NO_SAFE_NATIVE_MUTATION,https://www.transfermarkt.de/amine-et-taibi/profil/spieler/565401,7d684a590b64cfff202c962e122520a4581881eecc652b51526e840310805e15,2026-09-12
GER1,FC Schalke 04,Adil Aouchiche,569385,289289,2752524,1376266,1,917524,01.07.2025,30.06.2026,9a271f2a916b0b6ee6cecb2426f0b3206ef074578be55d9bc94f6f3fe3ab86aa,9a271f2a916b0b6ee6cecb2426f0b3206ef074578be55d9bc94f6f3fe3ab86aa,2026-02-02,2030-06-30,,,,,CURRENT_OWNER_OR_TERMINAL_EVENT_UNPROVEN,HOLD_NO_SAFE_NATIVE_MUTATION,https://www.transfermarkt.de/adil-aouchiche/profil/spieler/569385,27e6b486a95b46c36d377e74292b14236abfbfa94fa39686024c9882d33b2b43,2026-09-12
NED1,Fortuna Sittard,Shiloh 't Zand,595247,294619,2228232,2228247,0,0,,,6339826bb66fcc7c993e7b23b859e93ab38c97bda50bf7ebbc652781947e69e6,9a271f2a916b0b6ee6cecb2426f0b3206ef074578be55d9bc94f6f3fe3ab86aa,2026-07-16,2027-06-30,24366,2028-06-30,LOAN,,NATIVE_CONDITION_TYPE_NOT_EXPORTED,HOLD_NO_SAFE_NATIVE_MUTATION,https://www.transfermarkt.de/shiloh-t-zand/profil/spieler/595247,673d256c71796598dd5bae0a7fceab9788bc86e2d6448cdb316b160469dac010,2026-09-12
GER2,SpVgg Greuther Fürth,Krisztián Keresztes,626472,289036,2752515,1376288,1,1507333,01.07.2025,30.06.2026,9a271f2a916b0b6ee6cecb2426f0b3206ef074578be55d9bc94f6f3fe3ab86aa,9a271f2a916b0b6ee6cecb2426f0b3206ef074578be55d9bc94f6f3fe3ab86aa,2026-07-25,2027-06-30,6058,,LOAN,,OWNER_CONTRACT_END_UNPROVEN,HOLD_NO_SAFE_NATIVE_MUTATION,https://www.transfermarkt.de/krisztian-keresztes/profil/spieler/626472,4bc8357fca4ced8025bc9cbdeb5432fa733319b3fcf19bce6b9046f112fafa25,2026-09-12
GER3,FC Hansa Rostock,Jaaso Jantunen,741578,277876,1376270,1376265,0,0,,,f81257d7fb5a780257cf6d7948ad8224e18d27335da7da1fe6deb985ebf8c29a,9a271f2a916b0b6ee6cecb2426f0b3206ef074578be55d9bc94f6f3fe3ab86aa,2026-08-27,2027-06-30,245,,LOAN,,NATIVE_CONDITION_TYPE_NOT_EXPORTED,HOLD_NO_SAFE_NATIVE_MUTATION,https://www.transfermarkt.de/jaaso-jantunen/profil/spieler/741578,e4a1d2ef5d0bbe1fa3b9ebaec42f0952079e6f2597916823a26799cda1fc01b5,2026-09-12
ITA1,Venezia FC,Matteo Dagasso,744621,282591,1769503,1769500,0,0,,,3595a162eb03a4b5d8ebee7fcc83b14ac4958c89a1c5a6a6b581063fc3401728,9a271f2a916b0b6ee6cecb2426f0b3206ef074578be55d9bc94f6f3fe3ab86aa,2026-01-28,2030-06-30,,,,,NATIVE_CONDITION_TYPE_NOT_EXPORTED,HOLD_NO_SAFE_NATIVE_MUTATION,https://www.transfermarkt.de/matteo-dagasso/profil/spieler/744621,fd209eb1d1c5b5a9fe05476d7ab6ae8164a771a72b6519e195e0a76b6316ba8b,2026-09-12
POR1,CD Santa Clara,Vitinho,796742,223200,3552405,2490388,1,3538952,01.07.2025,30.06.2026,9a271f2a916b0b6ee6cecb2426f0b3206ef074578be55d9bc94f6f3fe3ab86aa,9a271f2a916b0b6ee6cecb2426f0b3206ef074578be55d9bc94f6f3fe3ab86aa,2026-02-02,2029-06-30,,,,,CURRENT_OWNER_OR_TERMINAL_EVENT_UNPROVEN,HOLD_NO_SAFE_NATIVE_MUTATION,https://www.transfermarkt.de/vitinho/profil/spieler/796742,84f458c54a6e1648736d33830d6d109bf9cd36512eb38537c1ce927708e6f824,2026-09-12
POR1,FC Alverca,Diogo Spencer,858252,288094,2504148,2490393,1,2490372,01.07.2025,30.06.2026,9a271f2a916b0b6ee6cecb2426f0b3206ef074578be55d9bc94f6f3fe3ab86aa,9a271f2a916b0b6ee6cecb2426f0b3206ef074578be55d9bc94f6f3fe3ab86aa,2026-01-30,2028-06-30,,,,,CURRENT_OWNER_OR_TERMINAL_EVENT_UNPROVEN,HOLD_NO_SAFE_NATIVE_MUTATION,https://www.transfermarkt.de/diogo-spencer/profil/spieler/858252,7d6471278a23c848be2da6517ecbd729de5b912d19fffcb322a3d6c0a19d50e6,2026-09-12
TUR1,Kocaelispor,Mahamadou Susoho,895074,288463,2752522,3145754,1,917518,01.07.2025,30.06.2026,9a271f2a916b0b6ee6cecb2426f0b3206ef074578be55d9bc94f6f3fe3ab86aa,9a271f2a916b0b6ee6cecb2426f0b3206ef074578be55d9bc94f6f3fe3ab86aa,2026-01-31,2028-06-30,,,,,CURRENT_OWNER_OR_TERMINAL_EVENT_UNPROVEN,HOLD_NO_SAFE_NATIVE_MUTATION,https://www.transfermarkt.de/mahamadou-susoho/profil/spieler/895074,f02b854de94c20048d1b3438b29b03fe8f8b8fa179f1089000c4bb74fb034c19,2026-09-12
GER3,SSV Jahn Regensburg,John Posselt,918130,268481,1376539,1376436,1,1376421,01.07.2025,30.06.2026,9a271f2a916b0b6ee6cecb2426f0b3206ef074578be55d9bc94f6f3fe3ab86aa,9a271f2a916b0b6ee6cecb2426f0b3206ef074578be55d9bc94f6f3fe3ab86aa,2026-01-08,2027-06-30,,,,,CURRENT_OWNER_OR_TERMINAL_EVENT_UNPROVEN,HOLD_NO_SAFE_NATIVE_MUTATION,https://www.transfermarkt.de/john-posselt/profil/spieler/918130,3812a847ae4e3d9fb2b2949aaeeab2a7e47260c47bec635ff57b7ae3615f2e94,2026-09-12
ESP1,Racing Santander,Jeanuël Belocian,919515,277070,1376261,2949137,0,0,,,86d2095e08c4eeef1fad3fc0fa59741f3ce9def0531793a64f3e50623f5acc17,9a271f2a916b0b6ee6cecb2426f0b3206ef074578be55d9bc94f6f3fe3ab86aa,2026-09-01,2027-06-30,15,2029-06-30,LOAN | LOAN_RETURN,2026-06-30,NATIVE_CONDITION_TYPE_NOT_EXPORTED,HOLD_NO_SAFE_NATIVE_MUTATION,https://www.transfermarkt.de/jeanuel-belocian/profil/spieler/919515,8502e19cbe96725c9e9d0424f59c3f95ba4506fd8c390f297058a1ca1fdb6b8a,2026-09-12
FRA1,FC Le Mans,Lucas Bretelle,941561,236277,471041,1179682,0,0,,,98cedbe7a683a437cd5365893c7155a3906e4dd3a1eb08ba090304a9e1adbdd9,9a271f2a916b0b6ee6cecb2426f0b3206ef074578be55d9bc94f6f3fe3ab86aa,2026-01-02,2029-06-30,,,,,NATIVE_CONDITION_TYPE_NOT_EXPORTED,HOLD_NO_SAFE_NATIVE_MUTATION,https://www.transfermarkt.de/lucas-bretelle/profil/spieler/941561,5475241878a66eeb67c3185663635fa6277c400968e40461bf33b3b51cea3776,2026-09-12
ITA1,US Lecce,Milos Jovic,943473,269972,3354941,1769483,1,3355005,01.07.2025,30.06.2026,9a271f2a916b0b6ee6cecb2426f0b3206ef074578be55d9bc94f6f3fe3ab86aa,9a271f2a916b0b6ee6cecb2426f0b3206ef074578be55d9bc94f6f3fe3ab86aa,2025-08-28,2029-06-30,,,,,CURRENT_OWNER_OR_TERMINAL_EVENT_UNPROVEN,HOLD_NO_SAFE_NATIVE_MUTATION,https://www.transfermarkt.de/milos-jovic/profil/spieler/943473,b105c636c2a21486be0a73a5851fe252ff08f4f39814b83d477288d6ade98a85,2026-09-12
ITA1,AC Mailand,Alphadjo Cissè,964087,291875,1769513,1769474,1,1769496,01.07.2025,30.06.2026,9a271f2a916b0b6ee6cecb2426f0b3206ef074578be55d9bc94f6f3fe3ab86aa,9a271f2a916b0b6ee6cecb2426f0b3206ef074578be55d9bc94f6f3fe3ab86aa,2026-02-02,2030-06-30,,,,,CURRENT_OWNER_OR_TERMINAL_EVENT_UNPROVEN,HOLD_NO_SAFE_NATIVE_MUTATION,https://www.transfermarkt.de/alphadjo-cisse/profil/spieler/964087,7213ced3f0366eb42d56766d75993a90dc1a8087ee3a093ddc7ae2a91e47d133,2026-09-12
BEL1,Royal Charleroi SC,Triston Rowe,984593,280015,1193182,458761,1,917506,01.07.2025,30.06.2026,9a271f2a916b0b6ee6cecb2426f0b3206ef074578be55d9bc94f6f3fe3ab86aa,9a271f2a916b0b6ee6cecb2426f0b3206ef074578be55d9bc94f6f3fe3ab86aa,2026-09-01,2027-06-30,12124,,LOAN,,OWNER_CONTRACT_END_UNPROVEN,HOLD_NO_SAFE_NATIVE_MUTATION,https://www.transfermarkt.de/triston-rowe/profil/spieler/984593,b31f2c201126df608b635e98783cf4fdef8ae0085b709db84bdd008b5dce87c2,2026-09-12
CZE1,FC Banik Ostrau,Filip Sancl,1045167,11574,790538,786446,1,786441,01.07.2025,30.06.2026,9a271f2a916b0b6ee6cecb2426f0b3206ef074578be55d9bc94f6f3fe3ab86aa,9a271f2a916b0b6ee6cecb2426f0b3206ef074578be55d9bc94f6f3fe3ab86aa,2026-01-16,2029-06-30,,,,,CURRENT_OWNER_OR_TERMINAL_EVENT_UNPROVEN,HOLD_NO_SAFE_NATIVE_MUTATION,https://www.transfermarkt.de/filip-sancl/profil/spieler/1045167,47e3471f397d9a3003cad87258342277e3834b6048f846473a745791ea852021,2026-09-12
ESP1,UD Levante,Thiago Fernández,1127730,212122,3407878,2949128,0,0,,,cbdffe7b7c1888f19e927925dce9429b9d2ce1ba8a461c894c77382fdb8cb3b2,9a271f2a916b0b6ee6cecb2426f0b3206ef074578be55d9bc94f6f3fe3ab86aa,2026-08-11,2027-06-30,1050,2031-06-30,LOAN_RETURN | LOAN,2026-06-30,NATIVE_CONDITION_TYPE_NOT_EXPORTED,HOLD_NO_SAFE_NATIVE_MUTATION,https://www.transfermarkt.de/thiago-fernandez/profil/spieler/1127730,188257f9df747ba73dd6972c064ae250132b2462589378e71b28c31e5f273e22,2026-09-12
CZE1,SK Artis Brünn,Emmanuel Fully,1174744,295816,786441,790564,1,7999502,01.01.2025,31.12.2025,9a271f2a916b0b6ee6cecb2426f0b3206ef074578be55d9bc94f6f3fe3ab86aa,9a271f2a916b0b6ee6cecb2426f0b3206ef074578be55d9bc94f6f3fe3ab86aa,2026-07-26,2027-06-30,6541,2029-06-30,LOAN_RETURN | LOAN,2026-06-30,OWNER_NATIVE_MAPPING_UNPROVEN,HOLD_NO_SAFE_NATIVE_MUTATION,https://www.transfermarkt.de/emmanuel-fully/profil/spieler/1174744,4222509c2acc73a339f098d03233538835a379f4ba75e55abeff0837dfe2b5a8,2026-09-12
ENG1,Sunderland,Jocelin Ta Bi,1322090,114549,1703940,917524,1,1703944,01.07.2025,30.06.2026,9a271f2a916b0b6ee6cecb2426f0b3206ef074578be55d9bc94f6f3fe3ab86aa,9a271f2a916b0b6ee6cecb2426f0b3206ef074578be55d9bc94f6f3fe3ab86aa,2026-01-16,2030-06-30,,,,,CURRENT_OWNER_OR_TERMINAL_EVENT_UNPROVEN,HOLD_NO_SAFE_NATIVE_MUTATION,https://www.transfermarkt.de/jocelin-ta-bi/profil/spieler/1322090,868f5a24b64cc4ca0587cbee02a25531be08e6ed8541592fd522eabc32743117,2026-09-12
