league,player,player_tm_id,fm_id,fifa_id,dob,old_native_club_id,new_native_club_id,current_club,current_club_tm_id,known_join,public_contract_end,old_native_contract_end,event_id,event_date,event_old_club_tm_id,event_new_club_tm_id,roster_profile_agree,identity_method,source_confidence,primary_source,primary_source_sha256,roster_source,roster_source_sha256,profile_source,profile_source_sha256,event_source,event_source_sha256,snapshot_date,status,policy_reason
BEL1,Arthur Cremer,548619,237880,0,2000-08-18,458772,458761,Royal Charleroi SC,172,2026-07-12,,2026-06-30,6421825,,1199,172,YES,DOB_NAME,SECONDARY_ROSTER_PROFILE_PERMANENT_EVENT_END_UNDISCLOSED,,,https://www.transfermarkt.de/royal-charleroi-sc/kader/verein/172/saison_id/2026/plus/1,be345af7e14ab40246420c64e873b34283e56e8aafa6f5b344acf44cf11dfec1,https://www.transfermarkt.de/arthur-cremer/profil/spieler/548619,a85abe597cca4c9d6a2f5a6b5cd41900a79b5db095c1f82c3d02c51d8a9dd97c,https://www.transfermarkt.de/jupiler-pro-league/transfers/wettbewerb/BE1/saison_id/2026,b7bb2a6732c6fd36f5bc04c1a381201e6b000a9931eb01f1c8cd74786f19bd7c,2026-09-12,POLICY_EXCEPTION_REQUIRED,"Current permanent membership and join are confirmed, but no evidenced future contract end exists and the Native08 end is expired"
BEL1,Boubakar Dembaga,1173870,284502,0,2006-06-07,1179655,458761,Royal Charleroi SC,172,2026-07-15,,2026-06-30,6428939,,9668,172,YES,DOB_NAME,PRIMARY_PERMANENT_END_UNDISCLOSED,https://www.sporting-charleroi.be/news/boubakar-dembaga-rejoint-le-sporting-de-charleroi/,331cfa1ea7ae771b83c19c5617b79315e2bf026c37c3f6c6587b33de4e31db5c,https://www.transfermarkt.de/royal-charleroi-sc/kader/verein/172/saison_id/2026/plus/1,be345af7e14ab40246420c64e873b34283e56e8aafa6f5b344acf44cf11dfec1,https://www.transfermarkt.de/boubakar-dembaga/profil/spieler/1173870,dccf3a4475669d76f6de20b969b3c426861d0da9ef85bd7b338a07e71cae0768,https://www.transfermarkt.de/jupiler-pro-league/transfers/wettbewerb/BE1/saison_id/2026,b7bb2a6732c6fd36f5bc04c1a381201e6b000a9931eb01f1c8cd74786f19bd7c,2026-09-12,POLICY_EXCEPTION_REQUIRED,"Current permanent membership and join are confirmed, but no evidenced future contract end exists and the Native08 end is expired"
BEL1,Isaac Cissé,1145004,36543,0,2006-10-10,9175042,458761,Royal Charleroi SC,172,2026-07-29,,2026-06-30,6468900,,7011,172,YES,DOB_NAME,SECONDARY_ROSTER_PROFILE_PERMANENT_EVENT_END_UNDISCLOSED,,,https://www.transfermarkt.de/royal-charleroi-sc/kader/verein/172/saison_id/2026/plus/1,be345af7e14ab40246420c64e873b34283e56e8aafa6f5b344acf44cf11dfec1,https://www.transfermarkt.de/isaac-cisse/profil/spieler/1145004,05148ddacd34bf00aab36f755747cb77783b510f45b2dd7be6c56a001715ca04,https://www.transfermarkt.de/jupiler-pro-league/transfers/wettbewerb/BE1/saison_id/2026,b7bb2a6732c6fd36f5bc04c1a381201e6b000a9931eb01f1c8cd74786f19bd7c,2026-09-12,POLICY_EXCEPTION_REQUIRED,"Current permanent membership and join are confirmed, but no evidenced future contract end exists and the Native08 end is expired"
BEL1,Ahmad Abu Rasen,1159156,76846,277063,2003-11-02,11993090,458759,VV St. Truiden,475,2026-08-17,,2026-06-30,6512013,,1114,475,YES,FIFA_ID,SECONDARY_ROSTER_PROFILE_PERMANENT_EVENT_END_UNDISCLOSED,,,https://www.transfermarkt.de/vv-st-truiden/kader/verein/475/saison_id/2026/plus/1,c0e976a963b2c1507ec52e39bab62ae405f89e7c2149e5b8ecc88e56b4f6ff7a,https://www.transfermarkt.de/ahmad-abu-rasen/profil/spieler/1159156,cd3095717a4e261e11fc421c93aa85901a7595d3ede91fba44d2d8e8605c1003,https://www.transfermarkt.de/jupiler-pro-league/transfers/wettbewerb/BE1/saison_id/2026,b7bb2a6732c6fd36f5bc04c1a381201e6b000a9931eb01f1c8cd74786f19bd7c,2026-09-12,POLICY_EXCEPTION_REQUIRED,"Current permanent membership and join are confirmed, but no evidenced future contract end exists and the Native08 end is expired"
BEL1,Ryotaro Araki,566011,307148,255438,2002-01-29,10682372,458759,VV St. Truiden,475,2026-07-20,,2026-06-30,6440753,,2241,475,YES,FIFA_ID,PRIMARY_PERMANENT_END_UNDISCLOSED,https://stvv.com/nl/nieuws/artikel/stvv-neemt-ryotaro-araki-over-van-kashima-antlers,cc2ec99ca0e9d90e03fa1607e48e9c41871c7c6797cb35265556d1483ae397fb,https://www.transfermarkt.de/vv-st-truiden/kader/verein/475/saison_id/2026/plus/1,c0e976a963b2c1507ec52e39bab62ae405f89e7c2149e5b8ecc88e56b4f6ff7a,https://www.transfermarkt.de/ryotaro-araki/profil/spieler/566011,6ff520c96cdf4a924844d3bc400fc05fcea5782caaa1b155ce5e92918b210c7e,https://www.transfermarkt.de/jupiler-pro-league/transfers/wettbewerb/BE1/saison_id/2026,b7bb2a6732c6fd36f5bc04c1a381201e6b000a9931eb01f1c8cd74786f19bd7c,2026-09-12,POLICY_EXCEPTION_REQUIRED,"Current permanent membership and join are confirmed, but no evidenced future contract end exists and the Native08 end is expired"
CZE1,Leos Prior,1120141,11498,0,2005-01-04,790532,786461,1.FC Slovacko,5544,2026-07-08,,2026-06-30,6412462,,27118,5544,YES,DOB_NAME,SECONDARY_ROSTER_PROFILE_PERMANENT_EVENT_END_UNDISCLOSED,,,https://www.transfermarkt.de/1-fc-slovacko/kader/verein/5544/saison_id/2026/plus/1,42dab36a10cfd13d442ece1bb7499f652fac54d38b8eba2248452673a53bcacf,https://www.transfermarkt.de/leos-prior/profil/spieler/1120141,02703b625240e7d51dabcf4edd9145693b325770d6cd7d79ec3a05227c8441fe,https://www.transfermarkt.de/chance-liga/transfers/wettbewerb/TS1/saison_id/2026,4eb600e7a8e262f0b3e2e95a268a14ae8f515e096d539a31c9981af247ff5f63,2026-09-12,POLICY_EXCEPTION_REQUIRED,"Current permanent membership and join are confirmed, but no evidenced future contract end exists and the Native08 end is expired"
CZE1,Ki-Jana Hoever,485583,23756,246763,2002-01-18,917547,786442,AC Sparta Prag,197,2026-08-25,,2026-06-30,6534818,,543,197,YES,FIFA_ID,SECONDARY_ROSTER_PROFILE_PERMANENT_EVENT_END_UNDISCLOSED,,,https://www.transfermarkt.de/ac-sparta-prag/kader/verein/197/saison_id/2026/plus/1,6b74c895ae1857517e5325904312eb2643155a1ddb4be2ba7e884a9840dcea35,https://www.transfermarkt.de/ki-jana-hoever/profil/spieler/485583,9c3bd4678a37695ca2160875ae4107d651e38e6c4c34482f9903f34e0ba65c1b,https://www.transfermarkt.de/chance-liga/transfers/wettbewerb/TS1/saison_id/2026,4eb600e7a8e262f0b3e2e95a268a14ae8f515e096d539a31c9981af247ff5f63,2026-09-12,POLICY_EXCEPTION_REQUIRED,"Current permanent membership and join are confirmed, but no evidenced future contract end exists and the Native08 end is expired"
CZE1,Loïc Mbe Soh,463610,236433,248603,2001-06-13,458802,786442,AC Sparta Prag,197,2026-08-25,,2026-06-30,6532133,,475,197,YES,FIFA_ID,SECONDARY_ROSTER_PROFILE_PERMANENT_EVENT_END_UNDISCLOSED,,,https://www.transfermarkt.de/ac-sparta-prag/kader/verein/197/saison_id/2026/plus/1,6b74c895ae1857517e5325904312eb2643155a1ddb4be2ba7e884a9840dcea35,https://www.transfermarkt.de/loic-mbe-soh/profil/spieler/463610,77b20bb6f61b99c6f7c63dd7530f84ddaf799edf9c2795b0f350977fa9d87235,https://www.transfermarkt.de/chance-liga/transfers/wettbewerb/TS1/saison_id/2026,4eb600e7a8e262f0b3e2e95a268a14ae8f515e096d539a31c9981af247ff5f63,2026-09-12,POLICY_EXCEPTION_REQUIRED,"Current permanent membership and join are confirmed, but no evidenced future contract end exists and the Native08 end is expired"
CZE1,Roman Macek,256085,11318,237317,1997-04-18,786434,786442,AC Sparta Prag,197,2026-08-01,,2026-06-30,6474124,,5546,197,YES,FIFA_ID,SECONDARY_ROSTER_PROFILE_PERMANENT_EVENT_END_UNDISCLOSED,,,https://www.transfermarkt.de/ac-sparta-prag/kader/verein/197/saison_id/2026/plus/1,6b74c895ae1857517e5325904312eb2643155a1ddb4be2ba7e884a9840dcea35,https://www.transfermarkt.de/roman-macek/profil/spieler/256085,30c170ee12b7cdb911440fadd00d9849604120e10c4f6931054dc20790a4cc99,https://www.transfermarkt.de/chance-liga/transfers/wettbewerb/TS1/saison_id/2026,4eb600e7a8e262f0b3e2e95a268a14ae8f515e096d539a31c9981af247ff5f63,2026-09-12,POLICY_EXCEPTION_REQUIRED,"Current permanent membership and join are confirmed, but no evidenced future contract end exists and the Native08 end is expired"
CZE1,Viktor Vitályos,1161671,107480,0,2007-07-18,1507331,786442,AC Sparta Prag,197,2026-07-01,,2026-06-30,6194721,,634,197,YES,DOB_NAME,SECONDARY_ROSTER_PROFILE_PERMANENT_EVENT_END_UNDISCLOSED,,,https://www.transfermarkt.de/ac-sparta-prag/kader/verein/197/saison_id/2026/plus/1,6b74c895ae1857517e5325904312eb2643155a1ddb4be2ba7e884a9840dcea35,https://www.transfermarkt.de/viktor-vitalyos/profil/spieler/1161671,c2e298c1bed64f421ec2ddaddbdef039bb7480cdc1b236e0b1f5b7297125e4d9,https://www.transfermarkt.de/chance-liga/transfers/wettbewerb/TS1/saison_id/2026,4eb600e7a8e262f0b3e2e95a268a14ae8f515e096d539a31c9981af247ff5f63,2026-09-12,POLICY_EXCEPTION_REQUIRED,"Current permanent membership and join are confirmed, but no evidenced future contract end exists and the Native08 end is expired"
CZE1,Aboubacar Traore,1071300,11262,0,2004-08-20,790540,786446,FC Banik Ostrau,377,2026-07-23,,2026-06-30,6450219,,13726,377,YES,DOB_NAME,SECONDARY_ROSTER_PROFILE_PERMANENT_EVENT_END_UNDISCLOSED,,,https://www.transfermarkt.de/fc-banik-ostrau/kader/verein/377/saison_id/2026/plus/1,3717000ca143110b9cff7bc66843b5e54104cdaa75d0e196220c4e77c8b4d611,https://www.transfermarkt.de/aboubacar-traore/profil/spieler/1071300,4fc7939bf4ee8fdbdfb0b4e47de9267f0ba211213626482efb8035906fc6fee2,https://www.transfermarkt.de/chance-liga/transfers/wettbewerb/TS1/saison_id/2026,4eb600e7a8e262f0b3e2e95a268a14ae8f515e096d539a31c9981af247ff5f63,2026-09-12,POLICY_EXCEPTION_REQUIRED,"Current permanent membership and join are confirmed, but no evidenced future contract end exists and the Native08 end is expired"
CZE1,Tomas Wiesner,334807,1000013460,246183,1997-07-17,0,790530,FC Hradec Kralove,1897,2026-07-01,,2025-06-30,6375518,,95336,1897,YES,FIFA_ID,SECONDARY_ROSTER_PROFILE_PERMANENT_EVENT_END_UNDISCLOSED,,,https://www.transfermarkt.de/fc-hradec-kralove/kader/verein/1897/saison_id/2026/plus/1,9f165382686e89ef721bef5137a1368d6a21993eeb3b6a2f26d9e63870638938,https://www.transfermarkt.de/tomas-wiesner/profil/spieler/334807,51cab74e2c2b4bf7bb4e215a7e02e74bdf0f4f0c657617a194a880d69726cc9a,https://www.transfermarkt.de/chance-liga/transfers/wettbewerb/TS1/saison_id/2026,4eb600e7a8e262f0b3e2e95a268a14ae8f515e096d539a31c9981af247ff5f63,2026-09-12,POLICY_EXCEPTION_REQUIRED,"Current permanent membership and join are confirmed, but no evidenced future contract end exists and the Native08 end is expired"
CZE1,Eric Hunal,839554,11479,0,2005-01-21,790532,786447,FC Zbrojovka Brünn,5225,2026-07-02,,2026-06-30,6376393,,62,5225,YES,DOB_NAME,SECONDARY_ROSTER_PROFILE_PERMANENT_EVENT_END_UNDISCLOSED,,,https://www.transfermarkt.de/fc-zbrojovka-brunn/kader/verein/5225/saison_id/2026/plus/1,1aeecf841a85ad9d35469b9ba37af49f38aee1b2e160fdd7ebc2df04f3863d83,https://www.transfermarkt.de/eric-hunal/profil/spieler/839554,e564cb9ae8ac3a17b4ff068d5fe4fb1154f173ef6152d8fbe89982d7fd9d986a,https://www.transfermarkt.de/chance-liga/transfers/wettbewerb/TS1/saison_id/2026,4eb600e7a8e262f0b3e2e95a268a14ae8f515e096d539a31c9981af247ff5f63,2026-09-12,POLICY_EXCEPTION_REQUIRED,"Current permanent membership and join are confirmed, but no evidenced future contract end exists and the Native08 end is expired"
CZE1,Jakub Pokorny,333494,105171,0,1996-09-11,1455254,786447,FC Zbrojovka Brünn,5225,2026-08-26,,2026-06-30,6355962,,30120,5225,YES,DOB_NAME,SECONDARY_ROSTER_PROFILE_PERMANENT_EVENT_END_UNDISCLOSED,,,https://www.transfermarkt.de/fc-zbrojovka-brunn/kader/verein/5225/saison_id/2026/plus/1,1aeecf841a85ad9d35469b9ba37af49f38aee1b2e160fdd7ebc2df04f3863d83,https://www.transfermarkt.de/jakub-pokorny/profil/spieler/333494,7ca58ef657c9d735f284c85b7c6cbe806ab7c77dab0197aa479d79087555b4f1,https://www.transfermarkt.de/chance-liga/transfers/wettbewerb/TS1/saison_id/2026,4eb600e7a8e262f0b3e2e95a268a14ae8f515e096d539a31c9981af247ff5f63,2026-09-12,POLICY_EXCEPTION_REQUIRED,"Current permanent membership and join are confirmed, but no evidenced future contract end exists and the Native08 end is expired"
CZE1,Lucky Ezeh,1005946,11258,0,2004-01-23,790540,786447,FC Zbrojovka Brünn,5225,2026-07-01,,2026-06-30,6355516,,13726,5225,YES,DOB_NAME,SECONDARY_ROSTER_PROFILE_PERMANENT_EVENT_END_UNDISCLOSED,,,https://www.transfermarkt.de/fc-zbrojovka-brunn/kader/verein/5225/saison_id/2026/plus/1,1aeecf841a85ad9d35469b9ba37af49f38aee1b2e160fdd7ebc2df04f3863d83,https://www.transfermarkt.de/lucky-ezeh/profil/spieler/1005946,d5723470d1d752d3f76158bbafa8700bfc457bcfdcb5930a4715bd0604d0dbdd,https://www.transfermarkt.de/chance-liga/transfers/wettbewerb/TS1/saison_id/2026,4eb600e7a8e262f0b3e2e95a268a14ae8f515e096d539a31c9981af247ff5f63,2026-09-12,POLICY_EXCEPTION_REQUIRED,"Current permanent membership and join are confirmed, but no evidenced future contract end exists and the Native08 end is expired"
CZE1,Petr Sevcik,147555,295792,247030,1994-05-04,786441,786447,FC Zbrojovka Brünn,5225,2026-07-01,,2026-06-30,6339513,,62,5225,YES,FIFA_ID,SECONDARY_ROSTER_PROFILE_PERMANENT_EVENT_END_UNDISCLOSED,,,https://www.transfermarkt.de/fc-zbrojovka-brunn/kader/verein/5225/saison_id/2026/plus/1,1aeecf841a85ad9d35469b9ba37af49f38aee1b2e160fdd7ebc2df04f3863d83,https://www.transfermarkt.de/petr-sevcik/profil/spieler/147555,2cce1ba0e31e9de7d0c67395441dc2263b01eee4ba4a94cf22b9bdf00358b18d,https://www.transfermarkt.de/chance-liga/transfers/wettbewerb/TS1/saison_id/2026,4eb600e7a8e262f0b3e2e95a268a14ae8f515e096d539a31c9981af247ff5f63,2026-09-12,POLICY_EXCEPTION_REQUIRED,"Current permanent membership and join are confirmed, but no evidenced future contract end exists and the Native08 end is expired"
CZE1,Roman Horak,740558,295998,0,2005-02-25,786442,786437,FK Jablonec,1322,2026-07-01,,2026-06-30,6367305,,6483,1322,YES,DOB_NAME,SECONDARY_ROSTER_PROFILE_PERMANENT_EVENT_END_UNDISCLOSED,,,https://www.transfermarkt.de/fk-jablonec/kader/verein/1322/saison_id/2026/plus/1,fa6bc207fa67c20e0cd9ca574d81e19d3d8b6b77840b71993b1620a5a4b28b21,https://www.transfermarkt.de/roman-horak/profil/spieler/740558,231d7cb4bb877ec8340c6859ea48d89a04e1455f51b89b248334623f2dad638a,https://www.transfermarkt.de/chance-liga/transfers/wettbewerb/TS1/saison_id/2026,4eb600e7a8e262f0b3e2e95a268a14ae8f515e096d539a31c9981af247ff5f63,2026-09-12,POLICY_EXCEPTION_REQUIRED,"Current permanent membership and join are confirmed, but no evidenced future contract end exists and the Native08 end is expired"
CZE1,Vojtech Vorel,221289,295989,240283,1996-06-18,786442,786434,FK Mlada Boleslav,5546,2026-07-11,,2026-06-30,6419281,,197,5546,YES,FIFA_ID,SECONDARY_ROSTER_PROFILE_PERMANENT_EVENT_END_UNDISCLOSED,,,https://www.transfermarkt.de/fk-mlada-boleslav/kader/verein/5546/saison_id/2026/plus/1,5a8600e42926651e56482ac4dac8c6e5e0e3e1754eacf142566e811f0e9bca53,https://www.transfermarkt.de/vojtech-vorel/profil/spieler/221289,175d0e397d50b98c77f7e390605d1af0f02120d18d77f2bfed81d7c688806c0c,https://www.transfermarkt.de/chance-liga/transfers/wettbewerb/TS1/saison_id/2026,4eb600e7a8e262f0b3e2e95a268a14ae8f515e096d539a31c9981af247ff5f63,2026-09-12,POLICY_EXCEPTION_REQUIRED,"Current permanent membership and join are confirmed, but no evidenced future contract end exists and the Native08 end is expired"
CZE1,Sebastian Pech,1078665,296017,0,2009-01-05,786442,786443,FK Teplice,814,2026-09-04,,2026-06-30,6566433,,6483,814,YES,DOB_NAME,SECONDARY_ROSTER_PROFILE_PERMANENT_EVENT_END_UNDISCLOSED,,,https://www.transfermarkt.de/fk-teplice/kader/verein/814/saison_id/2026/plus/1,d56a4f10e63ee591f34d8043653f8dec1ff43e812697defcdc04274a50cee948,https://www.transfermarkt.de/sebastian-pech/profil/spieler/1078665,61223ea716e705017a226d3c4a4c474959fad223a9ef0ca680ba8db574209332,https://www.transfermarkt.de/chance-liga/transfers/wettbewerb/TS1/saison_id/2026,4eb600e7a8e262f0b3e2e95a268a14ae8f515e096d539a31c9981af247ff5f63,2026-09-12,POLICY_EXCEPTION_REQUIRED,"Current permanent membership and join are confirmed, but no evidenced future contract end exists and the Native08 end is expired"
CZE1,Adam Petrak,709285,11949,0,1999-08-20,786454,790564,SK Artis Brünn,24325,2026-07-01,,2026-06-30,6368393,,892,24325,YES,DOB_NAME,SECONDARY_ROSTER_PROFILE_PERMANENT_EVENT_END_UNDISCLOSED,,,https://www.transfermarkt.de/sk-artis-brunn/kader/verein/24325/saison_id/2026/plus/1,587a867b1b6398028de49094330bc2934f1e7245d3ee79f2003e9ffe6410ac9f,https://www.transfermarkt.de/adam-petrak/profil/spieler/709285,8235082fca802c2cb1fbe4893de4267dad511f7e0aba483da7822419f4281009,https://www.transfermarkt.de/chance-liga/transfers/wettbewerb/TS1/saison_id/2026,4eb600e7a8e262f0b3e2e95a268a14ae8f515e096d539a31c9981af247ff5f63,2026-09-12,POLICY_EXCEPTION_REQUIRED,"Current permanent membership and join are confirmed, but no evidenced future contract end exists and the Native08 end is expired"
CZE1,David Simek,493763,11562,0,1998-02-15,790538,790564,SK Artis Brünn,24325,2026-07-01,,2026-06-30,6370852,,1496,24325,YES,DOB_NAME,SECONDARY_ROSTER_PROFILE_PERMANENT_EVENT_END_UNDISCLOSED,,,https://www.transfermarkt.de/sk-artis-brunn/kader/verein/24325/saison_id/2026/plus/1,587a867b1b6398028de49094330bc2934f1e7245d3ee79f2003e9ffe6410ac9f,https://www.transfermarkt.de/david-simek/profil/spieler/493763,65fe0b35ce899f71695ddb9a36104a6b6a4f94d64e9162c15b8fe81feaff8830,https://www.transfermarkt.de/chance-liga/transfers/wettbewerb/TS1/saison_id/2026,4eb600e7a8e262f0b3e2e95a268a14ae8f515e096d539a31c9981af247ff5f63,2026-09-12,POLICY_EXCEPTION_REQUIRED,"Current permanent membership and join are confirmed, but no evidenced future contract end exists and the Native08 end is expired"
CZE1,Anton Ekeroth,819392,142923,74175,2001-09-16,2359300,786439,SK Sigma Olmütz,2311,2026-08-06,,2026-06-30,6489730,,4309,2311,YES,FIFA_ID,SECONDARY_ROSTER_PROFILE_PERMANENT_EVENT_END_UNDISCLOSED,,,https://www.transfermarkt.de/sk-sigma-olmutz/kader/verein/2311/saison_id/2026/plus/1,c61d1f22a4e21ac99834db236d5c613fdf98db28632452029778a0c82954b875,https://www.transfermarkt.de/anton-ekeroth/profil/spieler/819392,4620e43579f7077d1264a7ad3d6e5e2b50eba96212d5a457ece08d86fb006475,https://www.transfermarkt.de/chance-liga/transfers/wettbewerb/TS1/saison_id/2026,4eb600e7a8e262f0b3e2e95a268a14ae8f515e096d539a31c9981af247ff5f63,2026-09-12,POLICY_EXCEPTION_REQUIRED,"Current permanent membership and join are confirmed, but no evidenced future contract end exists and the Native08 end is expired"
ENG1,Takehiro Tomiyasu,331560,1000013185,232938,1998-11-05,0,917535,Crystal Palace,873,2026-08-07,,2025-06-30,6489474,,610,873,YES,FIFA_ID,SECONDARY_ROSTER_PROFILE_PERMANENT_EVENT_END_UNDISCLOSED,,,https://www.transfermarkt.de/crystal-palace/kader/verein/873/saison_id/2026/plus/1,5b0d8110693231bc9cfcbf4e744171ea18f83dc20ff4c35e294cf84c098ae7ac,https://www.transfermarkt.de/takehiro-tomiyasu/profil/spieler/331560,044aa6174ce8b7836240ac28cbfe1f99c3b43ab2602a2f1812f0f97c71b4bbdd,https://www.transfermarkt.de/eredivisie/transfers/wettbewerb/NL1/saison_id/2026,11dc5cade25e44ad6fb6a4fa951faaf3fb97825e83aa2704c9ddc2f99499f336,2026-09-12,POLICY_EXCEPTION_REQUIRED,"Current permanent membership and join are confirmed, but no evidenced future contract end exists and the Native08 end is expired"
FRA1,Vincent Sasso,122115,272442,188538,1991-02-16,1179721,1179681,Le Havre AC,738,2026-07-13,,2026-06-30,6425403,,9202,738,YES,FIFA_ID,SECONDARY_ROSTER_PROFILE_PERMANENT_EVENT_END_UNDISCLOSED,,,https://www.transfermarkt.de/le-havre-ac/kader/verein/738/saison_id/2026/plus/1,c689367405332b2d53df382c7e86172b8f1c4f1721cf694d45fd4f70cea2659b,https://www.transfermarkt.de/vincent-sasso/profil/spieler/122115,4c74394b590307fae109aacd443f3250e5e70a1534f70bdacd9fddc307bd2a20,https://www.transfermarkt.de/ligue-1/transfers/wettbewerb/FR1/saison_id/2026,d0bdedb0ffa3ae6d9bd09c12fb5a85d4118138f6388ab0440cf2ba38e857b62b,2026-09-12,POLICY_EXCEPTION_REQUIRED,"Current permanent membership and join are confirmed, but no evidenced future contract end exists and the Native08 end is expired"
GER1,Marvin Friedrich,196231,279837,222493,1995-12-13,1376263,1376348,1. FC Union Berlin,89,2026-07-01,,2026-06-30,6347016,,18,89,YES,FIFA_ID,SECONDARY_ROSTER_PROFILE_PERMANENT_EVENT_END_UNDISCLOSED,,,https://www.transfermarkt.de/1-fc-union-berlin/kader/verein/89/saison_id/2026/plus/1,09ae9c47f64c54ef97da615c30d6aa9ae9d953e1a3e18c00b87ea902f5a73e34,https://www.transfermarkt.de/marvin-friedrich/profil/spieler/196231,0b39319f00c9cc50bce5bcfb8bc2527644a4adae6a23a3326cccb18aa6660073,https://www.transfermarkt.de/bundesliga/transfers/wettbewerb/L1/saison_id/2026,c08e4b3a81f4ba445c4d8343c0dd6f9cfb1b5e5f12689978c0e5485f5030360a,2026-09-12,POLICY_EXCEPTION_REQUIRED,"Current permanent membership and join are confirmed, but no evidenced future contract end exists and the Native08 end is expired"
GER1,Zeno Van Den Bosch,738774,235338,260931,2003-07-06,458785,1376348,1. FC Union Berlin,89,2026-07-01,,2026-06-30,6358361,,1096,89,YES,FIFA_ID,SECONDARY_ROSTER_PROFILE_PERMANENT_EVENT_END_UNDISCLOSED,,,https://www.transfermarkt.de/1-fc-union-berlin/kader/verein/89/saison_id/2026/plus/1,09ae9c47f64c54ef97da615c30d6aa9ae9d953e1a3e18c00b87ea902f5a73e34,https://www.transfermarkt.de/zeno-van-den-bosch/profil/spieler/738774,3a8d3990d7d6c88ec4459410862329e76d762d5acef1f252b8285aa14fee2718,https://www.transfermarkt.de/jupiler-pro-league/transfers/wettbewerb/BE1/saison_id/2026,b7bb2a6732c6fd36f5bc04c1a381201e6b000a9931eb01f1c8cd74786f19bd7c,2026-09-12,POLICY_EXCEPTION_REQUIRED,"Current permanent membership and join are confirmed, but no evidenced future contract end exists and the Native08 end is expired"
GER1,Eric Martel,597000,277510,256942,2002-04-29,1376275,1376259,1. FSV Mainz 05,39,2026-07-01,,2026-06-30,6318180,,3,39,YES,FIFA_ID,SECONDARY_ROSTER_PROFILE_PERMANENT_EVENT_END_UNDISCLOSED,,,https://www.transfermarkt.de/1-fsv-mainz-05/kader/verein/39/saison_id/2026/plus/1,a0ac0e0c9eb47a3776e4e43c8257aa032114b35240aadb843dc1c757a5313de7,https://www.transfermarkt.de/eric-martel/profil/spieler/597000,6be2ede93a2373b8d96070bf4f1cbf1fed001a4f18941e64f711d6b90b778a05,https://www.transfermarkt.de/bundesliga/transfers/wettbewerb/L1/saison_id/2026,c08e4b3a81f4ba445c4d8343c0dd6f9cfb1b5e5f12689978c0e5485f5030360a,2026-09-12,POLICY_EXCEPTION_REQUIRED,"Current permanent membership and join are confirmed, but no evidenced future contract end exists and the Native08 end is expired"
GER1,Ransford Königsdörffer,470038,275631,255036,2001-09-13,1376267,1376259,1. FSV Mainz 05,39,2026-07-01,,2026-06-30,6319100,,41,39,YES,FIFA_ID,SECONDARY_ROSTER_PROFILE_PERMANENT_EVENT_END_UNDISCLOSED,,,https://www.transfermarkt.de/1-fsv-mainz-05/kader/verein/39/saison_id/2026/plus/1,a0ac0e0c9eb47a3776e4e43c8257aa032114b35240aadb843dc1c757a5313de7,https://www.transfermarkt.de/ransford-konigsdorffer/profil/spieler/470038,4f5453c98afc3b600bbe07104211676b01e3493f014e687f56531215d8465d9c,https://www.transfermarkt.de/bundesliga/transfers/wettbewerb/L1/saison_id/2026,c08e4b3a81f4ba445c4d8343c0dd6f9cfb1b5e5f12689978c0e5485f5030360a,2026-09-12,POLICY_EXCEPTION_REQUIRED,"Current permanent membership and join are confirmed, but no evidenced future contract end exists and the Native08 end is expired"
GER1,Albert Millgramm,814986,276353,0,2004-11-12,1376373,1376421,SC Paderborn 07,127,2026-07-01,,2026-06-30,6241843,,6649,127,YES,DOB_NAME,SECONDARY_ROSTER_PROFILE_PERMANENT_EVENT_END_UNDISCLOSED,,,https://www.transfermarkt.de/sc-paderborn-07/kader/verein/127/saison_id/2026/plus/1,2bc1c2dc6af19cdfe4c15f929f45c9c1b3aeb6d1349fe49c0cbceca9a06d7cde,https://www.transfermarkt.de/albert-millgramm/profil/spieler/814986,19f4228ffdd0d76c3bb609d324b93fb1efcc942c461a498820c0ce31eeac9b6f,https://www.transfermarkt.de/bundesliga/transfers/wettbewerb/L1/saison_id/2026,c08e4b3a81f4ba445c4d8343c0dd6f9cfb1b5e5f12689978c0e5485f5030360a,2026-09-12,POLICY_EXCEPTION_REQUIRED,"Current permanent membership and join are confirmed, but no evidenced future contract end exists and the Native08 end is expired"
GER1,Clemens Lippmann,1148887,269699,76291,2006-06-29,1376291,1376421,SC Paderborn 07,127,2026-07-01,,2026-06-30,6329803,,72,127,YES,FIFA_ID,SECONDARY_ROSTER_PROFILE_PERMANENT_EVENT_END_UNDISCLOSED,,,https://www.transfermarkt.de/sc-paderborn-07/kader/verein/127/saison_id/2026/plus/1,2bc1c2dc6af19cdfe4c15f929f45c9c1b3aeb6d1349fe49c0cbceca9a06d7cde,https://www.transfermarkt.de/clemens-lippmann/profil/spieler/1148887,6490d15c7c16b995a8b883b6599550a7db8a215cdca1a039903db819c77fcb41,https://www.transfermarkt.de/bundesliga/transfers/wettbewerb/L1/saison_id/2026,c08e4b3a81f4ba445c4d8343c0dd6f9cfb1b5e5f12689978c0e5485f5030360a,2026-09-12,POLICY_EXCEPTION_REQUIRED,"Current permanent membership and join are confirmed, but no evidenced future contract end exists and the Native08 end is expired"
GER1,Jano ter Horst,606113,276088,276287,2002-06-19,1376419,1376421,SC Paderborn 07,127,2026-07-01,,2026-06-30,6367290,,91,127,YES,FIFA_ID,SECONDARY_ROSTER_PROFILE_PERMANENT_EVENT_END_UNDISCLOSED,,,https://www.transfermarkt.de/sc-paderborn-07/kader/verein/127/saison_id/2026/plus/1,2bc1c2dc6af19cdfe4c15f929f45c9c1b3aeb6d1349fe49c0cbceca9a06d7cde,https://www.transfermarkt.de/jano-ter-horst/profil/spieler/606113,e46fdd561b883132653eed52e758adb9164d072cf198af3814d282685e63a044,https://www.transfermarkt.de/3-liga/transfers/wettbewerb/L3/saison_id/2026,0b3a14cd36b69cd911f6821d5912f845846febfb82537a542ea2dba4cf9dcd3d,2026-09-12,POLICY_EXCEPTION_REQUIRED,"Current permanent membership and join are confirmed, but no evidenced future contract end exists and the Native08 end is expired"
GER1,Oliver Batista Meier,406614,276085,244024,2001-02-16,1376419,1376421,SC Paderborn 07,127,2026-07-01,,2026-06-30,6381579,,91,127,YES,FIFA_ID,SECONDARY_ROSTER_PROFILE_PERMANENT_EVENT_END_UNDISCLOSED,,,https://www.transfermarkt.de/sc-paderborn-07/kader/verein/127/saison_id/2026/plus/1,2bc1c2dc6af19cdfe4c15f929f45c9c1b3aeb6d1349fe49c0cbceca9a06d7cde,https://www.transfermarkt.de/oliver-batista-meier/profil/spieler/406614,09fa557d8c615779871055e428445ff0625c608c48c148b20cd7e2365be0da89,https://www.transfermarkt.de/3-liga/transfers/wettbewerb/L3/saison_id/2026,0b3a14cd36b69cd911f6821d5912f845846febfb82537a542ea2dba4cf9dcd3d,2026-09-12,POLICY_EXCEPTION_REQUIRED,"Current permanent membership and join are confirmed, but no evidenced future contract end exists and the Native08 end is expired"
GER1,Dariusz Stalmach,826795,276326,265580,2005-12-08,1376373,1376271,SV Werder Bremen,86,2026-07-01,,2026-06-30,6384006,,187,86,YES,FIFA_ID,SECONDARY_ROSTER_PROFILE_PERMANENT_EVENT_END_UNDISCLOSED,,,https://www.transfermarkt.de/sv-werder-bremen/kader/verein/86/saison_id/2026/plus/1,0a7e36159d0c7ffd555ab7f3ffa226b0cf286e7a1a009e2dca794bd509bbd26e,https://www.transfermarkt.de/dariusz-stalmach/profil/spieler/826795,d71c17ef936745f7ed5800b89e376de45438c97c2727b5b0e4877d0882d0dde9,https://www.transfermarkt.de/2-bundesliga/transfers/wettbewerb/L2/saison_id/2026,8357bb69c9755552ffad93325dd5d33bb6454a33e2c694a86ffd0059b934029a,2026-09-12,POLICY_EXCEPTION_REQUIRED,"Current permanent membership and join are confirmed, but no evidenced future contract end exists and the Native08 end is expired"
GER1,Darwin Soylu,1071244,100029,0,2007-03-23,1376274,1376271,SV Werder Bremen,86,2026-07-01,,2026-06-30,6308703,,5343,86,YES,DOB_NAME,SECONDARY_ROSTER_PROFILE_PERMANENT_EVENT_END_UNDISCLOSED,,,https://www.transfermarkt.de/sv-werder-bremen/kader/verein/86/saison_id/2026/plus/1,0a7e36159d0c7ffd555ab7f3ffa226b0cf286e7a1a009e2dca794bd509bbd26e,https://www.transfermarkt.de/darwin-soylu/profil/spieler/1071244,c3fc2dcfd46234fd693be66269107bf01244a96915e8d19c5afbb7c7a2c4322f,https://www.transfermarkt.de/bundesliga/transfers/wettbewerb/L1/saison_id/2026,c08e4b3a81f4ba445c4d8343c0dd6f9cfb1b5e5f12689978c0e5485f5030360a,2026-09-12,POLICY_EXCEPTION_REQUIRED,"Current permanent membership and join are confirmed, but no evidenced future contract end exists and the Native08 end is expired"
GER2,Yannick Onohiol,1037925,280215,0,2004-08-21,1376433,1376257,1. FC Kaiserslautern,2,2026-07-01,,2026-06-30,6320432,,983,2,YES,DOB_NAME,SECONDARY_ROSTER_PROFILE_PERMANENT_EVENT_END_UNDISCLOSED,,,https://www.transfermarkt.de/1-fc-kaiserslautern/kader/verein/2/saison_id/2026/plus/1,f57ab040dd8126f8fe2d4d84bbf8f3d5dee76ffc0d0c490223335ff120a69dd1,https://www.transfermarkt.de/yannick-onohiol/profil/spieler/1037925,d3975080e4f5f2c529d278ed260ba4dd82427fd0d3eaa2a8499be57f19e267d5,https://www.transfermarkt.de/3-liga/transfers/wettbewerb/L3/saison_id/2026,0b3a14cd36b69cd911f6821d5912f845846febfb82537a542ea2dba4cf9dcd3d,2026-09-12,POLICY_EXCEPTION_REQUIRED,"Current permanent membership and join are confirmed, but no evidenced future contract end exists and the Native08 end is expired"
GER2,Anselmo García MacNulty,631904,293734,262889,2003-02-19,2228260,1376373,1. FC Magdeburg,187,2026-07-01,,2026-06-30,6347810,,1269,187,YES,FIFA_ID,SECONDARY_ROSTER_PROFILE_PERMANENT_EVENT_END_UNDISCLOSED,,,https://www.transfermarkt.de/1-fc-magdeburg/kader/verein/187/saison_id/2026/plus/1,d0ff31a4349276164899e3293cd9c2c30e400169104ef2ece40cfdb9b3d70c93,https://www.transfermarkt.de/anselmo-garcia-macnulty/profil/spieler/631904,00d0196bd4c82cec1d9ac0cbe9affcc4fd3bfd86bbf632b994522fecbe4e80c5,https://www.transfermarkt.de/2-bundesliga/transfers/wettbewerb/L2/saison_id/2026,8357bb69c9755552ffad93325dd5d33bb6454a33e2c694a86ffd0059b934029a,2026-09-12,POLICY_EXCEPTION_REQUIRED,"Current permanent membership and join are confirmed, but no evidenced future contract end exists and the Native08 end is expired"
GER2,Emmanuel Iyoha,314245,276696,231353,1997-10-11,1376429,1376373,1. FC Magdeburg,187,2026-07-16,,2026-06-30,6431381,,38,187,YES,FIFA_ID,SECONDARY_ROSTER_PROFILE_PERMANENT_EVENT_END_UNDISCLOSED,,,https://www.transfermarkt.de/1-fc-magdeburg/kader/verein/187/saison_id/2026/plus/1,d0ff31a4349276164899e3293cd9c2c30e400169104ef2ece40cfdb9b3d70c93,https://www.transfermarkt.de/emmanuel-iyoha/profil/spieler/314245,94ca3efd243de916cf370dfeeea9907b40a8d2daad50fc2001cb6df4fb1116e0,https://www.transfermarkt.de/3-liga/transfers/wettbewerb/L3/saison_id/2026,0b3a14cd36b69cd911f6821d5912f845846febfb82537a542ea2dba4cf9dcd3d,2026-09-12,POLICY_EXCEPTION_REQUIRED,"Current permanent membership and join are confirmed, but no evidenced future contract end exists and the Native08 end is expired"
GER2,Kevin Manthey,1160023,280829,0,2007-05-29,1376271,1376373,1. FC Magdeburg,187,2026-07-01,,2026-06-30,6339508,,87,187,YES,DOB_NAME,SECONDARY_ROSTER_PROFILE_PERMANENT_EVENT_END_UNDISCLOSED,,,https://www.transfermarkt.de/1-fc-magdeburg/kader/verein/187/saison_id/2026/plus/1,d0ff31a4349276164899e3293cd9c2c30e400169104ef2ece40cfdb9b3d70c93,https://www.transfermarkt.de/kevin-manthey/profil/spieler/1160023,11d86072549c875637cb55c0c45965a5956490c2b768b5eccf74f78da3c04275,https://www.transfermarkt.de/2-bundesliga/transfers/wettbewerb/L2/saison_id/2026,8357bb69c9755552ffad93325dd5d33bb6454a33e2c694a86ffd0059b934029a,2026-09-12,POLICY_EXCEPTION_REQUIRED,"Current permanent membership and join are confirmed, but no evidenced future contract end exists and the Native08 end is expired"
GER2,Paul Jaeckel,284248,276084,242958,1998-07-22,1376419,1376373,1. FC Magdeburg,187,2026-07-07,,2026-06-30,6409690,,91,187,YES,FIFA_ID,SECONDARY_ROSTER_PROFILE_PERMANENT_EVENT_END_UNDISCLOSED,,,https://www.transfermarkt.de/1-fc-magdeburg/kader/verein/187/saison_id/2026/plus/1,d0ff31a4349276164899e3293cd9c2c30e400169104ef2ece40cfdb9b3d70c93,https://www.transfermarkt.de/paul-jaeckel/profil/spieler/284248,01e8eb4db34c9ff698b127ea907c6b3ccd3101f59d15823669f47704d19d7160,https://www.transfermarkt.de/3-liga/transfers/wettbewerb/L3/saison_id/2026,0b3a14cd36b69cd911f6821d5912f845846febfb82537a542ea2dba4cf9dcd3d,2026-09-12,POLICY_EXCEPTION_REQUIRED,"Current permanent membership and join are confirmed, but no evidenced future contract end exists and the Native08 end is expired"
GER2,Torben Müsel,368860,271919,239666,1999-07-25,1376282,1376373,1. FC Magdeburg,187,2026-07-01,,2026-06-30,6336178,,56,187,YES,FIFA_ID,SECONDARY_ROSTER_PROFILE_PERMANENT_EVENT_END_UNDISCLOSED,,,https://www.transfermarkt.de/1-fc-magdeburg/kader/verein/187/saison_id/2026/plus/1,d0ff31a4349276164899e3293cd9c2c30e400169104ef2ece40cfdb9b3d70c93,https://www.transfermarkt.de/torben-musel/profil/spieler/368860,211e2c656150ccc792f7c7dd949b7651823aa0e6e07c850f9bd69d0afbfe62da,https://www.transfermarkt.de/3-liga/transfers/wettbewerb/L3/saison_id/2026,0b3a14cd36b69cd911f6821d5912f845846febfb82537a542ea2dba4cf9dcd3d,2026-09-12,POLICY_EXCEPTION_REQUIRED,"Current permanent membership and join are confirmed, but no evidenced future contract end exists and the Native08 end is expired"
GER2,Fynn Otto,529198,271442,257081,2002-03-08,1376406,1376258,1. FC Nürnberg,4,2026-07-01,,2026-06-30,6297847,,93,4,YES,FIFA_ID,SECONDARY_ROSTER_PROFILE_PERMANENT_EVENT_END_UNDISCLOSED,,,https://www.transfermarkt.de/1-fc-nurnberg/kader/verein/4/saison_id/2026/plus/1,1d02eebfb6b905a4b771fed6091258b15847c4bfb1b6d4bd643980220ba21ebd,https://www.transfermarkt.de/fynn-otto/profil/spieler/529198,f6e5bb5034c58c24ac40861d8ff9b37042b8fcb2df6b467c3b00df0d84bde1b2,https://www.transfermarkt.de/3-liga/transfers/wettbewerb/L3/saison_id/2026,0b3a14cd36b69cd911f6821d5912f845846febfb82537a542ea2dba4cf9dcd3d,2026-09-12,POLICY_EXCEPTION_REQUIRED,"Current permanent membership and join are confirmed, but no evidenced future contract end exists and the Native08 end is expired"
GER2,Giannis Masouras,295780,6319,244344,1996-08-24,720903,1376258,1. FC Nürnberg,4,2026-07-01,,2026-06-30,6322706,,829,4,YES,FIFA_ID,SECONDARY_ROSTER_PROFILE_PERMANENT_EVENT_END_UNDISCLOSED,,,https://www.transfermarkt.de/1-fc-nurnberg/kader/verein/4/saison_id/2026/plus/1,1d02eebfb6b905a4b771fed6091258b15847c4bfb1b6d4bd643980220ba21ebd,https://www.transfermarkt.de/giannis-masouras/profil/spieler/295780,3ac5fee69d4106835fdfcd0bab5dbc86b602dc0c9d32c5d6fff9177ee5213e81,https://www.transfermarkt.de/2-bundesliga/transfers/wettbewerb/L2/saison_id/2026,8357bb69c9755552ffad93325dd5d33bb6454a33e2c694a86ffd0059b934029a,2026-09-12,POLICY_EXCEPTION_REQUIRED,"Current permanent membership and join are confirmed, but no evidenced future contract end exists and the Native08 end is expired"
GER2,Christian Kinsombi,342968,100214,251482,1999-08-24,1376265,1376280,FC Energie Cottbus,25,2026-07-01,,2026-06-30,6324450,,30,25,YES,FIFA_ID,SECONDARY_ROSTER_PROFILE_PERMANENT_EVENT_END_UNDISCLOSED,,,https://www.transfermarkt.de/fc-energie-cottbus/kader/verein/25/saison_id/2026/plus/1,bfac2c82e9908a44ea8264f2a591d43d8ad627ceaeb5639879d980dcab166809,https://www.transfermarkt.de/christian-kinsombi/profil/spieler/342968,a53225a699811938589a805833980047dee2f0639cfcf4a63135151ab144bbf7,https://www.transfermarkt.de/3-liga/transfers/wettbewerb/L3/saison_id/2026,0b3a14cd36b69cd911f6821d5912f845846febfb82537a542ea2dba4cf9dcd3d,2026-09-12,POLICY_EXCEPTION_REQUIRED,"Current permanent membership and join are confirmed, but no evidenced future contract end exists and the Native08 end is expired"
GER2,Leonardo Bittencourt,93844,280799,203106,1993-12-19,1376271,1376280,FC Energie Cottbus,25,2026-07-01,,2026-06-30,6349681,,86,25,YES,FIFA_ID,SECONDARY_ROSTER_PROFILE_PERMANENT_EVENT_END_UNDISCLOSED,,,https://www.transfermarkt.de/fc-energie-cottbus/kader/verein/25/saison_id/2026/plus/1,bfac2c82e9908a44ea8264f2a591d43d8ad627ceaeb5639879d980dcab166809,https://www.transfermarkt.de/leonardo-bittencourt/profil/spieler/93844,8fc07958a220cf26ccfd701c22ebfef07e4c1e3dd914293a7a070c7924ac9b81,https://www.transfermarkt.de/2-bundesliga/transfers/wettbewerb/L2/saison_id/2026,8357bb69c9755552ffad93325dd5d33bb6454a33e2c694a86ffd0059b934029a,2026-09-12,POLICY_EXCEPTION_REQUIRED,"Current permanent membership and join are confirmed, but no evidenced future contract end exists and the Native08 end is expired"
GER2,Branimir Hrgota,171209,275403,209504,1993-01-12,1376288,1376425,FC St. Pauli,35,2026-07-07,,2026-06-30,6409688,,65,35,YES,FIFA_ID,SECONDARY_ROSTER_PROFILE_PERMANENT_EVENT_END_UNDISCLOSED,,,https://www.transfermarkt.de/fc-st-pauli/kader/verein/35/saison_id/2026/plus/1,cb3581752f3910c559c9f42a6cbb09551a6187c6a88b14cfcc35019d0c02bc47,https://www.transfermarkt.de/branimir-hrgota/profil/spieler/171209,698b8918bd3aef71e305f364c27392cef2d45fa13359df9da2fc2bc33260cb30,https://www.transfermarkt.de/2-bundesliga/transfers/wettbewerb/L2/saison_id/2026,8357bb69c9755552ffad93325dd5d33bb6454a33e2c694a86ffd0059b934029a,2026-09-12,POLICY_EXCEPTION_REQUIRED,"Current permanent membership and join are confirmed, but no evidenced future contract end exists and the Native08 end is expired"
GER2,Marcus Mathisen,268216,276299,228757,1996-02-27,1376373,1376425,FC St. Pauli,35,2026-07-01,,2026-06-30,6315823,,187,35,YES,FIFA_ID,SECONDARY_ROSTER_PROFILE_PERMANENT_EVENT_END_UNDISCLOSED,,,https://www.transfermarkt.de/fc-st-pauli/kader/verein/35/saison_id/2026/plus/1,cb3581752f3910c559c9f42a6cbb09551a6187c6a88b14cfcc35019d0c02bc47,https://www.transfermarkt.de/marcus-mathisen/profil/spieler/268216,6808f99d2f64ed8e8a386c7d639c934f1d6c27efedd1bb32de9f4958bdb6ce2f,https://www.transfermarkt.de/2-bundesliga/transfers/wettbewerb/L2/saison_id/2026,8357bb69c9755552ffad93325dd5d33bb6454a33e2c694a86ffd0059b934029a,2026-09-12,POLICY_EXCEPTION_REQUIRED,"Current permanent membership and join are confirmed, but no evidenced future contract end exists and the Native08 end is expired"
GER2,Ferdinand Gebert,960834,100532,0,2006-04-05,1376560,1376283,Karlsruher SC,48,2026-07-01,,2026-06-30,6284982,,1348,48,YES,DOB_NAME,SECONDARY_ROSTER_PROFILE_PERMANENT_EVENT_END_UNDISCLOSED,,,https://www.transfermarkt.de/karlsruher-sc/kader/verein/48/saison_id/2026/plus/1,502be878e53560db93a5e23bc70c24b09c8a3f9aa264941d3a29a99a7083b789,https://www.transfermarkt.de/ferdinand-gebert/profil/spieler/960834,da25ca8523d06f08c758692553aee7d642cb517d856dd22b76a81a7af4898b95,https://www.transfermarkt.de/2-bundesliga/transfers/wettbewerb/L2/saison_id/2026,8357bb69c9755552ffad93325dd5d33bb6454a33e2c694a86ffd0059b934029a,2026-09-12,POLICY_EXCEPTION_REQUIRED,"Current permanent membership and join are confirmed, but no evidenced future contract end exists and the Native08 end is expired"
GER2,Héliton,676115,200015,72887,1995-11-13,3145820,1376283,Karlsruher SC,48,2026-09-01,,2026-06-30,6557349,,1467,48,YES,FIFA_ID,SECONDARY_ROSTER_PROFILE_PERMANENT_EVENT_END_UNDISCLOSED,,,https://www.transfermarkt.de/karlsruher-sc/kader/verein/48/saison_id/2026/plus/1,502be878e53560db93a5e23bc70c24b09c8a3f9aa264941d3a29a99a7083b789,https://www.transfermarkt.de/heliton/profil/spieler/676115,3e4667e3e0d2edd23516fa9421cde3fa687b5dac5a3dc3bb351f88db4c40d25f,https://www.transfermarkt.de/2-bundesliga/transfers/wettbewerb/L2/saison_id/2026,8357bb69c9755552ffad93325dd5d33bb6454a33e2c694a86ffd0059b934029a,2026-09-12,POLICY_EXCEPTION_REQUIRED,"Current permanent membership and join are confirmed, but no evidenced future contract end exists and the Native08 end is expired"
GER2,Jason Ponente-Ramirez,1141053,277562,0,2007-02-02,1376275,1376283,Karlsruher SC,48,2026-07-01,,2026-06-30,6332985,,1461,48,YES,DOB_NAME,SECONDARY_ROSTER_PROFILE_PERMANENT_EVENT_END_UNDISCLOSED,,,https://www.transfermarkt.de/karlsruher-sc/kader/verein/48/saison_id/2026/plus/1,502be878e53560db93a5e23bc70c24b09c8a3f9aa264941d3a29a99a7083b789,https://www.transfermarkt.de/jason-ponente-ramirez/profil/spieler/1141053,eb89b2a0e010ebaf45d3d28a2c8de7f453179cbae1714fec3563428ab3c8b680,https://www.transfermarkt.de/2-bundesliga/transfers/wettbewerb/L2/saison_id/2026,8357bb69c9755552ffad93325dd5d33bb6454a33e2c694a86ffd0059b934029a,2026-09-12,POLICY_EXCEPTION_REQUIRED,"Current permanent membership and join are confirmed, but no evidenced future contract end exists and the Native08 end is expired"
GER2,Kevin Wiethaup,917255,272328,268652,2005-08-06,1376420,1376283,Karlsruher SC,48,2026-07-01,,2026-06-30,6222764,,81,48,YES,FIFA_ID,SECONDARY_ROSTER_PROFILE_PERMANENT_EVENT_END_UNDISCLOSED,,,https://www.transfermarkt.de/karlsruher-sc/kader/verein/48/saison_id/2026/plus/1,502be878e53560db93a5e23bc70c24b09c8a3f9aa264941d3a29a99a7083b789,https://www.transfermarkt.de/kevin-wiethaup/profil/spieler/917255,bd53e4f925f03f65f20dc61781fde2b6b5b366e96348fd4cb4c3cdfee7b20b77,https://www.transfermarkt.de/2-bundesliga/transfers/wettbewerb/L2/saison_id/2026,8357bb69c9755552ffad93325dd5d33bb6454a33e2c694a86ffd0059b934029a,2026-09-12,POLICY_EXCEPTION_REQUIRED,"Current permanent membership and join are confirmed, but no evidenced future contract end exists and the Native08 end is expired"
GER2,Noel Eichinger,675921,271154,270514,2001-08-02,1376436,1376283,Karlsruher SC,48,2026-07-01,,2026-06-30,6242906,,109,48,YES,FIFA_ID,SECONDARY_ROSTER_PROFILE_PERMANENT_EVENT_END_UNDISCLOSED,,,https://www.transfermarkt.de/karlsruher-sc/kader/verein/48/saison_id/2026/plus/1,502be878e53560db93a5e23bc70c24b09c8a3f9aa264941d3a29a99a7083b789,https://www.transfermarkt.de/noel-eichinger/profil/spieler/675921,04d064f22fbe4c8b5312b6b1f5202db3963faaeb0ddc724d7eaa4ba1bb6e7acc,https://www.transfermarkt.de/3-liga/transfers/wettbewerb/L3/saison_id/2026,0b3a14cd36b69cd911f6821d5912f845846febfb82537a542ea2dba4cf9dcd3d,2026-09-12,POLICY_EXCEPTION_REQUIRED,"Current permanent membership and join are confirmed, but no evidenced future contract end exists and the Native08 end is expired"
GER2,Sandro Trémoulet,796897,269921,270210,1999-11-18,3346467,1376283,Karlsruher SC,48,2026-08-11,,2026-06-30,6495250,,33328,48,YES,FIFA_ID,SECONDARY_ROSTER_PROFILE_PERMANENT_EVENT_END_UNDISCLOSED,,,https://www.transfermarkt.de/karlsruher-sc/kader/verein/48/saison_id/2026/plus/1,502be878e53560db93a5e23bc70c24b09c8a3f9aa264941d3a29a99a7083b789,https://www.transfermarkt.de/sandro-tremoulet/profil/spieler/796897,0bb4354ee37fe8d1a40271a4dea94e11dc199454fd929a5837381910b40fb2ab,https://www.transfermarkt.de/2-bundesliga/transfers/wettbewerb/L2/saison_id/2026,8357bb69c9755552ffad93325dd5d33bb6454a33e2c694a86ffd0059b934029a,2026-09-12,POLICY_EXCEPTION_REQUIRED,"Current permanent membership and join are confirmed, but no evidenced future contract end exists and the Native08 end is expired"
GER2,Santeri Väänänen,564621,142430,246757,2002-01-01,2359305,1376283,Karlsruher SC,48,2026-07-22,,2026-06-30,6446848,,195,48,YES,FIFA_ID,SECONDARY_ROSTER_PROFILE_PERMANENT_EVENT_END_UNDISCLOSED,,,https://www.transfermarkt.de/karlsruher-sc/kader/verein/48/saison_id/2026/plus/1,502be878e53560db93a5e23bc70c24b09c8a3f9aa264941d3a29a99a7083b789,https://www.transfermarkt.de/santeri-vaananen/profil/spieler/564621,02f3d91120dfd860a19ead4f3baa9207cfa3b28ea19ca26b2fa55fbc8d14b671,https://www.transfermarkt.de/2-bundesliga/transfers/wettbewerb/L2/saison_id/2026,8357bb69c9755552ffad93325dd5d33bb6454a33e2c694a86ffd0059b934029a,2026-09-12,POLICY_EXCEPTION_REQUIRED,"Current permanent membership and join are confirmed, but no evidenced future contract end exists and the Native08 end is expired"
GER2,Tim Civeja,588747,273633,260014,2002-01-04,1376287,1376283,Karlsruher SC,48,2026-07-01,,2026-06-30,6337326,,1,48,YES,FIFA_ID,SECONDARY_ROSTER_PROFILE_PERMANENT_EVENT_END_UNDISCLOSED,,,https://www.transfermarkt.de/karlsruher-sc/kader/verein/48/saison_id/2026/plus/1,502be878e53560db93a5e23bc70c24b09c8a3f9aa264941d3a29a99a7083b789,https://www.transfermarkt.de/tim-civeja/profil/spieler/588747,0f967bfbfcf5be8f8ce0999c286e11dd2ae7c466a7191774fbe6c7194698d862,https://www.transfermarkt.de/3-liga/transfers/wettbewerb/L3/saison_id/2026,0b3a14cd36b69cd911f6821d5912f845846febfb82537a542ea2dba4cf9dcd3d,2026-09-12,POLICY_EXCEPTION_REQUIRED,"Current permanent membership and join are confirmed, but no evidenced future contract end exists and the Native08 end is expired"
GER2,Ahmet Muhamedbegovic,271323,260010,236976,1998-10-30,2883604,1376278,SG Dynamo Dresden,129,2026-07-01,,2026-06-30,6377537,,4772,129,YES,FIFA_ID,SECONDARY_ROSTER_PROFILE_PERMANENT_EVENT_END_UNDISCLOSED,,,https://www.transfermarkt.de/sg-dynamo-dresden/kader/verein/129/saison_id/2026/plus/1,e7de409708fb7109444d4f9163d9959ec24a63b876d33dbfb1a3f2afff6bb65f,https://www.transfermarkt.de/ahmet-muhamedbegovic/profil/spieler/271323,28f6a3a9caf09389b97c6c7751acdedc211b5d48b91dc2e11e0ac0083c2d2e47,https://www.transfermarkt.de/2-bundesliga/transfers/wettbewerb/L2/saison_id/2026,8357bb69c9755552ffad93325dd5d33bb6454a33e2c694a86ffd0059b934029a,2026-09-12,POLICY_EXCEPTION_REQUIRED,"Current permanent membership and join are confirmed, but no evidenced future contract end exists and the Native08 end is expired"
GER2,Brooklyn Ezeh,521474,275760,262117,2001-06-23,1376268,1376278,SG Dynamo Dresden,129,2026-07-01,,2026-06-30,6347841,,42,129,YES,FIFA_ID,SECONDARY_ROSTER_PROFILE_PERMANENT_EVENT_END_UNDISCLOSED,,,https://www.transfermarkt.de/sg-dynamo-dresden/kader/verein/129/saison_id/2026/plus/1,e7de409708fb7109444d4f9163d9959ec24a63b876d33dbfb1a3f2afff6bb65f,https://www.transfermarkt.de/brooklyn-ezeh/profil/spieler/521474,7835aee20b97989bb1170d01c12ab22e9a9786079d45f618242fe2c6f843e4b2,https://www.transfermarkt.de/2-bundesliga/transfers/wettbewerb/L2/saison_id/2026,8357bb69c9755552ffad93325dd5d33bb6454a33e2c694a86ffd0059b934029a,2026-09-12,POLICY_EXCEPTION_REQUIRED,"Current permanent membership and join are confirmed, but no evidenced future contract end exists and the Native08 end is expired"
GER2,Simon Straudi,379879,273077,248823,1999-01-27,1376280,1376278,SG Dynamo Dresden,129,2026-07-01,,2026-06-30,6374869,,25,129,YES,FIFA_ID,SECONDARY_ROSTER_PROFILE_PERMANENT_EVENT_END_UNDISCLOSED,,,https://www.transfermarkt.de/sg-dynamo-dresden/kader/verein/129/saison_id/2026/plus/1,e7de409708fb7109444d4f9163d9959ec24a63b876d33dbfb1a3f2afff6bb65f,https://www.transfermarkt.de/simon-straudi/profil/spieler/379879,d866ab2f24fbfa408a3a9028d09d3780e19bb35c654de57536ce1a7fdf25e0c5,https://www.transfermarkt.de/2-bundesliga/transfers/wettbewerb/L2/saison_id/2026,8357bb69c9755552ffad93325dd5d33bb6454a33e2c694a86ffd0059b934029a,2026-09-12,POLICY_EXCEPTION_REQUIRED,"Current permanent membership and join are confirmed, but no evidenced future contract end exists and the Native08 end is expired"
GER2,Tobias Raschl,384745,276593,247721,2000-02-21,1376257,1376278,SG Dynamo Dresden,129,2026-07-01,,2026-06-30,6379813,,91,129,YES,FIFA_ID,SECONDARY_ROSTER_PROFILE_PERMANENT_EVENT_END_UNDISCLOSED,,,https://www.transfermarkt.de/sg-dynamo-dresden/kader/verein/129/saison_id/2026/plus/1,e7de409708fb7109444d4f9163d9959ec24a63b876d33dbfb1a3f2afff6bb65f,https://www.transfermarkt.de/tobias-raschl/profil/spieler/384745,a9da89415669a6e0cfb41b029182877d1744b9fd6f7ef0f4287e43f0d3868b1f,https://www.transfermarkt.de/3-liga/transfers/wettbewerb/L3/saison_id/2026,0b3a14cd36b69cd911f6821d5912f845846febfb82537a542ea2dba4cf9dcd3d,2026-09-12,POLICY_EXCEPTION_REQUIRED,"Current permanent membership and join are confirmed, but no evidenced future contract end exists and the Native08 end is expired"
GER2,Florian Kleinhansl,448027,276591,263089,2000-08-11,1376257,1376442,SV Darmstadt 98,105,2026-07-15,,2026-06-30,6429294,,2,105,YES,FIFA_ID,SECONDARY_ROSTER_PROFILE_PERMANENT_EVENT_END_UNDISCLOSED,,,https://www.transfermarkt.de/sv-darmstadt-98/kader/verein/105/saison_id/2026/plus/1,807e79c80e44c91b1d4926d0fb6534a3276b98489473cc35d4238a5a660a95f9,https://www.transfermarkt.de/florian-kleinhansl/profil/spieler/448027,22946525135dea2e1853fd69e9f662da3cf2f16dacd867b1e4daf975f0dedee5,https://www.transfermarkt.de/2-bundesliga/transfers/wettbewerb/L2/saison_id/2026,8357bb69c9755552ffad93325dd5d33bb6454a33e2c694a86ffd0059b934029a,2026-09-12,POLICY_EXCEPTION_REQUIRED,"Current permanent membership and join are confirmed, but no evidenced future contract end exists and the Native08 end is expired"
GER2,Lars Kehl,527278,272306,263025,2002-04-08,1376420,1376442,SV Darmstadt 98,105,2026-07-01,,2026-06-30,6383532,,81,105,YES,FIFA_ID,SECONDARY_ROSTER_PROFILE_PERMANENT_EVENT_END_UNDISCLOSED,,,https://www.transfermarkt.de/sv-darmstadt-98/kader/verein/105/saison_id/2026/plus/1,807e79c80e44c91b1d4926d0fb6534a3276b98489473cc35d4238a5a660a95f9,https://www.transfermarkt.de/lars-kehl/profil/spieler/527278,95cb081a7f97ada45a3c66e9cd91b0e057b4e06f0d43b8258c3b257b8c4316e9,https://www.transfermarkt.de/2-bundesliga/transfers/wettbewerb/L2/saison_id/2026,8357bb69c9755552ffad93325dd5d33bb6454a33e2c694a86ffd0059b934029a,2026-09-12,POLICY_EXCEPTION_REQUIRED,"Current permanent membership and join are confirmed, but no evidenced future contract end exists and the Native08 end is expired"
GER2,Nicolas Verkooijen,1024747,291556,0,2006-12-05,2228236,1376442,SV Darmstadt 98,105,2026-07-01,,2026-06-30,6377802,,9715,105,YES,DOB_NAME,SECONDARY_ROSTER_PROFILE_PERMANENT_EVENT_END_UNDISCLOSED,,,https://www.transfermarkt.de/sv-darmstadt-98/kader/verein/105/saison_id/2026/plus/1,807e79c80e44c91b1d4926d0fb6534a3276b98489473cc35d4238a5a660a95f9,https://www.transfermarkt.de/nicolas-verkooijen/profil/spieler/1024747,534a5e569c3049fbd3d2c17d4304f3f60ab5ee2054f5da2e2b20fa120e224618,https://www.transfermarkt.de/2-bundesliga/transfers/wettbewerb/L2/saison_id/2026,8357bb69c9755552ffad93325dd5d33bb6454a33e2c694a86ffd0059b934029a,2026-09-12,POLICY_EXCEPTION_REQUIRED,"Current permanent membership and join are confirmed, but no evidenced future contract end exists and the Native08 end is expired"
GER2,William Mikelbrencis,743500,275646,262045,2004-02-25,1376267,1376442,SV Darmstadt 98,105,2026-08-29,,2026-06-30,6545046,,41,105,YES,FIFA_ID,SECONDARY_ROSTER_PROFILE_PERMANENT_EVENT_END_UNDISCLOSED,,,https://www.transfermarkt.de/sv-darmstadt-98/kader/verein/105/saison_id/2026/plus/1,807e79c80e44c91b1d4926d0fb6534a3276b98489473cc35d4238a5a660a95f9,https://www.transfermarkt.de/william-mikelbrencis/profil/spieler/743500,d440286f7d9e5c25c941f2dff48fa19b35e1736753671235ac398589dd513d6d,https://www.transfermarkt.de/2-bundesliga/transfers/wettbewerb/L2/saison_id/2026,8357bb69c9755552ffad93325dd5d33bb6454a33e2c694a86ffd0059b934029a,2026-09-12,POLICY_EXCEPTION_REQUIRED,"Current permanent membership and join are confirmed, but no evidenced future contract end exists and the Native08 end is expired"
GER2,Yannik Lührs,627356,280197,272896,2003-09-09,1376433,1376442,SV Darmstadt 98,105,2026-07-01,,2026-06-30,6381050,,983,105,YES,FIFA_ID,SECONDARY_ROSTER_PROFILE_PERMANENT_EVENT_END_UNDISCLOSED,,,https://www.transfermarkt.de/sv-darmstadt-98/kader/verein/105/saison_id/2026/plus/1,807e79c80e44c91b1d4926d0fb6534a3276b98489473cc35d4238a5a660a95f9,https://www.transfermarkt.de/yannik-luhrs/profil/spieler/627356,b80c3ab669c0b3429988e96ace4bc3089cb286bb2d752793f8117adb4a4b7f92,https://www.transfermarkt.de/3-liga/transfers/wettbewerb/L3/saison_id/2026,0b3a14cd36b69cd911f6821d5912f845846febfb82537a542ea2dba4cf9dcd3d,2026-09-12,POLICY_EXCEPTION_REQUIRED,"Current permanent membership and join are confirmed, but no evidenced future contract end exists and the Native08 end is expired"
GER2,Daniel-Kofi Kyereh,272587,277874,244112,1996-03-08,1376270,1376420,VfL Osnabrück,81,2026-08-10,,2026-06-30,6492296,,60,81,YES,FIFA_ID,SECONDARY_ROSTER_PROFILE_PERMANENT_EVENT_END_UNDISCLOSED,,,https://www.transfermarkt.de/vfl-osnabruck/kader/verein/81/saison_id/2026/plus/1,e705d735d9e41aeb7a7781affacb5ed1a2f31cc8fd9e319c826182a9e12937a6,https://www.transfermarkt.de/daniel-kofi-kyereh/profil/spieler/272587,d191d16ee056200a311962fb8943f5e5ee58dcb027958a4dfd2b73490fe4a15c,https://www.transfermarkt.de/2-bundesliga/transfers/wettbewerb/L2/saison_id/2026,8357bb69c9755552ffad93325dd5d33bb6454a33e2c694a86ffd0059b934029a,2026-09-12,POLICY_EXCEPTION_REQUIRED,"Current permanent membership and join are confirmed, but no evidenced future contract end exists and the Native08 end is expired"
GER2,Joel Abu Hanna,267330,105009,233514,1998-01-22,1441882,1376420,VfL Osnabrück,81,2026-07-01,,2026-06-30,6326047,,2672,81,YES,FIFA_ID,SECONDARY_ROSTER_PROFILE_PERMANENT_EVENT_END_UNDISCLOSED,,,https://www.transfermarkt.de/vfl-osnabruck/kader/verein/81/saison_id/2026/plus/1,e705d735d9e41aeb7a7781affacb5ed1a2f31cc8fd9e319c826182a9e12937a6,https://www.transfermarkt.de/joel-abu-hanna/profil/spieler/267330,01e51242c29d743ab6a3989dc0ca8e924f4a0d6a54689ddd1ceaf6be444a22a7,https://www.transfermarkt.de/2-bundesliga/transfers/wettbewerb/L2/saison_id/2026,8357bb69c9755552ffad93325dd5d33bb6454a33e2c694a86ffd0059b934029a,2026-09-12,POLICY_EXCEPTION_REQUIRED,"Current permanent membership and join are confirmed, but no evidenced future contract end exists and the Native08 end is expired"
GER2,Jonathan Wensing,695943,100339,0,2004-04-05,1376347,1376420,VfL Osnabrück,81,2026-07-01,,2026-06-30,6265181,,247,81,YES,DOB_NAME,SECONDARY_ROSTER_PROFILE_PERMANENT_EVENT_END_UNDISCLOSED,,,https://www.transfermarkt.de/vfl-osnabruck/kader/verein/81/saison_id/2026/plus/1,e705d735d9e41aeb7a7781affacb5ed1a2f31cc8fd9e319c826182a9e12937a6,https://www.transfermarkt.de/jonathan-wensing/profil/spieler/695943,9ece78bb8251816c74009147d47218dfbd0751cb91b49d6e8f6c3a691526e749,https://www.transfermarkt.de/3-liga/transfers/wettbewerb/L3/saison_id/2026,0b3a14cd36b69cd911f6821d5912f845846febfb82537a542ea2dba4cf9dcd3d,2026-09-12,POLICY_EXCEPTION_REQUIRED,"Current permanent membership and join are confirmed, but no evidenced future contract end exists and the Native08 end is expired"
GER3,Nishan Velupillay,888140,88011,262039,2001-05-07,12779523,1376315,FC Ingolstadt 04,4795,2026-08-19,,2026-06-30,6517642,,7006,4795,YES,FIFA_ID,SECONDARY_ROSTER_PROFILE_PERMANENT_EVENT_END_UNDISCLOSED,,,https://www.transfermarkt.de/fc-ingolstadt-04/kader/verein/4795/saison_id/2026/plus/1,9602267b250c0007efa439f83a79d1bdd5376932fbafd7a4fc5bf6bcd1c6cbc5,https://www.transfermarkt.de/nishan-velupillay/profil/spieler/888140,390dd58251d32bb31d89e9711874a3dec75804e0205a55e6a9b7377607af5e1d,https://www.transfermarkt.de/3-liga/transfers/wettbewerb/L3/saison_id/2026,0b3a14cd36b69cd911f6821d5912f845846febfb82537a542ea2dba4cf9dcd3d,2026-09-12,POLICY_EXCEPTION_REQUIRED,"Current permanent membership and join are confirmed, but no evidenced future contract end exists and the Native08 end is expired"
GER3,Kasra Ghawilu,449961,268107,0,1999-02-11,1378814,1376347,SV Meppen,247,2026-07-01,,2026-06-30,6319596,,6776,247,YES,DOB_NAME,SECONDARY_ROSTER_PROFILE_PERMANENT_EVENT_END_UNDISCLOSED,,,https://www.transfermarkt.de/sv-meppen/kader/verein/247/saison_id/2026/plus/1,bb6dac7a3a8a8d7c79b23424ccb65850442347058ab16c823460c547dc72588a,https://www.transfermarkt.de/kasra-ghawilu/profil/spieler/449961,ef7dea57b3d46ea1a8eab1d74e6013983d3442c1c81299415652a41c8ab284d3,https://www.transfermarkt.de/3-liga/transfers/wettbewerb/L3/saison_id/2026,0b3a14cd36b69cd911f6821d5912f845846febfb82537a542ea2dba4cf9dcd3d,2026-09-12,POLICY_EXCEPTION_REQUIRED,"Current permanent membership and join are confirmed, but no evidenced future contract end exists and the Native08 end is expired"
GER3,Gonçalo Gregório,404156,128808,248834,1995-06-14,200709,1376301,SV Waldhof Mannheim 07,85,2026-07-04,,2026-06-30,6401392,,60368,85,YES,FIFA_ID,SECONDARY_ROSTER_PROFILE_PERMANENT_EVENT_END_UNDISCLOSED,,,https://www.transfermarkt.de/sv-waldhof-mannheim/kader/verein/85/saison_id/2026/plus/1,34e998eba6b950fe72d328e27cb46b4a4d1c4b3c218c58557f9db9a44925ae39,https://www.transfermarkt.de/goncalo-gregorio/profil/spieler/404156,c68b474ada538c081787b607905ba689627a9d265471cfa9dac87baa325e7acb,https://www.transfermarkt.de/3-liga/transfers/wettbewerb/L3/saison_id/2026,0b3a14cd36b69cd911f6821d5912f845846febfb82537a542ea2dba4cf9dcd3d,2026-09-12,POLICY_EXCEPTION_REQUIRED,"Current permanent membership and join are confirmed, but no evidenced future contract end exists and the Native08 end is expired"
GER3,Yasin Zor,924089,100534,0,2005-10-25,1376560,1376433,TSG 1899 Hoffenheim,983,2026-07-01,,2026-06-30,6272934,,1348,983,YES,DOB_NAME,SECONDARY_ROSTER_PROFILE_PERMANENT_EVENT_END_UNDISCLOSED,,,https://www.transfermarkt.de/tsg-1899-hoffenheim-ii/kader/verein/983/saison_id/2026/plus/1,ab3835df09261faf7ddd2ed9c07b00f74ba9f141891a5f719f13e9b204f6234d,https://www.transfermarkt.de/yasin-zor/profil/spieler/924089,d8a7e78a764cb1c10e5d9f4a07cbd5f9090e33ca31ed9e4cc3ff17f71c1b9923,https://www.transfermarkt.de/3-liga/transfers/wettbewerb/L3/saison_id/2026,0b3a14cd36b69cd911f6821d5912f845846febfb82537a542ea2dba4cf9dcd3d,2026-09-12,POLICY_EXCEPTION_REQUIRED,"Current permanent membership and join are confirmed, but no evidenced future contract end exists and the Native08 end is expired"
ITA1,Thomas Pompei,962246,117961,0,2006-07-04,1769573,1769477,Atalanta Bergamo,800,2026-09-01,,2026-06-30,6556161,,4031,800,YES,DOB_NAME,SECONDARY_ROSTER_PROFILE_PERMANENT_EVENT_END_UNDISCLOSED,,,https://www.transfermarkt.de/atalanta-bergamo/kader/verein/800/saison_id/2026/plus/1,9a4c6726ef3fd829ff169f005dc5a7ca3d6336fdc310c40507e034f19f82a022,https://www.transfermarkt.de/thomas-pompei/profil/spieler/962246,c1552e4a8caaa65da7c61cbbca551fae4379691fe40a013944ea91b22a49485f,https://www.transfermarkt.de/serie-a/transfers/wettbewerb/IT1/saison_id/2026,64d949311be0dad09b95e57c83f70b538dd5848993bcd3dae3a084b20792d8c0,2026-09-12,POLICY_EXCEPTION_REQUIRED,"Current permanent membership and join are confirmed, but no evidenced future contract end exists and the Native08 end is expired"
ITA1,Mohamed Malang Touré,1372355,1000018395,0,2006-12-31,0,1769500,Venezia FC,607,2026-07-01,,2025-06-30,6527730,,17257,607,YES,DOB_NAME,SECONDARY_ROSTER_PROFILE_PERMANENT_EVENT_END_UNDISCLOSED,,,https://www.transfermarkt.de/venezia-fc/kader/verein/607/saison_id/2026/plus/1,d88fc7110893de0f0661e79b4c48d86142d14d93f73bc112159c1995caefb0e9,https://www.transfermarkt.de/mohamed-malang-toure/profil/spieler/1372355,4b91f5fdf2f484d907de80b176264d62a9a8cbc3843ef3938214ad783b92eb0b,https://www.transfermarkt.de/serie-a/transfers/wettbewerb/IT1/saison_id/2026,64d949311be0dad09b95e57c83f70b538dd5848993bcd3dae3a084b20792d8c0,2026-09-12,POLICY_EXCEPTION_REQUIRED,"Current permanent membership and join are confirmed, but no evidenced future contract end exists and the Native08 end is expired"
NED1,Nordin Amrabat,55619,15607,183108,1987-03-31,8454145,2228241,FC Utrecht,200,2026-09-01,,2026-06-30,6414780,,6603,200,YES,FIFA_ID,SECONDARY_ROSTER_PROFILE_PERMANENT_EVENT_END_UNDISCLOSED,,,https://www.transfermarkt.de/fc-utrecht/kader/verein/200/saison_id/2026/plus/1,30172180fe0b90bafc4f2d8225a407eb91445c75b04c67bdb0bfe6d096d2e552,https://www.transfermarkt.de/nordin-amrabat/profil/spieler/55619,11d3edd8c710ba7290802b0e76ec3abec6fce83f7afcaa2291a948a619c958bb,https://www.transfermarkt.de/eredivisie/transfers/wettbewerb/NL1/saison_id/2026,11dc5cade25e44ad6fb6a4fa951faaf3fb97825e83aa2704c9ddc2f99499f336,2026-09-12,POLICY_EXCEPTION_REQUIRED,"Current permanent membership and join are confirmed, but no evidenced future contract end exists and the Native08 end is expired"
POR1,Fernando Nava,960584,221113,0,2004-06-08,3473412,2490378,CD Nacional,982,2026-08-11,,2026-06-30,6499940,,42208,982,YES,DOB_NAME,SECONDARY_ROSTER_PROFILE_PERMANENT_EVENT_END_UNDISCLOSED,,,https://www.transfermarkt.de/cd-nacional/kader/verein/982/saison_id/2026/plus/1,85c1a326ea7d9109ff431c2a95c9c0488100e0183b1e7c799d926c40ecb8dba6,https://www.transfermarkt.de/fernando-nava/profil/spieler/960584,88744c6197f8e6af5d5f7ee596b405a3b46dc213de5b5caa0fe5e4e9cb607895,https://www.transfermarkt.de/liga-portugal/transfers/wettbewerb/PO1/saison_id/2026,387b98c14254a71a96aa32f796d043aff999893be0ea4725ee83d7b986855445,2026-09-12,POLICY_EXCEPTION_REQUIRED,"Current permanent membership and join are confirmed, but no evidenced future contract end exists and the Native08 end is expired"
POR1,Min-kyu Song,581977,61806,248188,1999-09-12,10944515,2490378,CD Nacional,982,2026-08-30,,2026-06-30,6546033,,6500,982,YES,FIFA_ID,SECONDARY_ROSTER_PROFILE_PERMANENT_EVENT_END_UNDISCLOSED,,,https://www.transfermarkt.de/cd-nacional/kader/verein/982/saison_id/2026/plus/1,85c1a326ea7d9109ff431c2a95c9c0488100e0183b1e7c799d926c40ecb8dba6,https://www.transfermarkt.de/min-kyu-song/profil/spieler/581977,830b49977b4c7695fc7b80919662d00e42c17ecfc3e2c9b81e685cb94ba17cfa,https://www.transfermarkt.de/liga-portugal/transfers/wettbewerb/PO1/saison_id/2026,387b98c14254a71a96aa32f796d043aff999893be0ea4725ee83d7b986855445,2026-09-12,POLICY_EXCEPTION_REQUIRED,"Current permanent membership and join are confirmed, but no evidenced future contract end exists and the Native08 end is expired"
POR1,Wesley Gasolina,371967,223962,260939,2000-03-13,3552671,2490378,CD Nacional,982,2026-07-22,,2026-06-30,6447322,,2035,982,YES,FIFA_ID,SECONDARY_ROSTER_PROFILE_PERMANENT_EVENT_END_UNDISCLOSED,,,https://www.transfermarkt.de/cd-nacional/kader/verein/982/saison_id/2026/plus/1,85c1a326ea7d9109ff431c2a95c9c0488100e0183b1e7c799d926c40ecb8dba6,https://www.transfermarkt.de/wesley-gasolina/profil/spieler/371967,21628ea80fd82251117a45961d1225236a14ead144da7fe5dc8ed80f6c5c2221,https://www.transfermarkt.de/liga-portugal/transfers/wettbewerb/PO1/saison_id/2026,387b98c14254a71a96aa32f796d043aff999893be0ea4725ee83d7b986855445,2026-09-12,POLICY_EXCEPTION_REQUIRED,"Current permanent membership and join are confirmed, but no evidenced future contract end exists and the Native08 end is expired"
POR1,Si-woo Yang,1035894,276724,0,2006-09-18,1376429,2490394,CF Estrela Amadora,2431,2026-09-04,,2026-06-30,6567643,,4690,2431,YES,DOB_NAME,SECONDARY_ROSTER_PROFILE_PERMANENT_EVENT_END_UNDISCLOSED,,,https://www.transfermarkt.de/cf-estrela-amadora/kader/verein/2431/saison_id/2026/plus/1,518e3a2e95f5774700d01db49dd50f80d4ccbc790493950412b68c785a7de654,https://www.transfermarkt.de/si-woo-yang/profil/spieler/1035894,fd7f381ca371e32c60a1ca5573c365cd4449dd4c834821d8298f034273960753,https://www.transfermarkt.de/liga-portugal/transfers/wettbewerb/PO1/saison_id/2026,387b98c14254a71a96aa32f796d043aff999893be0ea4725ee83d7b986855445,2026-09-12,POLICY_EXCEPTION_REQUIRED,"Current permanent membership and join are confirmed, but no evidenced future contract end exists and the Native08 end is expired"
TUR1,Ertuğrul Taşkıran,91945,200205,194372,1989-11-05,3145783,3145765,Erzurumspor FK,39722,2026-07-17,,2026-06-30,6374844,,11282,39722,YES,FIFA_ID,SECONDARY_ROSTER_PROFILE_PERMANENT_EVENT_END_UNDISCLOSED,,,https://www.transfermarkt.de/erzurumspor-fk/kader/verein/39722/saison_id/2026/plus/1,aaa2316b00aefef231faf95d7f3e3871f7c712aaa423cb88c256177acd6d2902,https://www.transfermarkt.de/ertugrul-taskiran/profil/spieler/91945,7eea61fbc5d7f0e6c0d4d5fc28c73b8e2e5c9c6c6719745ee429207d114e1452,https://www.transfermarkt.de/super-lig/transfers/wettbewerb/TR1/saison_id/2026,673f7a4eee1e2dc5a16d0727bf4f4c45015c921cc092e8d3b7b759b5db06f4be,2026-09-12,POLICY_EXCEPTION_REQUIRED,"Current permanent membership and join are confirmed, but no evidenced future contract end exists and the Native08 end is expired"
TUR1,Gyrano Kerk,268112,235334,225653,1995-12-02,458785,3145765,Erzurumspor FK,39722,2026-07-30,,2026-06-30,6323537,,1096,39722,YES,FIFA_ID,SECONDARY_ROSTER_PROFILE_PERMANENT_EVENT_END_UNDISCLOSED,,,https://www.transfermarkt.de/erzurumspor-fk/kader/verein/39722/saison_id/2026/plus/1,aaa2316b00aefef231faf95d7f3e3871f7c712aaa423cb88c256177acd6d2902,https://www.transfermarkt.de/gyrano-kerk/profil/spieler/268112,97b0ed6f433f100def6f7f2a5de830acb731e8e95579c73a127c586a20ee56fa,https://www.transfermarkt.de/super-lig/transfers/wettbewerb/TR1/saison_id/2026,673f7a4eee1e2dc5a16d0727bf4f4c45015c921cc092e8d3b7b759b5db06f4be,2026-09-12,POLICY_EXCEPTION_REQUIRED,"Current permanent membership and join are confirmed, but no evidenced future contract end exists and the Native08 end is expired"
TUR1,Abdelhamid Sabiri,340394,282490,237499,1996-11-28,1769492,3145777,Eyüpspor,7160,2026-07-31,,2026-06-30,6474629,,430,7160,YES,FIFA_ID,SECONDARY_ROSTER_PROFILE_PERMANENT_EVENT_END_UNDISCLOSED,,,https://www.transfermarkt.de/eyupspor/kader/verein/7160/saison_id/2026/plus/1,f4f3375da68b82c3bad1b9efcd11d29ed67584c0d829b173c80cc388820bec9c,https://www.transfermarkt.de/abdelhamid-sabiri/profil/spieler/340394,81bfd951fb80caa7e80962a5850bc73f537ceadb3787ecf5ec53e06a52a3f7fc,https://www.transfermarkt.de/super-lig/transfers/wettbewerb/TR1/saison_id/2026,673f7a4eee1e2dc5a16d0727bf4f4c45015c921cc092e8d3b7b759b5db06f4be,2026-09-12,POLICY_EXCEPTION_REQUIRED,"Current permanent membership and join are confirmed, but no evidenced future contract end exists and the Native08 end is expired"
TUR1,Jawad El Yamiq,235412,77428,241775,1992-02-29,11997190,3145777,Eyüpspor,7160,2026-07-15,,2026-06-30,6343493,,142,7160,YES,FIFA_ID,SECONDARY_ROSTER_PROFILE_PERMANENT_EVENT_END_UNDISCLOSED,,,https://www.transfermarkt.de/eyupspor/kader/verein/7160/saison_id/2026/plus/1,f4f3375da68b82c3bad1b9efcd11d29ed67584c0d829b173c80cc388820bec9c,https://www.transfermarkt.de/jawad-el-yamiq/profil/spieler/235412,7951e71935ff54a88b22f4abf24e30eb9749004c4a06632b910277a2a4cdd40c,https://www.transfermarkt.de/super-lig/transfers/wettbewerb/TR1/saison_id/2026,673f7a4eee1e2dc5a16d0727bf4f4c45015c921cc092e8d3b7b759b5db06f4be,2026-09-12,POLICY_EXCEPTION_REQUIRED,"Current permanent membership and join are confirmed, but no evidenced future contract end exists and the Native08 end is expired"
TUR1,Konrad Michalak,387160,105039,240119,1997-09-19,1441832,3145777,Eyüpspor,7160,2026-07-03,,2026-06-30,6393279,,6418,7160,YES,FIFA_ID,SECONDARY_ROSTER_PROFILE_PERMANENT_EVENT_END_UNDISCLOSED,,,https://www.transfermarkt.de/eyupspor/kader/verein/7160/saison_id/2026/plus/1,f4f3375da68b82c3bad1b9efcd11d29ed67584c0d829b173c80cc388820bec9c,https://www.transfermarkt.de/konrad-michalak/profil/spieler/387160,1effa0b8f2881894e3c254aa660e41fa879c6dbf81acb704231535dd60e4c4cd,https://www.transfermarkt.de/super-lig/transfers/wettbewerb/TR1/saison_id/2026,673f7a4eee1e2dc5a16d0727bf4f4c45015c921cc092e8d3b7b759b5db06f4be,2026-09-12,POLICY_EXCEPTION_REQUIRED,"Current permanent membership and join are confirmed, but no evidenced future contract end exists and the Native08 end is expired"
TUR1,Mete Demir,282615,201012,239333,1998-05-13,3145838,3145777,Eyüpspor,7160,2026-07-24,,2026-06-30,6336868,,2463,7160,YES,FIFA_ID,SECONDARY_ROSTER_PROFILE_PERMANENT_EVENT_END_UNDISCLOSED,,,https://www.transfermarkt.de/eyupspor/kader/verein/7160/saison_id/2026/plus/1,f4f3375da68b82c3bad1b9efcd11d29ed67584c0d829b173c80cc388820bec9c,https://www.transfermarkt.de/mete-demir/profil/spieler/282615,d771b24653aefc6d1ce1e692fbc721f17f01f2a08601fc4efeec1a38f1fe80fe,https://www.transfermarkt.de/super-lig/transfers/wettbewerb/TR1/saison_id/2026,673f7a4eee1e2dc5a16d0727bf4f4c45015c921cc092e8d3b7b759b5db06f4be,2026-09-12,POLICY_EXCEPTION_REQUIRED,"Current permanent membership and join are confirmed, but no evidenced future contract end exists and the Native08 end is expired"
TUR1,Zak Jules,309041,267781,230839,1997-02-07,917551,3145777,Eyüpspor,7160,2026-07-07,,2026-06-30,6301923,,1194,7160,YES,FIFA_ID,SECONDARY_ROSTER_PROFILE_PERMANENT_EVENT_END_UNDISCLOSED,,,https://www.transfermarkt.de/eyupspor/kader/verein/7160/saison_id/2026/plus/1,f4f3375da68b82c3bad1b9efcd11d29ed67584c0d829b173c80cc388820bec9c,https://www.transfermarkt.de/zak-jules/profil/spieler/309041,f4c4a3fbcef0e522a02d8c71c544f4811ea3ce4587f7ea511692438a40ebb76b,https://www.transfermarkt.de/super-lig/transfers/wettbewerb/TR1/saison_id/2026,673f7a4eee1e2dc5a16d0727bf4f4c45015c921cc092e8d3b7b759b5db06f4be,2026-09-12,POLICY_EXCEPTION_REQUIRED,"Current permanent membership and join are confirmed, but no evidenced future contract end exists and the Native08 end is expired"
TUR1,Ömer Bayram,117586,201186,193201,1991-07-27,3145757,3145843,Kasimpasa,10484,2026-09-04,,2026-06-30,6566964,,518,10484,YES,FIFA_ID,SECONDARY_ROSTER_PROFILE_PERMANENT_EVENT_END_UNDISCLOSED,,,https://www.transfermarkt.de/kasimpasa/kader/verein/10484/saison_id/2026/plus/1,c67384cb86e5ab0489a71469deab8847f74c6c6c97729fe8853bfdf343f41060,https://www.transfermarkt.de/omer-bayram/profil/spieler/117586,0e82e831646a9bd31a52e0df279f69db3816a0b7b00a99f99edc0a8e56feb113,https://www.transfermarkt.de/super-lig/transfers/wettbewerb/TR1/saison_id/2026,673f7a4eee1e2dc5a16d0727bf4f4c45015c921cc092e8d3b7b759b5db06f4be,2026-09-12,POLICY_EXCEPTION_REQUIRED,"Current permanent membership and join are confirmed, but no evidenced future contract end exists and the Native08 end is expired"
