row_id,decision,technical_action,implementation_status,native_fm_id,detail
FM27-005289484b479f43cfdff503,NONBLOCKING,,RESOLVED_NO_CHANGE,296603,RESOLVED
FM27-0059c4cbd441b01d52a4dd1c,NONBLOCKING,,RESOLVED_NO_CHANGE,,RESOLVED
FM27-00c9a7c35e46f7b95415101a,ESCALATE_TECHNICAL,MOVE_TO_TARGET_PRESERVE_METADATA,STAGED_TECHNICAL,277082,MOVE_PRESERVE_METADATA
FM27-00f7e3d9a098f725ba6fa942,NONBLOCKING,,RESOLVED_NO_CHANGE,200980,RESOLVED
FM27-0115ab060749c1fa615ff6b1,KEEP_EXISTING,NO_CHANGE_KEEP_EXISTING,RESOLVED_NO_CHANGE,276348,EXTERNALLY_RESOLVED_NO_CHANGE
FM27-012fbfd6533d583b98a5ae84,NONBLOCKING,,RESOLVED_NO_CHANGE,,RESOLVED
FM27-01fb8bf6e8f629c843ccd45b,NONBLOCKING,,RESOLVED_NO_CHANGE,,RESOLVED
FM27-023d44c7d114fdd3cd23c287,ESCALATE_TECHNICAL,MOVE_TO_TARGET_PRESERVE_METADATA,STAGED_TECHNICAL,100534,MOVE_PRESERVE_METADATA
FM27-03351a546ebd75805fd49cc5,KEEP_EXISTING,NO_CHANGE_KEEP_EXISTING,RESOLVED_NO_CHANGE,275441,EXTERNALLY_RESOLVED_NO_CHANGE
FM27-03a2b311b314bc308f74ac3c,NONBLOCKING,,RESOLVED_NO_CHANGE,,RESOLVED
FM27-03cc6c66c7bd23bec44ca9eb,KEEP_EXISTING,NO_CHANGE_KEEP_EXISTING,RESOLVED_NO_CHANGE,277290,EXTERNALLY_RESOLVED_NO_CHANGE
FM27-0455f5d8f00ac5f775a4456b,ESCALATE_TECHNICAL,CREATE_OR_BRIDGE_IDENTITY,RESOLVED_IDENTITY_BRIDGE_NO_STATE_CHANGE,23903,Reinildo Mandava
FM27-04b1dafba4d53c26ccd1838d,ESCALATE_TECHNICAL,MOVE_TO_TARGET_PRESERVE_METADATA,STAGED_TECHNICAL,276599,MOVE_PRESERVE_METADATA
FM27-05686f0480329515e73f5ac4,KEEP_EXISTING,NO_CHANGE_KEEP_EXISTING,RESOLVED_NO_CHANGE,275511,EXTERNALLY_RESOLVED_NO_CHANGE
FM27-05813e06b47cb25056dd599a,NONBLOCKING,,RESOLVED_NO_CHANGE,,RESOLVED
FM27-0597f7475e2376d8b33a7839,NONBLOCKING,,RESOLVED_NO_CHANGE,266804,RESOLVED
FM27-05e6e6d32ab5c410b8add184,ESCALATE_TECHNICAL,MOVE_TO_TARGET_PRESERVE_METADATA,STAGED_TECHNICAL,272755,RESOLVE_EXPIRED_LOAN
FM27-066e05b6c4579bb77c55e279,ESCALATE_TECHNICAL,SET_CURRENT_LOAN,TECHNICAL_BLOCKER,277861,"Native owner contract ends 2026-06-30, before resolved loan end 2027-06-30; no replacement contract date supplied."
FM27-06766128cb14870417ad61dc,ESCALATE_TECHNICAL,MOVE_TO_TARGET_PRESERVE_METADATA,STAGED_TECHNICAL,255346,MOVE_PRESERVE_METADATA
FM27-06a2f7bfb1bbabf2ea1d5df2,ESCALATE_TECHNICAL,MOVE_TO_TARGET_PRESERVE_METADATA,STAGED_TECHNICAL,1000013989,MOVE_PRESERVE_METADATA
FM27-06a3877101dd8e195b453def,ESCALATE_TECHNICAL,SET_CURRENT_LOAN,TECHNICAL_BLOCKER,11252,"Native owner contract ends 2026-06-30, before resolved loan end 2027-06-30; no replacement contract date supplied."
FM27-0750386296568c137a22392d,KEEP_EXISTING,NO_CHANGE_KEEP_EXISTING,RESOLVED_NO_CHANGE,268503,EXTERNALLY_RESOLVED_NO_CHANGE
FM27-078e966810d9ce430c7898b4,NONBLOCKING,,RESOLVED_NO_CHANGE,,RESOLVED
FM27-07a12857a5061420f9ba526c,NONBLOCKING,,RESOLVED_NO_CHANGE,,RESOLVED
FM27-07f244c71b4ddabc8a1b6fc8,ESCALATE_TECHNICAL,MOVE_TO_TARGET_PRESERVE_METADATA,STAGED_TECHNICAL,231683,MOVE_PRESERVE_METADATA
FM27-080deb419d6cdd8625a7000a,KEEP_EXISTING,NO_CHANGE_KEEP_EXISTING,RESOLVED_NO_CHANGE,286744,EXTERNALLY_RESOLVED_NO_CHANGE
FM27-0810a84eafa1e4b9cb14a258,ESCALATE_TECHNICAL,CREATE_OR_BRIDGE_IDENTITY,RESOLVED_IDENTITY_BRIDGE_NO_STATE_CHANGE,269703,Samuel Moïse Althaus
FM27-083a0c7851e413f26c2b1b4e,ESCALATE_TECHNICAL,MOVE_TO_TARGET_PRESERVE_METADATA,STAGED_TECHNICAL,291000,RESOLVE_EXPIRED_LOAN
FM27-084c912823490b04f59a66b7,KEEP_EXISTING,NO_CHANGE_KEEP_EXISTING,RESOLVED_NO_CHANGE,11841,EXTERNALLY_RESOLVED_NO_CHANGE
FM27-08770b4612b1a0e439ae632c,KEEP_EXISTING,NO_CHANGE_KEEP_EXISTING,RESOLVED_NO_CHANGE,296758,EXTERNALLY_RESOLVED_NO_CHANGE
FM27-0905a02028eb5af3825d1582,KEEP_EXISTING,NO_CHANGE_KEEP_EXISTING,RESOLVED_NO_CHANGE,275699,EXTERNALLY_RESOLVED_NO_CHANGE
FM27-0935ae4e6f49177f34f25bd1,ESCALATE_TECHNICAL,MOVE_TO_TARGET_PRESERVE_METADATA,STAGED_TECHNICAL,187814,MOVE_PRESERVE_METADATA
FM27-0942977303c64196f93fbdf0,ESCALATE_TECHNICAL,CREATE_OR_BRIDGE_IDENTITY,RESOLVED_IDENTITY_BRIDGE_NO_STATE_CHANGE,104501,Alexis Kalogeropoulos
FM27-09cbab854bc1276777511684,ESCALATE_TECHNICAL,SET_CURRENT_LOAN,TECHNICAL_BLOCKER,262625,"Native owner contract ends 2026-06-30, before resolved loan end 2027-06-30; no replacement contract date supplied."
FM27-0a1d47e0b35d9927eee3a601,NONBLOCKING,,RESOLVED_NO_CHANGE,,RESOLVED
FM27-0a219292990e2dc2dfecf5d7,ESCALATE_TECHNICAL,MOVE_TO_TARGET_PRESERVE_METADATA,STAGED_TECHNICAL,263376,MOVE_PRESERVE_METADATA
FM27-0a9032083dfc18532fede5aa,ESCALATE_TECHNICAL,SET_CURRENT_LOAN_PRESERVE_TYPED_CONDITION,STAGED_TECHNICAL,294619,PRESERVE_PROTECTED_SQUAD
FM27-0c35ff20f9204aa12843b02a,NONBLOCKING,,RESOLVED_NO_CHANGE,,RESOLVED
FM27-0ca773156b68400301c6b3c7,ESCALATE_TECHNICAL,APPLY_CONFIRMED_TIMELINE_WITH_GUARD_REPAIR,TECHNICAL_BLOCKER,294089,Local confirmed timeline says loan end 2028-06-30 after owner contract 2027-06-30; exact loan end cannot be synthesized safely.
FM27-0cb01390ed086e6db81d0004,KEEP_EXISTING,NO_CHANGE_KEEP_EXISTING,RESOLVED_NO_CHANGE,272086,EXTERNALLY_RESOLVED_NO_CHANGE
FM27-0d26ca7cc05486014d555c53,ESCALATE_TECHNICAL,MOVE_TO_TARGET_PRESERVE_METADATA,STAGED_TECHNICAL,200488,MOVE_PRESERVE_METADATA
FM27-0d343b5ff4590c8e4b503b5e,ESCALATE_TECHNICAL,MOVE_TO_TARGET_PRESERVE_METADATA,STAGED_TECHNICAL,36543,MOVE_PRESERVE_METADATA
FM27-0d4ee56383e851028668f34a,ESCALATE_TECHNICAL,APPLY_CONFIRMED_TIMELINE_WITH_GUARD_REPAIR,TECHNICAL_BLOCKER,283989,Local confirmed timeline says loan end 2030-06-30 after owner contract 2027-06-30; exact loan end cannot be synthesized safely.
FM27-0d812459199e2be04d063e12,KEEP_EXISTING,NO_CHANGE_KEEP_EXISTING,RESOLVED_NO_CHANGE,11926,EXTERNALLY_RESOLVED_NO_CHANGE
FM27-0d85fd2bbc6d4171356270c0,NONBLOCKING,,RESOLVED_NO_CHANGE,,RESOLVED
FM27-0d9bc696a175800bf35d47c9,NONBLOCKING,,RESOLVED_NO_CHANGE,,RESOLVED
FM27-0da804f78c39e2bdc05b9599,KEEP_EXISTING,NO_CHANGE_KEEP_EXISTING,RESOLVED_NO_CHANGE,276630,EXTERNALLY_RESOLVED_NO_CHANGE
FM27-0dd69e5f90d68ed63e26741c,ESCALATE_TECHNICAL,MOVE_TO_TARGET_PRESERVE_METADATA,STAGED_TECHNICAL,104502,MOVE_PRESERVE_METADATA
FM27-0e12009b3ff7a7f5f8df330b,ESCALATE_TECHNICAL,MOVE_TO_TARGET_PRESERVE_METADATA,STAGED_TECHNICAL,201012,MOVE_PRESERVE_METADATA
FM27-0e2d3f9bdc2ae414ec365884,ESCALATE_TECHNICAL,MOVE_TO_TARGET_PRESERVE_METADATA,STAGED_TECHNICAL,203211,MOVE_PRESERVE_METADATA
FM27-0e88dbc64fc45f78a53e12eb,ESCALATE_TECHNICAL,MOVE_TO_TARGET_PRESERVE_METADATA,STAGED_TECHNICAL,61806,MOVE_PRESERVE_METADATA
FM27-0efeabbade07f74e15aa4e3c,NONBLOCKING,,RESOLVED_NO_CHANGE,,RESOLVED
FM27-0ff11df5aa0bf34bad10c590,ESCALATE_TECHNICAL,MOVE_TO_TARGET_PRESERVE_METADATA,STAGED_TECHNICAL,277446,MOVE_PRESERVE_METADATA
FM27-0ff43d0f2df394fce9e4d1d2,NONBLOCKING,,RESOLVED_NO_CHANGE,,RESOLVED
FM27-10ab3f86b3c6b5d5f69c9a33,KEEP_EXISTING,NO_CHANGE_KEEP_EXISTING,RESOLVED_NO_CHANGE,276644,EXTERNALLY_RESOLVED_NO_CHANGE
FM27-10fff72cddc1b0752ecd5abc,ESCALATE_TECHNICAL,MOVE_TO_TARGET_PRESERVE_METADATA,STAGED_TECHNICAL,285382,MOVE_PRESERVE_METADATA
FM27-114d5c4b67282886ff11b937,ESCALATE_TECHNICAL,APPLY_CONFIRMED_TIMELINE_WITH_GUARD_REPAIR,TECHNICAL_BLOCKER,264991,Local confirmed timeline says loan end 2030-06-30 after owner contract 2027-06-30; exact loan end cannot be synthesized safely.
FM27-1181a8f6e1a1ee463e371478,ESCALATE_TECHNICAL,MOVE_TO_TARGET_PRESERVE_METADATA,STAGED_TECHNICAL,276088,MOVE_PRESERVE_METADATA
FM27-118240670359ec789b6eb16a,ESCALATE_TECHNICAL,MOVE_TO_TARGET_PRESERVE_METADATA,STAGED_TECHNICAL,227312,MOVE_PRESERVE_METADATA
FM27-11b3c686a382f6c1cd8ecf0d,NONBLOCKING,,RESOLVED_NO_CHANGE,,RESOLVED
FM27-122e54be8300b17d762ba73e,ESCALATE_TECHNICAL,CREATE_OR_BRIDGE_IDENTITY,TECHNICAL_BLOCKER,,No safe local identity and no complete supplied native creation fields.
FM27-125a27020cb89a47028a639a,ESCALATE_TECHNICAL,MOVE_TO_TARGET_PRESERVE_METADATA,STAGED_TECHNICAL,136134,MOVE_PRESERVE_METADATA
FM27-12b343061a60e8953bd841c4,NONBLOCKING,,RESOLVED_NO_CHANGE,,RESOLVED
FM27-1348f18d8f7857a99e7169a6,ESCALATE_TECHNICAL,MOVE_TO_TARGET_PRESERVE_METADATA,STAGED_TECHNICAL,237880,MOVE_PRESERVE_METADATA
FM27-13c22a9a23619ba9be6775e8,KEEP_EXISTING,NO_CHANGE_KEEP_EXISTING,RESOLVED_NO_CHANGE,11362,EXTERNALLY_RESOLVED_NO_CHANGE
FM27-1423b22dcdce21b63b6b6947,KEEP_EXISTING,NO_CHANGE_KEEP_EXISTING,RESOLVED_NO_CHANGE,236225,EXTERNALLY_RESOLVED_NO_CHANGE
FM27-146a1d5069e3b379a5f8fc39,ESCALATE_TECHNICAL,MOVE_TO_TARGET_PRESERVE_METADATA,STAGED_TECHNICAL,279872,MOVE_PRESERVE_METADATA
FM27-14849f555e5cda2d8a81a1db,KEEP_EXISTING,NO_CHANGE_KEEP_EXISTING,RESOLVED_NO_CHANGE,277739,EXTERNALLY_RESOLVED_NO_CHANGE
FM27-14e09af3cda877be92c8bdab,NONBLOCKING,,RESOLVED_NO_CHANGE,,RESOLVED
FM27-14fffbfe3613997d7d03846c,ESCALATE_TECHNICAL,MOVE_TO_TARGET_PRESERVE_METADATA,STAGED_TECHNICAL,200114,MOVE_PRESERVE_METADATA
FM27-168354ebdd9bb58a7f14161d,ESCALATE_TECHNICAL,APPLY_CONFIRMED_TIMELINE_WITH_GUARD_REPAIR,TECHNICAL_BLOCKER,222649,Local confirmed timeline says loan end 2031-06-30 after owner contract 2027-06-30; exact loan end cannot be synthesized safely.
FM27-16c53f335257a792fd968fe8,ESCALATE_TECHNICAL,MOVE_TO_TARGET_PRESERVE_METADATA,STAGED_TECHNICAL,272328,MOVE_PRESERVE_METADATA
FM27-176ff6bbe7351e059e7d9d60,ESCALATE_TECHNICAL,CREATE_OR_BRIDGE_IDENTITY,RESOLVED_IDENTITY_BRIDGE_NO_STATE_CHANGE,199935,Abbosbek Fayzullayev
FM27-1784f6005f4c04ccf26931f0,ESCALATE_TECHNICAL,CLEAR_STALE_LOAN_KEEP_TARGET,STAGED_TECHNICAL,292895,RESOLVE_EXPIRED_LOAN
FM27-17e7cdbfc49f7b2bd55ebb79,ESCALATE_TECHNICAL,MOVE_TO_TARGET_PRESERVE_METADATA,STAGED_TECHNICAL,12227,RESOLVE_EXPIRED_LOAN
FM27-18574f71c4a51bb9e9bfe5a2,NONBLOCKING,,RESOLVED_NO_CHANGE,,RESOLVED
FM27-1858687d4d8990e93b1d35d6,ESCALATE_TECHNICAL,MOVE_TO_TARGET_PRESERVE_METADATA,STAGED_TECHNICAL,11201,MOVE_PRESERVE_METADATA
FM27-1958c155a2831c18d6f63eb4,ESCALATE_TECHNICAL,MOVE_TO_TARGET_PRESERVE_METADATA,STAGED_TECHNICAL,223057,MOVE_PRESERVE_METADATA
FM27-19e5e35e78c2470764431436,NONBLOCKING,,RESOLVED_NO_CHANGE,,RESOLVED
FM27-1a9613daa64c3ac29e532604,NONBLOCKING,,RESOLVED_NO_CHANGE,,RESOLVED
FM27-1b6607c64d7ec348edd65aee,ESCALATE_TECHNICAL,SET_CURRENT_LOAN,TECHNICAL_BLOCKER,262642,"Native owner contract ends 2026-06-30, before resolved loan end 2027-06-30; no replacement contract date supplied."
FM27-1be870ca3940877c5a41ae76,ESCALATE_TECHNICAL,MOVE_TO_TARGET_PRESERVE_METADATA,STAGED_TECHNICAL,271020,MOVE_PRESERVE_METADATA
FM27-1bffe61103e5622fa08dba39,ESCALATE_TECHNICAL,MOVE_TO_TARGET_PRESERVE_METADATA,STAGED_TECHNICAL,100532,MOVE_PRESERVE_METADATA
FM27-1c1eb8a639fe13555a32b4c0,KEEP_EXISTING,NO_CHANGE_KEEP_EXISTING,RESOLVED_NO_CHANGE,287391,EXTERNALLY_RESOLVED_NO_CHANGE
FM27-1d32fac2763c27d7881631e0,KEEP_EXISTING,NO_CHANGE_KEEP_EXISTING,RESOLVED_NO_CHANGE,100247,EXTERNALLY_RESOLVED_NO_CHANGE
FM27-1d3a63bc701d86b36c1f1431,ESCALATE_TECHNICAL,SET_CURRENT_LOAN,TECHNICAL_BLOCKER,284131,"Native owner contract ends 2026-06-30, before resolved loan end 2027-06-30; no replacement contract date supplied."
FM27-1dd0c9a3be7a52be63242b02,ESCALATE_TECHNICAL,CREATE_OR_BRIDGE_IDENTITY,STAGED_CREATE,1000024889,Sosseh
FM27-1e005007bc4531ffe912af65,NONBLOCKING,,RESOLVED_NO_CHANGE,,RESOLVED
FM27-1f3bfe3bfff60e88de0ceef8,ESCALATE_TECHNICAL,CLEAR_STALE_LOAN_KEEP_TARGET,STAGED_TECHNICAL,268481,RESOLVE_EXPIRED_LOAN
FM27-1fa6fd12211dbfe804a26ee9,NONBLOCKING,,RESOLVED_NO_CHANGE,,RESOLVED
FM27-1fc90b10dfc0ea1c149acdd1,NONBLOCKING,,RESOLVED_NO_CHANGE,,RESOLVED
FM27-2017caa6c2c4cd8716cc8cc8,ESCALATE_TECHNICAL,SET_CURRENT_LOAN,TECHNICAL_BLOCKER,107257,"Native owner contract ends 2026-06-30, before resolved loan end 2027-06-30; no replacement contract date supplied."
FM27-20506b3332fe8f53f0d234a1,KEEP_EXISTING,NO_CHANGE_KEEP_EXISTING,RESOLVED_NO_CHANGE,11344,EXTERNALLY_RESOLVED_NO_CHANGE
FM27-209239680e754b6f6c1839a5,NONBLOCKING,,RESOLVED_NO_CHANGE,284254,RESOLVED
FM27-20b95d68ed193087d5af0eda,KEEP_EXISTING,NO_CHANGE_KEEP_EXISTING,RESOLVED_NO_CHANGE,295811,EXTERNALLY_RESOLVED_NO_CHANGE
FM27-2102680d865113aa47e5572a,ESCALATE_TECHNICAL,MOVE_TO_TARGET_PRESERVE_METADATA,STAGED_TECHNICAL,271547,MOVE_PRESERVE_METADATA
FM27-21c18ae230c0214b4c25531e,ESCALATE_TECHNICAL,MOVE_TO_TARGET_PRESERVE_METADATA,STAGED_TECHNICAL,276321,MOVE_PRESERVE_METADATA
FM27-22101142207f0ae432fd30e5,ESCALATE_TECHNICAL,CLEAR_STALE_LOAN_KEEP_TARGET,STAGED_TECHNICAL,288094,RESOLVE_EXPIRED_LOAN
FM27-22b31b25eb192cccf84b5b7c,KEEP_EXISTING,NO_CHANGE_KEEP_EXISTING,RESOLVED_NO_CHANGE,295272,EXTERNALLY_RESOLVED_NO_CHANGE
FM27-22d485b1533283af8550a8da,ESCALATE_TECHNICAL,CREATE_OR_BRIDGE_IDENTITY,RESOLVED_IDENTITY_BRIDGE_NO_STATE_CHANGE,286426,Giorgos Vagiannidis
FM27-22d9d9b74881ddab6abc76c1,ESCALATE_TECHNICAL,CREATE_OR_BRIDGE_IDENTITY,RESOLVED_IDENTITY_BRIDGE_NO_STATE_CHANGE,270378,Yung-Woo Seol
FM27-22fcaf565cb1ed008c9ac10e,NONBLOCKING,,RESOLVED_NO_CHANGE,291077,RESOLVED
FM27-230d12a9726f671e769dc69a,ESCALATE_TECHNICAL,CREATE_OR_BRIDGE_IDENTITY,RESOLVED_IDENTITY_BRIDGE_NO_STATE_CHANGE,287688,Leonardo Realpe
FM27-233dde0169e7a4598e245fae,ESCALATE_TECHNICAL,MOVE_TO_TARGET_PRESERVE_METADATA,STAGED_TECHNICAL,188090,MOVE_PRESERVE_METADATA
FM27-2404b9f9083726ee1bedabe6,ESCALATE_TECHNICAL,MOVE_TO_TARGET_PRESERVE_METADATA,STAGED_TECHNICAL,277531,MOVE_PRESERVE_METADATA
FM27-241531f900caf204310a7388,ESCALATE_TECHNICAL,SET_CURRENT_LOAN,TECHNICAL_BLOCKER,280198,"Native owner contract ends 2026-06-30, before resolved loan end 2027-06-30; no replacement contract date supplied."
FM27-247f46959400ad35c9d3d839,KEEP_EXISTING,NO_CHANGE_KEEP_EXISTING,RESOLVED_NO_CHANGE,272269,EXTERNALLY_RESOLVED_NO_CHANGE
FM27-24fadf3ac0edfe6b2e2c54fc,KEEP_EXISTING,NO_CHANGE_KEEP_EXISTING,RESOLVED_NO_CHANGE,276608,EXTERNALLY_RESOLVED_NO_CHANGE
FM27-24ff43732e2ac7b01e3fb6cd,ESCALATE_TECHNICAL,MOVE_TO_TARGET_PRESERVE_METADATA,STAGED_TECHNICAL,280215,MOVE_PRESERVE_METADATA
FM27-252ef9bef22b54c66a8fd031,KEEP_EXISTING,NO_CHANGE_KEEP_EXISTING,RESOLVED_NO_CHANGE,280216,EXTERNALLY_RESOLVED_NO_CHANGE
FM27-260226f100ea862dc4e7733e,ESCALATE_TECHNICAL,CREATE_OR_BRIDGE_IDENTITY,TECHNICAL_BLOCKER,,No safe local identity and no complete supplied native creation fields.
FM27-2673632bd08eb1bb702c4740,NONBLOCKING,,RESOLVED_NO_CHANGE,,RESOLVED
FM27-269da445a56389bdf780cb9e,NONBLOCKING,,RESOLVED_NO_CHANGE,235945,RESOLVED
FM27-274b038674a9bff7f2cf7f4d,ESCALATE_TECHNICAL,MOVE_TO_TARGET_PRESERVE_METADATA,STAGED_TECHNICAL,221509,MOVE_PRESERVE_METADATA
FM27-274d0856a90b207bf483ca0b,ESCALATE_TECHNICAL,MOVE_TO_TARGET_PRESERVE_METADATA,STAGED_TECHNICAL,23579,MOVE_PRESERVE_METADATA
FM27-2755f791761e60b650ee480c,ESCALATE_TECHNICAL,MOVE_TO_TARGET_PRESERVE_METADATA,STAGED_TECHNICAL,136516,MOVE_PRESERVE_METADATA
FM27-2791ce24abd367071604400c,ESCALATE_TECHNICAL,MOVE_TO_TARGET_PRESERVE_METADATA,STAGED_TECHNICAL,15944,MOVE_PRESERVE_METADATA
FM27-27a833a447d188ca6480f619,ESCALATE_TECHNICAL,MOVE_TO_TARGET_PRESERVE_METADATA,STAGED_TECHNICAL,280929,MOVE_PRESERVE_METADATA
FM27-2831b6368615279511ce43b2,NONBLOCKING,,RESOLVED_NO_CHANGE,,RESOLVED
FM27-28c555252043c399f4fdfde0,NONBLOCKING,,RESOLVED_NO_CHANGE,287308,RESOLVED
FM27-28fc69f149e5b2c8be31fe24,ESCALATE_TECHNICAL,MOVE_TO_TARGET_PRESERVE_METADATA,STAGED_TECHNICAL,297594,MOVE_PRESERVE_METADATA
FM27-291d9cefd53be1e90e00ff77,ESCALATE_TECHNICAL,SET_CURRENT_LOAN,STAGED_TECHNICAL,221428,SQUAD
FM27-299553186c842024b6ef31f4,ESCALATE_TECHNICAL,MOVE_TO_TARGET_PRESERVE_METADATA,STAGED_TECHNICAL,12466,MOVE_PRESERVE_METADATA
FM27-2a31e323a09cfd52b60b865d,KEEP_EXISTING,NO_CHANGE_KEEP_EXISTING,RESOLVED_NO_CHANGE,273111,EXTERNALLY_RESOLVED_NO_CHANGE
FM27-2a82898c4d27d2fb0c15ba15,ESCALATE_TECHNICAL,MOVE_TO_TARGET_PRESERVE_METADATA,STAGED_TECHNICAL,55395,MOVE_PRESERVE_METADATA
FM27-2a99d0c304979060df8c862a,ESCALATE_TECHNICAL,MOVE_TO_TARGET_PRESERVE_METADATA,STAGED_TECHNICAL,276419,RESOLVE_EXPIRED_LOAN
FM27-2af1837f603d147af35768bd,KEEP_EXISTING,NO_CHANGE_KEEP_EXISTING,RESOLVED_NO_CHANGE,272214,EXTERNALLY_RESOLVED_NO_CHANGE
FM27-2b116aa19db68661d44d5565,KEEP_EXISTING,NO_CHANGE_KEEP_EXISTING,RESOLVED_NO_CHANGE,280248,EXTERNALLY_RESOLVED_NO_CHANGE
FM27-2b2631356af24c7f6bc4fcbc,ESCALATE_TECHNICAL,MOVE_TO_TARGET_PRESERVE_METADATA,STAGED_TECHNICAL,236874,MOVE_PRESERVE_METADATA
FM27-2b2aa0fdb8b58d279057cdee,ESCALATE_TECHNICAL,CREATE_OR_BRIDGE_IDENTITY,STAGED_IDENTITY_BRIDGE,193692,RESOLVE_EXPIRED_LOAN
FM27-2b66d1949da03e823807810d,NONBLOCKING,,RESOLVED_NO_CHANGE,,RESOLVED
FM27-2b882875df94fc88c215c6de,NONBLOCKING,,RESOLVED_NO_CHANGE,235262,RESOLVED
FM27-2be02aa5f525af031b43a8b3,KEEP_EXISTING,NO_CHANGE_KEEP_EXISTING,RESOLVED_NO_CHANGE,295264,EXTERNALLY_RESOLVED_NO_CHANGE
FM27-2c1212242282dbe3094dd73b,NONBLOCKING,,RESOLVED_NO_CHANGE,,RESOLVED
FM27-2c6e317a9f19c990b1569faa,ESCALATE_TECHNICAL,CLEAR_STALE_LOAN_KEEP_TARGET,STAGED_TECHNICAL,223200,RESOLVE_EXPIRED_LOAN
FM27-2cce968d3900569dc08617d4,NONBLOCKING,,RESOLVED_NO_CHANGE,287227,RESOLVED
FM27-2d8e90de1d7ac283657b763c,KEEP_EXISTING,NO_CHANGE_KEEP_EXISTING,RESOLVED_NO_CHANGE,276621,EXTERNALLY_RESOLVED_NO_CHANGE
FM27-2e11abe931f904384c02141e,ESCALATE_TECHNICAL,MOVE_TO_TARGET_PRESERVE_METADATA,STAGED_TECHNICAL,268107,MOVE_PRESERVE_METADATA
FM27-2ec3ed0665fe9d464e674273,ESCALATE_TECHNICAL,MOVE_TO_TARGET_PRESERVE_METADATA,STAGED_TECHNICAL,222045,MOVE_PRESERVE_METADATA
FM27-2edff63b05b060a60c10ec1a,ESCALATE_TECHNICAL,MOVE_TO_TARGET_PRESERVE_METADATA,STAGED_TECHNICAL,105233,MOVE_PRESERVE_METADATA
FM27-2f7d8e47f05dcf4b5957f648,ESCALATE_TECHNICAL,MOVE_TO_TARGET_PRESERVE_METADATA,STAGED_TECHNICAL,201186,MOVE_PRESERVE_METADATA
FM27-2ffb99d8ee8d0a372f579c12,NONBLOCKING,,RESOLVED_NO_CHANGE,,RESOLVED
FM27-301a53b40c097e134adc0bcd,NONBLOCKING,,RESOLVED_NO_CHANGE,11895,RESOLVED
FM27-306b37e9af41226c2c53ded3,ESCALATE_TECHNICAL,CLEAR_STALE_LOAN_KEEP_TARGET,STAGED_TECHNICAL,199892,RESOLVE_EXPIRED_LOAN
FM27-309d5e2b641e844b30aa8192,ESCALATE_TECHNICAL,MOVE_TO_TARGET_PRESERVE_METADATA,STAGED_TECHNICAL,107259,MOVE_PRESERVE_METADATA
FM27-309ebfd030fb1abef9d7f201,KEEP_EXISTING,NO_CHANGE_KEEP_EXISTING,RESOLVED_NO_CHANGE,235558,EXTERNALLY_RESOLVED_NO_CHANGE
FM27-30bdd637efd2baaf56d29c17,KEEP_EXISTING,NO_CHANGE_KEEP_EXISTING,RESOLVED_NO_CHANGE,295593,EXTERNALLY_RESOLVED_NO_CHANGE
FM27-30eede71297f53576e84dd41,ESCALATE_TECHNICAL,CREATE_OR_BRIDGE_IDENTITY,STAGED_IDENTITY_BRIDGE,202958,MOVE_PRESERVE_METADATA
FM27-31236c38e3cbd02d05229c92,ESCALATE_TECHNICAL,SET_CURRENT_LOAN,STAGED_TECHNICAL,213189,SQUAD
FM27-317b12f864f0fa8dcfedb5eb,ESCALATE_TECHNICAL,MOVE_TO_TARGET_PRESERVE_METADATA,STAGED_TECHNICAL,136521,MOVE_PRESERVE_METADATA
FM27-3294c3e989ac22d6d34873fb,NONBLOCKING,,RESOLVED_NO_CHANGE,,RESOLVED
FM27-33de8de338a6d897f25d24b7,KEEP_EXISTING,NO_CHANGE_KEEP_EXISTING,RESOLVED_NO_CHANGE,11561,EXTERNALLY_RESOLVED_NO_CHANGE
FM27-341225613caf72cb9d862070,NONBLOCKING,,RESOLVED_NO_CHANGE,,RESOLVED
FM27-34d915b922ee223ee16aed7d,NONBLOCKING,,RESOLVED_NO_CHANGE,279681,RESOLVED
FM27-3525eaec176afd9d0d8c1a01,NONBLOCKING,,RESOLVED_NO_CHANGE,,RESOLVED
FM27-3663b2a6f736d78bc5051465,KEEP_EXISTING,NO_CHANGE_KEEP_EXISTING,RESOLVED_NO_CHANGE,280810,EXTERNALLY_RESOLVED_NO_CHANGE
FM27-36688177e6b9c8a1074ae3c1,ESCALATE_TECHNICAL,MOVE_TO_TARGET_PRESERVE_METADATA,STAGED_TECHNICAL,266703,MOVE_PRESERVE_METADATA
FM27-367ad086476125558cfb9091,ESCALATE_TECHNICAL,MOVE_TO_TARGET_PRESERVE_METADATA,STAGED_TECHNICAL,177717,RESOLVE_EXPIRED_LOAN
FM27-368a9fc1c791742490596b81,ESCALATE_TECHNICAL,MOVE_TO_TARGET_PRESERVE_METADATA,STAGED_TECHNICAL,221828,MOVE_PRESERVE_METADATA
FM27-3692a8aec4bb3ca8f8a0a082,NONBLOCKING,,RESOLVED_NO_CHANGE,,RESOLVED
FM27-370e6cd3d7def658e427c9d9,ESCALATE_TECHNICAL,SET_CURRENT_LOAN,STAGED_TECHNICAL,286280,SQUAD
FM27-37646cc1a5db41bf573e66df,ESCALATE_TECHNICAL,MOVE_TO_TARGET_PRESERVE_METADATA,STAGED_TECHNICAL,293734,MOVE_PRESERVE_METADATA
FM27-37821f6c507a7aec5d87d733,ESCALATE_TECHNICAL,MOVE_TO_TARGET_PRESERVE_METADATA,STAGED_TECHNICAL,280344,MOVE_PRESERVE_METADATA
FM27-37f5f62c947eceac0a83c013,ESCALATE_TECHNICAL,CREATE_OR_BRIDGE_IDENTITY,RESOLVED_IDENTITY_BRIDGE_NO_STATE_CHANGE,283460,Lucas Lopes Beraldo
FM27-384cc4138558480ae3d0dc84,ESCALATE_TECHNICAL,MOVE_TO_TARGET_PRESERVE_METADATA,STAGED_TECHNICAL,22792,MOVE_PRESERVE_METADATA
FM27-386d4f1fcc6fbefa5ee615a4,ESCALATE_TECHNICAL,MOVE_TO_TARGET_PRESERVE_METADATA,STAGED_TECHNICAL,276696,MOVE_PRESERVE_METADATA
FM27-388419e764f5540974879953,ESCALATE_TECHNICAL,MOVE_TO_TARGET_PRESERVE_METADATA,STAGED_TECHNICAL,233111,MOVE_PRESERVE_METADATA
FM27-39bbbb02d2296f5c085a464b,ESCALATE_TECHNICAL,MOVE_TO_TARGET_PRESERVE_METADATA,STAGED_TECHNICAL,11498,MOVE_PRESERVE_METADATA
FM27-39c3821ee56c3e6f3da3b1cc,ESCALATE_TECHNICAL,MOVE_TO_TARGET_PRESERVE_METADATA,STAGED_TECHNICAL,154993,MOVE_PRESERVE_METADATA
FM27-3a3ca801ff48c420a142744d,ESCALATE_TECHNICAL,MOVE_TO_TARGET_PRESERVE_METADATA,STAGED_TECHNICAL,231190,MOVE_PRESERVE_METADATA
FM27-3a44391ba8e6788077985333,NONBLOCKING,,RESOLVED_NO_CHANGE,,RESOLVED
FM27-3b738acc3b58b70385bf3f54,ESCALATE_TECHNICAL,MOVE_TO_TARGET_PRESERVE_METADATA,STAGED_TECHNICAL,222786,MOVE_PRESERVE_METADATA
FM27-3b942518784a134cc5474aa8,KEEP_EXISTING,NO_CHANGE_KEEP_EXISTING,RESOLVED_NO_CHANGE,11556,EXTERNALLY_RESOLVED_NO_CHANGE
FM27-3c9e04616a101200260024ea,ESCALATE_TECHNICAL,CLEAR_STALE_LOAN_KEEP_TARGET,STAGED_TECHNICAL,269972,RESOLVE_EXPIRED_LOAN
FM27-3d5d04049a95479d3e80808c,NONBLOCKING,,RESOLVED_NO_CHANGE,,RESOLVED
FM27-3d8f55caece9bff4f06193c7,NONBLOCKING,,RESOLVED_NO_CHANGE,,RESOLVED
FM27-3e8e553778701f9d1d735d46,NONBLOCKING,,RESOLVED_NO_CHANGE,,RESOLVED
FM27-3eb1a1e9b96eb20cba25e88b,ESCALATE_TECHNICAL,MOVE_TO_TARGET_PRESERVE_METADATA,STAGED_TECHNICAL,200582,MOVE_PRESERVE_METADATA
FM27-3f01e6077f6d1de6355812cf,KEEP_EXISTING,NO_CHANGE_KEEP_EXISTING,RESOLVED_NO_CHANGE,293407,EXTERNALLY_RESOLVED_NO_CHANGE
FM27-3f48477bd6469cb450c4b93d,ESCALATE_TECHNICAL,MOVE_TO_TARGET_PRESERVE_METADATA,STAGED_TECHNICAL,286284,MOVE_PRESERVE_METADATA
FM27-3f5695161da45837dadf7d0e,ESCALATE_TECHNICAL,SET_CURRENT_LOAN,STAGED_TECHNICAL,212258,SQUAD
FM27-3fac8dfee9e1de01b0fff607,ESCALATE_TECHNICAL,MOVE_TO_TARGET_PRESERVE_METADATA,STAGED_TECHNICAL,1000018395,MOVE_PRESERVE_METADATA
FM27-3faf775a2c0434892c2ee790,NONBLOCKING,,RESOLVED_NO_CHANGE,,RESOLVED
FM27-3ffd3813d5f125d85a463b53,ESCALATE_TECHNICAL,MOVE_TO_TARGET_PRESERVE_METADATA,STAGED_TECHNICAL,272306,MOVE_PRESERVE_METADATA
FM27-40219c30887b60ece6f11377,ESCALATE_TECHNICAL,CREATE_OR_BRIDGE_IDENTITY,STAGED_IDENTITY_BRIDGE,148921,RESOLVE_EXPIRED_LOAN
FM27-40295355978e2c9a952a2732,ESCALATE_TECHNICAL,MOVE_TO_TARGET_PRESERVE_METADATA,STAGED_TECHNICAL,1000013460,MOVE_PRESERVE_METADATA
FM27-408a045f8122383c1224650e,ESCALATE_TECHNICAL,MOVE_TO_TARGET_PRESERVE_METADATA,STAGED_TECHNICAL,276084,MOVE_PRESERVE_METADATA
FM27-410cc8f1f68f5b15abfd5e8a,ESCALATE_TECHNICAL,MOVE_TO_TARGET_PRESERVE_METADATA,STAGED_TECHNICAL,11258,MOVE_PRESERVE_METADATA
FM27-413d9e7a6c90c08d2c955eec,ESCALATE_TECHNICAL,CREATE_OR_BRIDGE_IDENTITY,RESOLVED_IDENTITY_BRIDGE_NO_STATE_CHANGE,286885,Jean-Baptiste Gorby
FM27-41433d7dd2a05a37fab3bd8d,NONBLOCKING,,RESOLVED_NO_CHANGE,,RESOLVED
FM27-42b246bebdfda6f4cc30fe74,ESCALATE_TECHNICAL,MOVE_TO_TARGET_PRESERVE_METADATA,STAGED_TECHNICAL,283485,MOVE_PRESERVE_METADATA
FM27-433075700fb6b410f9387c65,ESCALATE_TECHNICAL,MOVE_TO_TARGET_PRESERVE_METADATA,STAGED_TECHNICAL,295815,MOVE_PRESERVE_METADATA
FM27-44ad4dadc31cbd1a3bc94c4c,ESCALATE_TECHNICAL,MOVE_TO_TARGET_PRESERVE_METADATA,STAGED_TECHNICAL,271442,MOVE_PRESERVE_METADATA
FM27-44e40f12c9f2dd36e355eba5,ESCALATE_TECHNICAL,MOVE_TO_TARGET_PRESERVE_METADATA,STAGED_TECHNICAL,284502,MOVE_PRESERVE_METADATA
FM27-452ecb364dbdb5f324a3ce22,ESCALATE_TECHNICAL,MOVE_TO_TARGET_PRESERVE_METADATA,STAGED_TECHNICAL,23756,MOVE_PRESERVE_METADATA
FM27-458988276a30d78e1b3c3aeb,KEEP_EXISTING,NO_CHANGE_KEEP_EXISTING,RESOLVED_NO_CHANGE,293940,EXTERNALLY_RESOLVED_NO_CHANGE
FM27-4795297f61f10eac5ef7de4f,ESCALATE_TECHNICAL,MOVE_TO_TARGET_PRESERVE_METADATA,STAGED_TECHNICAL,272442,MOVE_PRESERVE_METADATA
FM27-479574459f81b0ade32cdd54,ESCALATE_TECHNICAL,SET_CURRENT_LOAN,TECHNICAL_BLOCKER,275318,"Native owner contract ends 2026-06-30, before resolved loan end 2027-06-30; no replacement contract date supplied."
FM27-47e71b94e36cc19393558883,NONBLOCKING,,RESOLVED_NO_CHANGE,,RESOLVED
FM27-4806b8bf9a314443e5a80d65,ESCALATE_TECHNICAL,SET_CURRENT_LOAN,STAGED_TECHNICAL,282407,SQUAD
FM27-489808efe1ade48c2186005d,KEEP_EXISTING,NO_CHANGE_KEEP_EXISTING,RESOLVED_NO_CHANGE,295300,EXTERNALLY_RESOLVED_NO_CHANGE
FM27-48a39e80ae92bb0ecad7ca9a,ESCALATE_TECHNICAL,MOVE_TO_TARGET_PRESERVE_METADATA,STAGED_TECHNICAL,278488,MOVE_PRESERVE_METADATA
FM27-490bc4056a8010dfaf16e1ee,ESCALATE_TECHNICAL,CREATE_OR_BRIDGE_IDENTITY,STAGED_IDENTITY_BRIDGE,153208,MOVE_PRESERVE_METADATA
FM27-49b8c246edde6d364ee0a2a8,KEEP_EXISTING,NO_CHANGE_KEEP_EXISTING,RESOLVED_NO_CHANGE,295604,EXTERNALLY_RESOLVED_NO_CHANGE
FM27-49f810fbbc38d20d11181693,ESCALATE_TECHNICAL,SET_CURRENT_LOAN,TECHNICAL_BLOCKER,261742,"Native owner contract ends 2026-06-30, before resolved loan end 2027-06-30; no replacement contract date supplied."
FM27-4aa4495b397d5dce30a1f0ed,ESCALATE_TECHNICAL,MOVE_TO_TARGET_PRESERVE_METADATA,STAGED_TECHNICAL,201527,MOVE_PRESERVE_METADATA
FM27-4b40b80391feec2c11d02d4c,NONBLOCKING,,RESOLVED_NO_CHANGE,291366,RESOLVED
FM27-4b60667938f4f8bff27e0b66,ESCALATE_TECHNICAL,MOVE_TO_TARGET_PRESERVE_METADATA,STAGED_TECHNICAL,24129,MOVE_PRESERVE_METADATA
FM27-4bda925bb66312dcbe20c068,KEEP_EXISTING,NO_CHANGE_KEEP_EXISTING,RESOLVED_NO_CHANGE,11335,EXTERNALLY_RESOLVED_NO_CHANGE
FM27-4bfcb1ba1dd326b0cec6bb3f,ESCALATE_TECHNICAL,MOVE_TO_TARGET_PRESERVE_METADATA,STAGED_TECHNICAL,200205,MOVE_PRESERVE_METADATA
FM27-4c5fc7f64293e999bbc454d5,ESCALATE_TECHNICAL,MOVE_TO_TARGET_PRESERVE_METADATA,STAGED_TECHNICAL,282490,MOVE_PRESERVE_METADATA
FM27-4c88d6f6a1a0a31c21b585f2,KEEP_EXISTING,NO_CHANGE_KEEP_EXISTING,RESOLVED_NO_CHANGE,11422,EXTERNALLY_RESOLVED_NO_CHANGE
FM27-4d45a5ded489cdcc3f6a0b12,ESCALATE_TECHNICAL,MOVE_TO_TARGET_PRESERVE_METADATA,STAGED_TECHNICAL,177626,MOVE_PRESERVE_METADATA
FM27-4d5cbfd5f590c3b3067dcb8e,ESCALATE_TECHNICAL,SET_CURRENT_LOAN,TECHNICAL_BLOCKER,279850,"Native owner contract ends 2026-06-30, before resolved loan end 2027-06-30; no replacement contract date supplied."
FM27-4e78a4040855479e37495012,NONBLOCKING,,RESOLVED_NO_CHANGE,,RESOLVED
FM27-4e7f7b03a9929d5531a17513,ESCALATE_TECHNICAL,SET_CURRENT_LOAN,TECHNICAL_BLOCKER,280811,"Native owner contract ends 2026-06-30, before resolved loan end 2027-06-30; no replacement contract date supplied."
FM27-4edb4527ed133d90f36f454e,KEEP_EXISTING,NO_CHANGE_KEEP_EXISTING,RESOLVED_NO_CHANGE,293400,EXTERNALLY_RESOLVED_NO_CHANGE
FM27-4f4b14f65a2e01ea1f4c6d5d,NONBLOCKING,,RESOLVED_NO_CHANGE,,RESOLVED
FM27-50a6b7e6d6edb473118689e6,ESCALATE_TECHNICAL,SET_CURRENT_LOAN,STAGED_TECHNICAL,295470,SQUAD
FM27-50bd18c646817442157b6659,ESCALATE_TECHNICAL,SET_CURRENT_LOAN,TECHNICAL_BLOCKER,275665,"Native owner contract ends 2026-06-30, before resolved loan end 2027-06-30; no replacement contract date supplied."
FM27-51cbccaaa5e57e69f19403c8,KEEP_EXISTING,NO_CHANGE_KEEP_EXISTING,RESOLVED_NO_CHANGE,296014,EXTERNALLY_RESOLVED_NO_CHANGE
FM27-51dddd7834430e1baaecf48b,NONBLOCKING,,RESOLVED_NO_CHANGE,,RESOLVED
FM27-520f201cd4f479c9fd0f6b5c,ESCALATE_TECHNICAL,MOVE_TO_TARGET_PRESERVE_METADATA,STAGED_TECHNICAL,275171,MOVE_PRESERVE_METADATA
FM27-5225e5ca90c6d86dc9aad597,NONBLOCKING,,RESOLVED_NO_CHANGE,,RESOLVED
FM27-52c9446a682812ac6c65f0cb,ESCALATE_TECHNICAL,MOVE_TO_TARGET_PRESERVE_METADATA,STAGED_TECHNICAL,296594,MOVE_PRESERVE_METADATA
FM27-52de27cc7f233d2d0e3a573e,NONBLOCKING,,RESOLVED_NO_CHANGE,,RESOLVED
FM27-548f8180244cbff767d3df19,ESCALATE_TECHNICAL,CLEAR_STALE_LOAN_KEEP_TARGET,STAGED_TECHNICAL,11317,RESOLVE_EXPIRED_LOAN
FM27-54e4d930023d233ca0e0d082,NONBLOCKING,,RESOLVED_NO_CHANGE,,RESOLVED
FM27-5595ddc15451879dc30423ed,ESCALATE_TECHNICAL,APPLY_CONFIRMED_TIMELINE_WITH_GUARD_REPAIR,TECHNICAL_BLOCKER,136463,Local confirmed timeline says loan end 2030-06-30 after owner contract 2027-06-30; exact loan end cannot be synthesized safely.
FM27-55d0dc415421a558f1da8ca8,ESCALATE_TECHNICAL,CREATE_OR_BRIDGE_IDENTITY,RESOLVED_IDENTITY_BRIDGE_NO_STATE_CHANGE,283828,Carlos Benavídez
FM27-561d02e9a6820c801cf7572b,NONBLOCKING,,RESOLVED_NO_CHANGE,,RESOLVED
FM27-56296507350f1421269f379d,NONBLOCKING,,RESOLVED_NO_CHANGE,,RESOLVED
FM27-564c981f19c8a9da89697af6,KEEP_EXISTING,NO_CHANGE_KEEP_EXISTING,RESOLVED_NO_CHANGE,293128,EXTERNALLY_RESOLVED_NO_CHANGE
FM27-571c339b39a3b79b2870ddee,NONBLOCKING,,RESOLVED_NO_CHANGE,,RESOLVED
FM27-57554062caf31e252da76807,NONBLOCKING,,RESOLVED_NO_CHANGE,,RESOLVED
FM27-584d44ac5a1768175568acce,NONBLOCKING,,RESOLVED_NO_CHANGE,,RESOLVED
FM27-59182bf2ea34fac4de4da682,ESCALATE_TECHNICAL,MOVE_TO_TARGET_PRESERVE_METADATA,STAGED_TECHNICAL,235338,MOVE_PRESERVE_METADATA
FM27-5a351901669245e456b4b134,ESCALATE_TECHNICAL,MOVE_TO_TARGET_PRESERVE_METADATA,STAGED_TECHNICAL,235158,MOVE_PRESERVE_METADATA
FM27-5ab7c3ef36f2711e513553b9,ESCALATE_TECHNICAL,MOVE_TO_TARGET_PRESERVE_METADATA,STAGED_TECHNICAL,257159,RESOLVE_EXPIRED_LOAN
FM27-5b5942d167ea7c8d4a43a49e,ESCALATE_TECHNICAL,MOVE_TO_TARGET_PRESERVE_METADATA,STAGED_TECHNICAL,270191,MOVE_PRESERVE_METADATA
FM27-5b6a753a7f4d8eaae8c77e05,KEEP_EXISTING,NO_CHANGE_KEEP_EXISTING,RESOLVED_NO_CHANGE,275707,EXTERNALLY_RESOLVED_NO_CHANGE
FM27-5bb7af104350569eb110dfc5,KEEP_EXISTING,NO_CHANGE_KEEP_EXISTING,RESOLVED_NO_CHANGE,283154,EXTERNALLY_RESOLVED_NO_CHANGE
FM27-5bea8a0cd31b37336c43573e,ESCALATE_TECHNICAL,SET_CURRENT_LOAN,STAGED_TECHNICAL,23757,SQUAD
FM27-5c3270b168052f588cedeb4f,ESCALATE_TECHNICAL,CREATE_OR_BRIDGE_IDENTITY,TECHNICAL_BLOCKER,201500,Local candidate fm_id 201500 is not strong enough for a duplicate-safe bridge.
FM27-5c6240d8e1d371dd691e5291,KEEP_EXISTING,NO_CHANGE_KEEP_EXISTING,RESOLVED_NO_CHANGE,273121,EXTERNALLY_RESOLVED_NO_CHANGE
FM27-5d2bbfb4fbfe54c7b4448578,NONBLOCKING,,RESOLVED_NO_CHANGE,177659,RESOLVED
FM27-5df8e3a9bbe43ec8c56d6b9e,ESCALATE_TECHNICAL,MOVE_TO_TARGET_PRESERVE_METADATA,STAGED_TECHNICAL,11562,MOVE_PRESERVE_METADATA
FM27-5e929bf7fa90812250f31578,NONBLOCKING,,RESOLVED_NO_CHANGE,,RESOLVED
FM27-5e9624034d1c42b1f1aaaa5a,ESCALATE_TECHNICAL,MOVE_TO_TARGET_PRESERVE_METADATA,STAGED_TECHNICAL,221334,MOVE_PRESERVE_METADATA
FM27-5fa3faff92231634c45f8433,ESCALATE_TECHNICAL,APPLY_CONFIRMED_TIMELINE_WITH_GUARD_REPAIR,TECHNICAL_BLOCKER,285159,Local confirmed timeline says loan end 2030-06-30 after owner contract 2027-06-30; exact loan end cannot be synthesized safely.
FM27-601a7c7acd9c760b6cb6410c,ESCALATE_TECHNICAL,CREATE_OR_BRIDGE_IDENTITY,RESOLVED_IDENTITY_BRIDGE_NO_STATE_CHANGE,271752,Jesse Edem Tugbenyo
FM27-601fbe5cfd24a77945dc8b1a,ESCALATE_TECHNICAL,CREATE_OR_BRIDGE_IDENTITY,TECHNICAL_BLOCKER,200297,Local candidate fm_id 200297 is not strong enough for a duplicate-safe bridge.
FM27-604ae84fed600b76a13e4645,KEEP_EXISTING,NO_CHANGE_KEEP_EXISTING,RESOLVED_NO_CHANGE,274346,EXTERNALLY_RESOLVED_NO_CHANGE
FM27-6160d4599e790553f4a1e0b7,ESCALATE_TECHNICAL,SET_CURRENT_LOAN,STAGED_TECHNICAL,288748,SQUAD
FM27-61848961e6d37e8efca778f7,NONBLOCKING,,RESOLVED_NO_CHANGE,,RESOLVED
FM27-62965c95be19e5204f8b9561,ESCALATE_TECHNICAL,MOVE_TO_TARGET_PRESERVE_METADATA,STAGED_TECHNICAL,276299,MOVE_PRESERVE_METADATA
FM27-65fbef0d5ccc03fd0eb8b938,KEEP_EXISTING,NO_CHANGE_KEEP_EXISTING,RESOLVED_NO_CHANGE,262626,EXTERNALLY_RESOLVED_NO_CHANGE
FM27-66232c4645f848ca86b86693,ESCALATE_TECHNICAL,CREATE_OR_BRIDGE_IDENTITY,STAGED_CREATE,1000024902,Diabate
FM27-66275737cfb962f84258643b,ESCALATE_TECHNICAL,APPLY_CONFIRMED_TIMELINE_WITH_GUARD_REPAIR,TECHNICAL_BLOCKER,287701,Local confirmed timeline says loan end 2029-06-30 after owner contract 2027-06-30; exact loan end cannot be synthesized safely.
FM27-6630e28696ab8e94ebd295bc,KEEP_EXISTING,NO_CHANGE_KEEP_EXISTING,RESOLVED_NO_CHANGE,275784,EXTERNALLY_RESOLVED_NO_CHANGE
FM27-66432f694aa0182e391ac95d,NONBLOCKING,,RESOLVED_NO_CHANGE,,RESOLVED
FM27-66922401988ce4f54c6127dd,ESCALATE_TECHNICAL,CREATE_OR_BRIDGE_IDENTITY,STAGED_IDENTITY_BRIDGE,266490,RESOLVE_EXPIRED_LOAN
FM27-6704a57b047bcdf3734f8513,ESCALATE_TECHNICAL,SET_CURRENT_LOAN,STAGED_TECHNICAL,6440,SQUAD
FM27-6772e32e627a533beca72e61,ESCALATE_TECHNICAL,CREATE_OR_BRIDGE_IDENTITY,STAGED_IDENTITY_BRIDGE,11473,MOVE_PRESERVE_METADATA
FM27-681ee85090f38a0ed1011ff1,ESCALATE_TECHNICAL,MOVE_TO_TARGET_PRESERVE_METADATA,STAGED_TECHNICAL,280196,MOVE_PRESERVE_METADATA
FM27-69517808e08315a655602c30,KEEP_EXISTING,NO_CHANGE_KEEP_EXISTING,RESOLVED_NO_CHANGE,291027,EXTERNALLY_RESOLVED_NO_CHANGE
FM27-6958bd7e7e0bdc743b5e204a,ESCALATE_TECHNICAL,CREATE_OR_BRIDGE_IDENTITY,RESOLVED_IDENTITY_BRIDGE_NO_STATE_CHANGE,292155,Mousa Tamari
FM27-699f06535f53dca1703632c1,ESCALATE_TECHNICAL,CREATE_OR_BRIDGE_IDENTITY,RESOLVED_IDENTITY_BRIDGE_NO_STATE_CHANGE,277062,Ezequiel Fernández
FM27-6a3bb8fa3488df57ecad827b,ESCALATE_TECHNICAL,CREATE_OR_BRIDGE_IDENTITY,STAGED_IDENTITY_BRIDGE,237699,RESOLVE_EXPIRED_LOAN
FM27-6aded435fa79092151c393f1,ESCALATE_TECHNICAL,SET_CURRENT_LOAN_PRESERVE_TYPED_CONDITION,STAGED_TECHNICAL,280015,REPLACE_EXPIRED_LOAN
FM27-6bdb1b1bb334f1f66c7564b4,NONBLOCKING,,RESOLVED_NO_CHANGE,,RESOLVED
FM27-6c10dbc8468cd93ad773a377,ESCALATE_TECHNICAL,SET_CURRENT_LOAN,TECHNICAL_BLOCKER,294870,"Native owner contract ends 2026-06-30, before resolved loan end 2027-06-30; no replacement contract date supplied."
FM27-6c49726655cfd66fc224440e,ESCALATE_TECHNICAL,MOVE_TO_TARGET_PRESERVE_METADATA,STAGED_TECHNICAL,279837,MOVE_PRESERVE_METADATA
FM27-6cc74eac594bda7d58ed34ff,ESCALATE_TECHNICAL,MOVE_TO_TARGET_PRESERVE_METADATA,STAGED_TECHNICAL,295337,MOVE_PRESERVE_METADATA
FM27-6d31dbb78c8a949ad5455dd7,KEEP_EXISTING,NO_CHANGE_KEEP_EXISTING,RESOLVED_NO_CHANGE,274808,EXTERNALLY_RESOLVED_NO_CHANGE
FM27-6d644ec03587a546f31bf704,KEEP_EXISTING,NO_CHANGE_KEEP_EXISTING,RESOLVED_NO_CHANGE,11331,EXTERNALLY_RESOLVED_NO_CHANGE
FM27-6dad7550a5e7d05084ef53c4,ESCALATE_TECHNICAL,MOVE_TO_TARGET_PRESERVE_METADATA,STAGED_TECHNICAL,290876,MOVE_PRESERVE_METADATA
FM27-6ea4edee758becfcc2748115,ESCALATE_TECHNICAL,CREATE_OR_BRIDGE_IDENTITY,STAGED_IDENTITY_BRIDGE,262604,MOVE_PRESERVE_METADATA
FM27-6f26dad88053d4552d35d72d,KEEP_EXISTING,NO_CHANGE_KEEP_EXISTING,RESOLVED_NO_CHANGE,237038,EXTERNALLY_RESOLVED_NO_CHANGE
FM27-6fa67131270d8e2c77b6e4e0,NONBLOCKING,,RESOLVED_NO_CHANGE,,RESOLVED
FM27-6ff909f30de6a0368bb81651,ESCALATE_TECHNICAL,MOVE_TO_TARGET_PRESERVE_METADATA,STAGED_TECHNICAL,271938,MOVE_PRESERVE_METADATA
FM27-7056894869de2abe15a8b6cb,ESCALATE_TECHNICAL,MOVE_TO_TARGET_PRESERVE_METADATA,STAGED_TECHNICAL,11318,MOVE_PRESERVE_METADATA
FM27-706876048f432207de57fb46,KEEP_EXISTING,NO_CHANGE_KEEP_EXISTING,RESOLVED_NO_CHANGE,296488,EXTERNALLY_RESOLVED_NO_CHANGE
FM27-71264a27d217dd17dfd5bb7e,NONBLOCKING,,RESOLVED_NO_CHANGE,,RESOLVED
FM27-717a086a3615b7b2ad94acad,APPLY,,STAGED_APPLY,301431,PRESERVE_PROTECTED_SQUAD
FM27-71d4fed72a8c01ab54124499,ESCALATE_TECHNICAL,MOVE_TO_TARGET_PRESERVE_METADATA,STAGED_TECHNICAL,148163,MOVE_PRESERVE_METADATA
FM27-71f37dcf6424f2eabf50b246,ESCALATE_TECHNICAL,SET_CURRENT_LOAN_PRESERVE_TYPED_CONDITION,STAGED_TECHNICAL,295816,REPLACE_EXPIRED_LOAN
FM27-71fc2cddd20abe5926f0001f,KEEP_EXISTING,NO_CHANGE_KEEP_EXISTING,RESOLVED_NO_CHANGE,100117,EXTERNALLY_RESOLVED_NO_CHANGE
FM27-7267396c936f0821231611ee,ESCALATE_TECHNICAL,MOVE_TO_TARGET_PRESERVE_METADATA,STAGED_TECHNICAL,288906,MOVE_PRESERVE_METADATA
FM27-729ba0037708e8ae2436b6ed,ESCALATE_TECHNICAL,CREATE_OR_BRIDGE_IDENTITY,RESOLVED_IDENTITY_BRIDGE_NO_STATE_CHANGE,222419,Alysson Edward Franco da Rocha
FM27-72e1fc3fb7227c97ff92dbf0,NONBLOCKING,,RESOLVED_NO_CHANGE,,RESOLVED
FM27-73f21d57a7fc863344919b27,KEEP_EXISTING,NO_CHANGE_KEEP_EXISTING,RESOLVED_NO_CHANGE,11923,EXTERNALLY_RESOLVED_NO_CHANGE
FM27-751f5876ec4886dd2368d79d,ESCALATE_TECHNICAL,SET_CURRENT_LOAN,STAGED_TECHNICAL,187821,SQUAD
FM27-7524e1962362de352b6713fa,ESCALATE_TECHNICAL,MOVE_TO_TARGET_PRESERVE_METADATA,STAGED_TECHNICAL,267997,RESOLVE_EXPIRED_LOAN
FM27-758cef65aa0dafd73e574147,ESCALATE_TECHNICAL,MOVE_TO_TARGET_PRESERVE_METADATA,STAGED_TECHNICAL,142923,MOVE_PRESERVE_METADATA
FM27-75ef0140ed4207b2ba898121,NONBLOCKING,,RESOLVED_NO_CHANGE,,RESOLVED
FM27-76626eb1e2d10cf84095eef8,APPLY,,STAGED_APPLY,282591,PRESERVE_PROTECTED_SQUAD
FM27-76c556e99807eba8811274e1,KEEP_EXISTING,NO_CHANGE_KEEP_EXISTING,RESOLVED_NO_CHANGE,261144,EXTERNALLY_RESOLVED_NO_CHANGE
FM27-776d9d8bba2e9c8f87ab4896,ESCALATE_TECHNICAL,MOVE_TO_TARGET_PRESERVE_METADATA,STAGED_TECHNICAL,235334,MOVE_PRESERVE_METADATA
FM27-77d1c2b647b5fb8f1251323a,NONBLOCKING,,RESOLVED_NO_CHANGE,,RESOLVED
FM27-788996b5122dc2972f6c3c9b,ESCALATE_TECHNICAL,MOVE_TO_TARGET_PRESERVE_METADATA,STAGED_TECHNICAL,280799,MOVE_PRESERVE_METADATA
FM27-79f741d20b4f26e0466c0b7c,NONBLOCKING,,RESOLVED_NO_CHANGE,,RESOLVED
FM27-7a290a745709d1558d1a7cc8,KEEP_EXISTING,NO_CHANGE_KEEP_EXISTING,RESOLVED_NO_CHANGE,285297,EXTERNALLY_RESOLVED_NO_CHANGE
FM27-7aaf023765f86b01a6e71a75,ESCALATE_TECHNICAL,APPLY_CONFIRMED_TIMELINE_WITH_GUARD_REPAIR,TECHNICAL_BLOCKER,291091,Local confirmed timeline says loan end 2030-06-30 after owner contract 2027-06-30; exact loan end cannot be synthesized safely.
FM27-7b0f3e0f216afa29990be124,ESCALATE_TECHNICAL,MOVE_TO_TARGET_PRESERVE_METADATA,STAGED_TECHNICAL,277562,MOVE_PRESERVE_METADATA
FM27-7c714c05abf29b0dd47ade72,ESCALATE_TECHNICAL,MOVE_TO_TARGET_PRESERVE_METADATA,STAGED_TECHNICAL,199975,MOVE_PRESERVE_METADATA
FM27-7cc03c84581c10032e084d90,NONBLOCKING,,RESOLVED_NO_CHANGE,,RESOLVED
FM27-7cd32066feec390cc192852f,NONBLOCKING,NO_CHANGE_NONBLOCKING_DUAL_PROFILE,RESOLVED_NO_CHANGE,286665,EXTERNALLY_RESOLVED_NONBLOCKING
FM27-7cd88da0d89bc0cfd7f6ae53,ESCALATE_TECHNICAL,CREATE_OR_BRIDGE_IDENTITY,STAGED_IDENTITY_BRIDGE,203162,MOVE_PRESERVE_METADATA
FM27-7d22d974f97c852e2f658b51,KEEP_EXISTING,NO_CHANGE_KEEP_EXISTING,RESOLVED_NO_CHANGE,285898,EXTERNALLY_RESOLVED_NO_CHANGE
FM27-7d46635af9d53c051d6392e7,ESCALATE_TECHNICAL,CREATE_OR_BRIDGE_IDENTITY,RESOLVED_IDENTITY_BRIDGE_NO_STATE_CHANGE,23589,Thomas McGill
FM27-7dc598ff0d680a0d11c95646,NONBLOCKING,,RESOLVED_NO_CHANGE,,RESOLVED
FM27-7dd19a7dfd273fc77734f479,ESCALATE_TECHNICAL,MOVE_TO_TARGET_PRESERVE_METADATA,STAGED_TECHNICAL,223956,MOVE_PRESERVE_METADATA
FM27-7debfa00a424e6da23700796,NONBLOCKING,,RESOLVED_NO_CHANGE,286898,RESOLVED
FM27-7eed6111241436d5ffc025f2,ESCALATE_TECHNICAL,CREATE_OR_BRIDGE_IDENTITY,RESOLVED_IDENTITY_BRIDGE_NO_STATE_CHANGE,272756,Kwasi Okyere Wriedt
FM27-7f292f403ed58269ccc15e98,ESCALATE_TECHNICAL,MOVE_TO_TARGET_PRESERVE_METADATA,STAGED_TECHNICAL,201523,MOVE_PRESERVE_METADATA
FM27-7f4e84e8277c7664b3dc9543,NONBLOCKING,,RESOLVED_NO_CHANGE,,RESOLVED
FM27-80751647d7d87674c9a404d6,ESCALATE_TECHNICAL,SET_CURRENT_LOAN,TECHNICAL_BLOCKER,85463,"Native owner contract ends 2026-06-30, before resolved loan end 2027-06-30; no replacement contract date supplied."
FM27-80a71cb7e9b443ef1dbe247c,ESCALATE_TECHNICAL,MOVE_TO_TARGET_PRESERVE_METADATA,STAGED_TECHNICAL,276326,MOVE_PRESERVE_METADATA
FM27-80a966f061ae4886d5462ffb,ESCALATE_TECHNICAL,SET_CURRENT_LOAN,TECHNICAL_BLOCKER,275305,"Native owner contract ends 2026-06-30, before resolved loan end 2027-06-30; no replacement contract date supplied."
FM27-80e3f8f9a0617284d3ca01c7,ESCALATE_TECHNICAL,MOVE_TO_TARGET_PRESERVE_METADATA,STAGED_TECHNICAL,277656,MOVE_PRESERVE_METADATA
FM27-80eda5f11578b7ab5665e349,ESCALATE_TECHNICAL,MOVE_TO_TARGET_PRESERVE_METADATA,STAGED_TECHNICAL,300802,MOVE_PRESERVE_METADATA
FM27-80eeed82a6012f2160b3a36c,ESCALATE_TECHNICAL,MOVE_TO_TARGET_PRESERVE_METADATA,STAGED_TECHNICAL,143859,MOVE_PRESERVE_METADATA
FM27-80fe22723b39f89c3cd82a18,ESCALATE_TECHNICAL,MOVE_TO_TARGET_PRESERVE_METADATA,STAGED_TECHNICAL,268671,RESOLVE_EXPIRED_LOAN
FM27-81617ee3a90990da14b2cfd6,NONBLOCKING,,RESOLVED_NO_CHANGE,,RESOLVED
FM27-81913980414564a392a21a6e,NONBLOCKING,,RESOLVED_NO_CHANGE,,RESOLVED
FM27-81ba1320e2b2ed4f2abb047d,NONBLOCKING,,RESOLVED_NO_CHANGE,,RESOLVED
FM27-81d7789070d37f3d5525fb32,ESCALATE_TECHNICAL,MOVE_TO_TARGET_PRESERVE_METADATA,STAGED_TECHNICAL,105009,MOVE_PRESERVE_METADATA
FM27-81e746ed09a172de0047f5f0,ESCALATE_TECHNICAL,MOVE_TO_TARGET_PRESERVE_METADATA,STAGED_TECHNICAL,291769,MOVE_PRESERVE_METADATA
FM27-82154161bdfcb63a9112e921,ESCALATE_TECHNICAL,CREATE_OR_BRIDGE_IDENTITY,RESOLVED_IDENTITY_BRIDGE_NO_STATE_CHANGE,281325,Gerard Fernández
FM27-8272625af3917fd6a5312a3c,KEEP_EXISTING,NO_CHANGE_KEEP_EXISTING,RESOLVED_NO_CHANGE,295613,EXTERNALLY_RESOLVED_NO_CHANGE
FM27-82afa192bced1d360e36db2a,ESCALATE_TECHNICAL,MOVE_TO_TARGET_PRESERVE_METADATA,STAGED_TECHNICAL,234988,MOVE_PRESERVE_METADATA
FM27-82b9e1b394f35f5e25e60e87,ESCALATE_TECHNICAL,MOVE_TO_TARGET_PRESERVE_METADATA,STAGED_TECHNICAL,291543,MOVE_PRESERVE_METADATA
FM27-82e06ee37d17484d39311bd6,ESCALATE_TECHNICAL,MOVE_TO_TARGET_PRESERVE_METADATA,STAGED_TECHNICAL,11479,MOVE_PRESERVE_METADATA
FM27-82e53da036c9f8e8981457c5,NONBLOCKING,,RESOLVED_NO_CHANGE,,RESOLVED
FM27-83ae825102c9067d0eeacfbb,KEEP_EXISTING,NO_CHANGE_KEEP_EXISTING,RESOLVED_NO_CHANGE,285298,EXTERNALLY_RESOLVED_NO_CHANGE
FM27-84fcccede54410e9e3a856f6,NONBLOCKING,,RESOLVED_NO_CHANGE,,RESOLVED
FM27-857f1fac0705af113e25085f,NONBLOCKING,,RESOLVED_NO_CHANGE,,RESOLVED
FM27-85f6f92b2a32e7299294c72f,KEEP_EXISTING,NO_CHANGE_KEEP_EXISTING,RESOLVED_NO_CHANGE,296500,EXTERNALLY_RESOLVED_NO_CHANGE
FM27-8655b5e48e5cee5b1dfc4ce7,ESCALATE_TECHNICAL,CREATE_OR_BRIDGE_IDENTITY,RESOLVED_IDENTITY_BRIDGE_NO_STATE_CHANGE,289593,Emanuel Emegha
FM27-86f662480665f5b1a4d5315f,ESCALATE_TECHNICAL,CREATE_OR_BRIDGE_IDENTITY,RESOLVED_IDENTITY_BRIDGE_NO_STATE_CHANGE,203212,Leroy-Jacques Mickels
FM27-87503327866bbd2abc061401,ESCALATE_TECHNICAL,MOVE_TO_TARGET_PRESERVE_METADATA,STAGED_TECHNICAL,221113,MOVE_PRESERVE_METADATA
FM27-876f4e823dcace83f68cc776,KEEP_EXISTING,NO_CHANGE_KEEP_EXISTING,RESOLVED_NO_CHANGE,272266,EXTERNALLY_RESOLVED_NO_CHANGE
FM27-878515e39e6c35d645816020,ESCALATE_TECHNICAL,CREATE_OR_BRIDGE_IDENTITY,RESOLVED_IDENTITY_BRIDGE_NO_STATE_CHANGE,287096,Kialonda Gaspar
FM27-87c10a520730cafa3c7ca798,ESCALATE_TECHNICAL,MOVE_TO_TARGET_PRESERVE_METADATA,STAGED_TECHNICAL,107480,MOVE_PRESERVE_METADATA
FM27-88a606ee32f51e41854b14a4,KEEP_EXISTING,NO_CHANGE_KEEP_EXISTING,RESOLVED_NO_CHANGE,272230,EXTERNALLY_RESOLVED_NO_CHANGE
FM27-88ba4df186bcfed0b07055e7,ESCALATE_TECHNICAL,MOVE_TO_TARGET_PRESERVE_METADATA,STAGED_TECHNICAL,269629,MOVE_PRESERVE_METADATA
FM27-88e78348dac98ec247b16edd,ESCALATE_TECHNICAL,CREATE_OR_BRIDGE_IDENTITY,RESOLVED_IDENTITY_BRIDGE_NO_STATE_CHANGE,180149,Israel Salazar
FM27-8972043bd61e75ac138b4f3e,APPLY,,STAGED_APPLY,277070,PRESERVE_PROTECTED_SQUAD
FM27-89d37ee93faa3e47da37d0a3,ESCALATE_TECHNICAL,MOVE_TO_TARGET_PRESERVE_METADATA,STAGED_TECHNICAL,128808,MOVE_PRESERVE_METADATA
FM27-89dddd8e876a67a5991da328,KEEP_EXISTING,NO_CHANGE_KEEP_EXISTING,RESOLVED_NO_CHANGE,11334,EXTERNALLY_RESOLVED_NO_CHANGE
FM27-8a4bd8784f0598fa5d769188,ESCALATE_TECHNICAL,SET_CURRENT_LOAN,TECHNICAL_BLOCKER,272084,"Native owner contract ends 2026-06-30, before resolved loan end 2027-06-30; no replacement contract date supplied."
FM27-8ccb03ed2c8f6904d068f928,ESCALATE_TECHNICAL,CREATE_OR_BRIDGE_IDENTITY,STAGED_IDENTITY_BRIDGE,284241,RESOLVE_EXPIRED_LOAN
FM27-8ce58108d95a7941a36133b8,NONBLOCKING,,RESOLVED_NO_CHANGE,,RESOLVED
FM27-8f73d7513418b4a48ce40d29,NONBLOCKING,,RESOLVED_NO_CHANGE,,RESOLVED
FM27-8f9ac327321fd28ac2752ca4,ESCALATE_TECHNICAL,MOVE_TO_TARGET_PRESERVE_METADATA,STAGED_TECHNICAL,221582,MOVE_PRESERVE_METADATA
FM27-8fcf3c42db30aa1e965b7272,ESCALATE_TECHNICAL,MOVE_TO_TARGET_PRESERVE_METADATA,STAGED_TECHNICAL,293908,MOVE_PRESERVE_METADATA
FM27-9078c21a4eeb104c539d0c62,ESCALATE_TECHNICAL,MOVE_TO_TARGET_PRESERVE_METADATA,STAGED_TECHNICAL,261112,MOVE_PRESERVE_METADATA
FM27-90d0a92cd37c7196b9ed468a,NONBLOCKING,,RESOLVED_NO_CHANGE,99999,RESOLVED
FM27-91258983ebd1cadba85e107c,ESCALATE_TECHNICAL,MOVE_TO_TARGET_PRESERVE_METADATA,STAGED_TECHNICAL,41584,MOVE_PRESERVE_METADATA
FM27-913437793a917d9d477779ea,ESCALATE_TECHNICAL,MOVE_TO_TARGET_PRESERVE_METADATA,STAGED_TECHNICAL,286992,MOVE_PRESERVE_METADATA
FM27-916cf75fb62556847ca4cd6c,KEEP_EXISTING,NO_CHANGE_KEEP_EXISTING,RESOLVED_NO_CHANGE,280816,EXTERNALLY_RESOLVED_NO_CHANGE
FM27-922c3121e7a27cd5d2aead70,ESCALATE_TECHNICAL,CLEAR_STALE_LOAN_KEEP_TARGET,STAGED_TECHNICAL,199880,RESOLVE_EXPIRED_LOAN
FM27-925d5a72200dc07d0c21902f,NONBLOCKING,,RESOLVED_NO_CHANGE,,RESOLVED
FM27-937364de9e9e54d0197aadcd,ESCALATE_TECHNICAL,SET_CURRENT_LOAN,TECHNICAL_BLOCKER,295996,"Native owner contract ends 2026-06-30, before resolved loan end 2027-06-30; no replacement contract date supplied."
FM27-944ff0d9f835811bad952b68,ESCALATE_TECHNICAL,SET_CURRENT_LOAN,TECHNICAL_BLOCKER,101936,"Native owner contract ends 2026-06-30, before resolved loan end 2027-06-30; no replacement contract date supplied."
FM27-9597e5a2cc078d7b6eb848f4,ESCALATE_TECHNICAL,MOVE_TO_TARGET_PRESERVE_METADATA,STAGED_TECHNICAL,273077,MOVE_PRESERVE_METADATA
FM27-95c1d221d0524d18069a58de,NONBLOCKING,,RESOLVED_NO_CHANGE,276957,RESOLVED
FM27-95c21b42e21766b4720dd470,ESCALATE_TECHNICAL,CREATE_OR_BRIDGE_IDENTITY,STAGED_IDENTITY_BRIDGE,290775,RESOLVE_EXPIRED_LOAN
FM27-9690cc6350a2633b61dcc53f,ESCALATE_TECHNICAL,SET_CURRENT_LOAN,TECHNICAL_BLOCKER,11552,"Native owner contract ends 2026-06-30, before resolved loan end 2027-06-30; no replacement contract date supplied."
FM27-96bd51dd4a1e2e5529346545,ESCALATE_TECHNICAL,MOVE_TO_TARGET_PRESERVE_METADATA,STAGED_TECHNICAL,295685,MOVE_PRESERVE_METADATA
FM27-96dab708a88d6c48732dc2e9,ESCALATE_TECHNICAL,CREATE_OR_BRIDGE_IDENTITY,RESOLVED_IDENTITY_BRIDGE_NO_STATE_CHANGE,273098,Can Yayha Moustfa
FM27-9821e258d36aa84761a41b35,NONBLOCKING,,RESOLVED_NO_CHANGE,,RESOLVED
FM27-982fb480e9df42d16644360f,ESCALATE_TECHNICAL,CREATE_OR_BRIDGE_IDENTITY,TECHNICAL_BLOCKER,,No safe local identity and no complete supplied native creation fields.
FM27-985a0649b060060b81d1eb4f,KEEP_EXISTING,NO_CHANGE_KEEP_EXISTING,RESOLVED_NO_CHANGE,277725,EXTERNALLY_RESOLVED_NO_CHANGE
FM27-9888d99d372489768972d62e,ESCALATE_TECHNICAL,SET_CURRENT_LOAN,STAGED_TECHNICAL,275406,SQUAD
FM27-98c2e64a90ae1fa587d42e10,ESCALATE_TECHNICAL,MOVE_TO_TARGET_PRESERVE_METADATA,STAGED_TECHNICAL,273633,MOVE_PRESERVE_METADATA
FM27-98d74a8fea5daaf913f1d2e5,ESCALATE_TECHNICAL,MOVE_TO_TARGET_PRESERVE_METADATA,STAGED_TECHNICAL,282478,MOVE_PRESERVE_METADATA
FM27-98e92b2123948f2b6cd72b39,ESCALATE_TECHNICAL,MOVE_TO_TARGET_PRESERVE_METADATA,STAGED_TECHNICAL,223962,MOVE_PRESERVE_METADATA
FM27-98f64a8a0387044cb6b6f4a4,ESCALATE_TECHNICAL,MOVE_TO_TARGET_PRESERVE_METADATA,STAGED_TECHNICAL,291556,MOVE_PRESERVE_METADATA
FM27-9956c7300c625f08216436f7,KEEP_EXISTING,NO_CHANGE_KEEP_EXISTING,RESOLVED_NO_CHANGE,11576,EXTERNALLY_RESOLVED_NO_CHANGE
FM27-99e1fee5569f4facd0339cd8,ESCALATE_TECHNICAL,MOVE_TO_TARGET_PRESERVE_METADATA,STAGED_TECHNICAL,286175,MOVE_PRESERVE_METADATA
FM27-9a3a797472a9df3b64462642,ESCALATE_TECHNICAL,MOVE_TO_TARGET_PRESERVE_METADATA,STAGED_TECHNICAL,288758,MOVE_PRESERVE_METADATA
FM27-9cd7e4aae7e07e0743a13036,ESCALATE_TECHNICAL,MOVE_TO_TARGET_PRESERVE_METADATA,STAGED_TECHNICAL,296017,MOVE_PRESERVE_METADATA
FM27-9ce340dc1c54effa81c98548,ESCALATE_TECHNICAL,CREATE_OR_BRIDGE_IDENTITY,RESOLVED_IDENTITY_BRIDGE_NO_STATE_CHANGE,235965,Malcolm Lohunanu-Mbasi
FM27-9ddc7eae1993ecd135d482d4,ESCALATE_TECHNICAL,MOVE_TO_TARGET_PRESERVE_METADATA,STAGED_TECHNICAL,277510,MOVE_PRESERVE_METADATA
FM27-9dea4c0b528aa10240f9e47c,ESCALATE_TECHNICAL,MOVE_TO_TARGET_PRESERVE_METADATA,STAGED_TECHNICAL,177718,RESOLVE_EXPIRED_LOAN
FM27-9def8fca9460a1970f08d9a8,ESCALATE_TECHNICAL,MOVE_TO_TARGET_PRESERVE_METADATA,STAGED_TECHNICAL,296627,MOVE_PRESERVE_METADATA
FM27-9e1c058fd67b6967d58e2527,NONBLOCKING,,RESOLVED_NO_CHANGE,,RESOLVED
FM27-9e2e7b3c09ae2810f35fa7b0,ESCALATE_TECHNICAL,MOVE_TO_TARGET_PRESERVE_METADATA,STAGED_TECHNICAL,236433,MOVE_PRESERVE_METADATA
FM27-9f09484e97aed183c298047b,NONBLOCKING,,RESOLVED_NO_CHANGE,,RESOLVED
FM27-9f526ef771e4ffed20b445f9,NONBLOCKING,,RESOLVED_NO_CHANGE,,RESOLVED
FM27-9f6c9d61b7f715e89fb5dd52,KEEP_EXISTING,NO_CHANGE_KEEP_EXISTING,RESOLVED_NO_CHANGE,296018,EXTERNALLY_RESOLVED_NO_CHANGE
FM27-9ffef4ff39036312e058a34e,ESCALATE_TECHNICAL,MOVE_TO_TARGET_PRESERVE_METADATA,STAGED_TECHNICAL,269699,MOVE_PRESERVE_METADATA
FM27-a029a05da86870f369881484,NONBLOCKING,,RESOLVED_NO_CHANGE,,RESOLVED
FM27-a09bb966e088548a3240cbb6,ESCALATE_TECHNICAL,CREATE_OR_BRIDGE_IDENTITY,RESOLVED_IDENTITY_BRIDGE_NO_STATE_CHANGE,23830,Iliya Gruev
FM27-a0a2e006fffa142c9ccfa557,ESCALATE_TECHNICAL,CREATE_OR_BRIDGE_IDENTITY,TECHNICAL_BLOCKER,,No safe local identity and no complete supplied native creation fields.
FM27-a1299c8d8bc5affeaeaa719f,ESCALATE_TECHNICAL,SET_CURRENT_LOAN,TECHNICAL_BLOCKER,278498,"Native owner contract ends 2026-06-30, before resolved loan end 2027-06-30; no replacement contract date supplied."
FM27-a199aca998dbfbd38dfff853,KEEP_EXISTING,NO_CHANGE_KEEP_EXISTING,RESOLVED_NO_CHANGE,295118,EXTERNALLY_RESOLVED_NO_CHANGE
FM27-a1bbbba23e55ad05fbc8054b,NONBLOCKING,,RESOLVED_NO_CHANGE,77116,RESOLVED
FM27-a25e8663a640cc3932bcd6f8,NONBLOCKING,,RESOLVED_NO_CHANGE,,RESOLVED
FM27-a2ffb0090569f40f71076a92,ESCALATE_TECHNICAL,MOVE_TO_TARGET_PRESERVE_METADATA,STAGED_TECHNICAL,117961,MOVE_PRESERVE_METADATA
FM27-a3c6eef7868b52f5724486f8,ESCALATE_TECHNICAL,CREATE_OR_BRIDGE_IDENTITY,RESOLVED_IDENTITY_BRIDGE_NO_STATE_CHANGE,286412,Maximiliano Araújo
FM27-a3ca870616d17efd83513da8,ESCALATE_TECHNICAL,CREATE_OR_BRIDGE_IDENTITY,RESOLVED_IDENTITY_BRIDGE_NO_STATE_CHANGE,283825,Jonathan Castro
FM27-a4a7a3227e70a5a21ce66d06,ESCALATE_TECHNICAL,CREATE_OR_BRIDGE_IDENTITY,RESOLVED_IDENTITY_BRIDGE_NO_STATE_CHANGE,200016,Juan Santos da Silva
FM27-a4b7aad91cb75257ddec3f0e,KEEP_EXISTING,NO_CHANGE_KEEP_EXISTING,RESOLVED_NO_CHANGE,287406,EXTERNALLY_RESOLVED_NO_CHANGE
FM27-a4b8fb7b33c251bafe5314df,ESCALATE_TECHNICAL,CREATE_OR_BRIDGE_IDENTITY,STAGED_CREATE,1000024871,Pato
FM27-a4d03d7e1d5fd55f149ab309,ESCALATE_TECHNICAL,MOVE_TO_TARGET_PRESERVE_METADATA,STAGED_TECHNICAL,15607,MOVE_PRESERVE_METADATA
FM27-a4f7ec9a48d6aeaea2531caa,KEEP_EXISTING,NO_CHANGE_KEEP_EXISTING,RESOLVED_NO_CHANGE,275974,EXTERNALLY_RESOLVED_NO_CHANGE
FM27-a6b23727f02eddbf193e5cff,KEEP_EXISTING,NO_CHANGE_KEEP_EXISTING,RESOLVED_NO_CHANGE,283158,EXTERNALLY_RESOLVED_NO_CHANGE
FM27-a6dff50478fd295a3130d96d,ESCALATE_TECHNICAL,SET_CURRENT_LOAN,TECHNICAL_BLOCKER,276193,"Native owner contract ends 2026-06-30, before resolved loan end 2027-06-30; no replacement contract date supplied."
FM27-a7eb2b776ddad07717c1175b,ESCALATE_TECHNICAL,CREATE_OR_BRIDGE_IDENTITY,STAGED_IDENTITY_BRIDGE,202076,RESOLVE_EXPIRED_LOAN
FM27-a87f40b34dbc781597ebb507,ESCALATE_TECHNICAL,MOVE_TO_TARGET_PRESERVE_METADATA,STAGED_TECHNICAL,88023,RESOLVE_EXPIRED_LOAN
FM27-a8c878716f473949ff65a527,NONBLOCKING,,RESOLVED_NO_CHANGE,11817,RESOLVED
FM27-a971a51aff0f591e4a4463db,ESCALATE_TECHNICAL,CLEAR_STALE_LOAN_KEEP_TARGET,STAGED_TECHNICAL,288463,RESOLVE_EXPIRED_LOAN
FM27-a9e807859aa81eb221bb1fa1,NONBLOCKING,,RESOLVED_NO_CHANGE,,RESOLVED
FM27-aa7b5401c864d532eb81fe50,ESCALATE_TECHNICAL,SET_CURRENT_LOAN,STAGED_TECHNICAL,288596,SQUAD
FM27-ab2d932e1c1d0aadb73833be,KEEP_EXISTING,NO_CHANGE_KEEP_EXISTING,RESOLVED_NO_CHANGE,235372,EXTERNALLY_RESOLVED_NO_CHANGE
FM27-ab7b623a25cac25c662a1735,ESCALATE_TECHNICAL,CREATE_OR_BRIDGE_IDENTITY,RESOLVED_IDENTITY_BRIDGE_NO_STATE_CHANGE,205505,Yukhym Konoplia
FM27-aba2f02bd5edd99e9d1f4e12,ESCALATE_TECHNICAL,MOVE_TO_TARGET_PRESERVE_METADATA,STAGED_TECHNICAL,275991,RESOLVE_EXPIRED_LOAN
FM27-abcc242bbe438a5bb6ef9ac4,NONBLOCKING,,RESOLVED_NO_CHANGE,291277,RESOLVED
FM27-abcfd07881e880c066a1f855,NONBLOCKING,,RESOLVED_NO_CHANGE,43127,RESOLVED
FM27-abd352677d5096f57c3c933e,NONBLOCKING,,RESOLVED_NO_CHANGE,,RESOLVED
FM27-ac6a5dded7107d385cc1a968,ESCALATE_TECHNICAL,CREATE_OR_BRIDGE_IDENTITY,TECHNICAL_BLOCKER,,No safe local identity and no complete supplied native creation fields.
FM27-ad59c0f319e8cac0453cd63f,ESCALATE_TECHNICAL,MOVE_TO_TARGET_PRESERVE_METADATA,STAGED_TECHNICAL,154841,MOVE_PRESERVE_METADATA
FM27-ad920e7221f538354147266d,NONBLOCKING,,RESOLVED_NO_CHANGE,,RESOLVED
FM27-adb23813dc7346027f1b2c6a,ESCALATE_TECHNICAL,MOVE_TO_TARGET_PRESERVE_METADATA,STAGED_TECHNICAL,276593,MOVE_PRESERVE_METADATA
FM27-aeab4a56b826c83471dfea7e,ESCALATE_TECHNICAL,MOVE_TO_TARGET_PRESERVE_METADATA,STAGED_TECHNICAL,1000013719,MOVE_PRESERVE_METADATA
FM27-aeabae19023bff1b04b3302b,NONBLOCKING,,RESOLVED_NO_CHANGE,287303,RESOLVED
FM27-aec99bbe12ca35643390256e,ESCALATE_TECHNICAL,MOVE_TO_TARGET_PRESERVE_METADATA,STAGED_TECHNICAL,286679,MOVE_PRESERVE_METADATA
FM27-aefefc2f74b233d38b7dae17,ESCALATE_TECHNICAL,CREATE_OR_BRIDGE_IDENTITY,TECHNICAL_BLOCKER,,No safe local identity and no complete supplied native creation fields.
FM27-b000c729dc628e2dc312c58f,NONBLOCKING,,RESOLVED_NO_CHANGE,153264,RESOLVED
FM27-b0f6df2c93a6b03273f38f5e,KEEP_EXISTING,NO_CHANGE_KEEP_EXISTING,RESOLVED_NO_CHANGE,285303,EXTERNALLY_RESOLVED_NO_CHANGE
FM27-b106df6866c47382093854d9,ESCALATE_TECHNICAL,CREATE_OR_BRIDGE_IDENTITY,TECHNICAL_BLOCKER,,No safe local identity and no complete supplied native creation fields.
FM27-b12da4f7d36b241fb6154176,NONBLOCKING,,RESOLVED_NO_CHANGE,,RESOLVED
FM27-b149fccf6ec3349eeb960916,ESCALATE_TECHNICAL,MOVE_TO_TARGET_PRESERVE_METADATA,STAGED_TECHNICAL,11730,RESOLVE_EXPIRED_LOAN
FM27-b1d3bec87155852e280983f9,KEEP_EXISTING,NO_CHANGE_KEEP_EXISTING,RESOLVED_NO_CHANGE,272246,EXTERNALLY_RESOLVED_NO_CHANGE
FM27-b1dba31603d8d80c18fa8fe6,ESCALATE_TECHNICAL,MOVE_TO_TARGET_PRESERVE_METADATA,STAGED_TECHNICAL,200031,MOVE_PRESERVE_METADATA
FM27-b2018033704f9daa0b79b9ea,ESCALATE_TECHNICAL,CLEAR_STALE_LOAN_KEEP_TARGET,STAGED_TECHNICAL,11574,RESOLVE_EXPIRED_LOAN
FM27-b23fa94e32a13fbe31c161ed,ESCALATE_TECHNICAL,CREATE_OR_BRIDGE_IDENTITY,STAGED_IDENTITY_BRIDGE,153022,RESOLVE_EXPIRED_LOAN
FM27-b2da3debeff989bf91717722,ESCALATE_TECHNICAL,APPLY_CONFIRMED_TIMELINE_WITH_GUARD_REPAIR,TECHNICAL_BLOCKER,71183,Local confirmed timeline says loan end 2028-06-30 after owner contract 2027-06-30; exact loan end cannot be synthesized safely.
FM27-b373655d1a488fdbde7d3ce2,ESCALATE_TECHNICAL,MOVE_TO_TARGET_PRESERVE_METADATA,STAGED_TECHNICAL,277874,MOVE_PRESERVE_METADATA
FM27-b3ec9687ab0c1bac3a2d2e48,ESCALATE_TECHNICAL,MOVE_TO_TARGET_PRESERVE_METADATA,STAGED_TECHNICAL,71780,MOVE_PRESERVE_METADATA
FM27-b483ae076b0e64535cf92eba,NONBLOCKING,,RESOLVED_NO_CHANGE,,RESOLVED
FM27-b651bb5e18106a02a52bf294,ESCALATE_TECHNICAL,MOVE_TO_TARGET_PRESERVE_METADATA,STAGED_TECHNICAL,100339,MOVE_PRESERVE_METADATA
FM27-b72900e044dae5e00d1c4b92,ESCALATE_TECHNICAL,MOVE_TO_TARGET_PRESERVE_METADATA,STAGED_TECHNICAL,1000013920,MOVE_PRESERVE_METADATA
FM27-b995e9c2557e4c5b976d52d8,NONBLOCKING,,RESOLVED_NO_CHANGE,,RESOLVED
FM27-ba384b3194ac232703856424,NONBLOCKING,,RESOLVED_NO_CHANGE,287819,RESOLVED
FM27-bb81b979f364b88ba1370858,APPLY,,STAGED_APPLY,1000013211,PRESERVE_PROTECTED_SQUAD
FM27-bbac38037a1b51fa7eb59f1f,ESCALATE_TECHNICAL,MOVE_TO_TARGET_PRESERVE_METADATA,STAGED_TECHNICAL,243646,MOVE_PRESERVE_METADATA
FM27-bbf0b8a1f484b774b2518cfb,ESCALATE_TECHNICAL,MOVE_TO_TARGET_PRESERVE_METADATA,STAGED_TECHNICAL,295998,MOVE_PRESERVE_METADATA
FM27-bc716ff64a7ca7802b3134be,ESCALATE_TECHNICAL,MOVE_TO_TARGET_PRESERVE_METADATA,STAGED_TECHNICAL,55474,MOVE_PRESERVE_METADATA
FM27-bcd49402b7f97273a629afe8,NONBLOCKING,,RESOLVED_NO_CHANGE,,RESOLVED
FM27-bd706f2d006c64f0e0836997,ESCALATE_TECHNICAL,MOVE_TO_TARGET_PRESERVE_METADATA,STAGED_TECHNICAL,267781,MOVE_PRESERVE_METADATA
FM27-bd70711aaba4f5ffd22ccc71,NONBLOCKING,,RESOLVED_NO_CHANGE,,RESOLVED
FM27-bd96b06dcfc5871220f9510a,ESCALATE_TECHNICAL,MOVE_TO_TARGET_PRESERVE_METADATA,STAGED_TECHNICAL,243830,MOVE_PRESERVE_METADATA
FM27-bec82c8ddf863cb45d6eef00,ESCALATE_TECHNICAL,CLEAR_STALE_LOAN_KEEP_TARGET,STAGED_TECHNICAL,291875,RESOLVE_EXPIRED_LOAN
FM27-bf2abb3889e3acbe8d247fdc,NONBLOCKING,,RESOLVED_NO_CHANGE,,RESOLVED
FM27-bf6553043fc648b02041f183,ESCALATE_TECHNICAL,MOVE_TO_TARGET_PRESERVE_METADATA,STAGED_TECHNICAL,200015,MOVE_PRESERVE_METADATA
FM27-bff6044dddadaef8f668f1b9,ESCALATE_TECHNICAL,CREATE_OR_BRIDGE_IDENTITY,TECHNICAL_BLOCKER,117314,Local candidate fm_id 117314 is not strong enough for a duplicate-safe bridge.
FM27-c0237c05af525dafe9584722,ESCALATE_TECHNICAL,MOVE_TO_TARGET_PRESERVE_METADATA,STAGED_TECHNICAL,77428,MOVE_PRESERVE_METADATA
FM27-c071730d62e966d5d9d57551,ESCALATE_TECHNICAL,SET_CURRENT_LOAN,TECHNICAL_BLOCKER,243328,"Native owner contract ends 2026-06-30, before resolved loan end 2027-06-30; no replacement contract date supplied."
FM27-c091fad53bf0a48987f8baf0,NONBLOCKING,,RESOLVED_NO_CHANGE,,RESOLVED
FM27-c137708e784c73526231a56f,ESCALATE_TECHNICAL,CREATE_OR_BRIDGE_IDENTITY,STAGED_IDENTITY_BRIDGE,295875,MOVE_PRESERVE_METADATA
FM27-c1499b9efbcd99f3b3e6959d,ESCALATE_TECHNICAL,MOVE_TO_TARGET_PRESERVE_METADATA,STAGED_TECHNICAL,188296,MOVE_PRESERVE_METADATA
FM27-c1ef39010f1efb46e6840f37,NONBLOCKING,,RESOLVED_NO_CHANGE,,RESOLVED
FM27-c231952829d1c679d510a6b9,ESCALATE_TECHNICAL,MOVE_TO_TARGET_PRESERVE_METADATA,STAGED_TECHNICAL,235401,MOVE_PRESERVE_METADATA
FM27-c26e8f924e088c6c1d459779,KEEP_EXISTING,NO_CHANGE_KEEP_EXISTING,RESOLVED_NO_CHANGE,277792,EXTERNALLY_RESOLVED_NO_CHANGE
FM27-c2b3746545bff94b4f9fe2e0,ESCALATE_TECHNICAL,MOVE_TO_TARGET_PRESERVE_METADATA,STAGED_TECHNICAL,128450,RESOLVE_EXPIRED_LOAN
FM27-c30c10f7f8c37074e89843c9,ESCALATE_TECHNICAL,MOVE_TO_TARGET_PRESERVE_METADATA,STAGED_TECHNICAL,11407,MOVE_PRESERVE_METADATA
FM27-c352a20c06c15a42269d83e5,ESCALATE_TECHNICAL,MOVE_TO_TARGET_PRESERVE_METADATA,STAGED_TECHNICAL,275631,MOVE_PRESERVE_METADATA
FM27-c39e618af5f9288b08ff8cff,KEEP_EXISTING,NO_CHANGE_KEEP_EXISTING,RESOLVED_NO_CHANGE,11582,EXTERNALLY_RESOLVED_NO_CHANGE
FM27-c3c4e838e729ff6fe804dcca,KEEP_EXISTING,NO_CHANGE_KEEP_EXISTING,RESOLVED_NO_CHANGE,276003,EXTERNALLY_RESOLVED_NO_CHANGE
FM27-c475db69b1b870241ee8802a,NONBLOCKING,,RESOLVED_NO_CHANGE,,RESOLVED
FM27-c4fecd9487fd4c3af8b37738,ESCALATE_TECHNICAL,SET_CURRENT_LOAN,STAGED_TECHNICAL,274071,SQUAD
FM27-c5757dc161b9dce6da4e1d98,ESCALATE_TECHNICAL,MOVE_TO_TARGET_PRESERVE_METADATA,STAGED_TECHNICAL,295989,MOVE_PRESERVE_METADATA
FM27-c65bc0c457967e5ad1c241d4,ESCALATE_TECHNICAL,CREATE_OR_BRIDGE_IDENTITY,RESOLVED_IDENTITY_BRIDGE_NO_STATE_CHANGE,287211,Jonathan Buatu
FM27-c8864c5baae29b244bdcde02,ESCALATE_TECHNICAL,MOVE_TO_TARGET_PRESERVE_METADATA,STAGED_TECHNICAL,277417,MOVE_PRESERVE_METADATA
FM27-c8937c28b9cf68fd70016b4e,ESCALATE_TECHNICAL,APPLY_CONFIRMED_TIMELINE_WITH_GUARD_REPAIR,TECHNICAL_BLOCKER,292630,Local confirmed timeline says loan end 2030-06-30 after owner contract 2027-06-30; exact loan end cannot be synthesized safely.
FM27-c8f32b13e56a786343fa473e,ESCALATE_TECHNICAL,SET_CURRENT_LOAN,TECHNICAL_BLOCKER,290118,"Native owner contract ends 2026-06-30, before resolved loan end 2027-06-30; no replacement contract date supplied."
FM27-c92faf65bfd85cb12a23668f,KEEP_EXISTING,NO_CHANGE_KEEP_EXISTING,RESOLVED_NO_CHANGE,276210,EXTERNALLY_RESOLVED_NO_CHANGE
FM27-c9c7e63748004abec6d4a8fe,ESCALATE_TECHNICAL,MOVE_TO_TARGET_PRESERVE_METADATA,STAGED_TECHNICAL,295806,MOVE_PRESERVE_METADATA
FM27-cb301e152f166ee611f8d90a,ESCALATE_TECHNICAL,MOVE_TO_TARGET_PRESERVE_METADATA,STAGED_TECHNICAL,276724,MOVE_PRESERVE_METADATA
FM27-cb93e1b7db8415b3e965f654,ESCALATE_TECHNICAL,CREATE_OR_BRIDGE_IDENTITY,RESOLVED_IDENTITY_BRIDGE_NO_STATE_CHANGE,235347,Muhammadali O'rinboyev
FM27-cc57c992a163036d192d6698,NONBLOCKING,,RESOLVED_NO_CHANGE,,RESOLVED
FM27-cc7bb7aa50c0ab0e03f48bd9,ESCALATE_TECHNICAL,MOVE_TO_TARGET_PRESERVE_METADATA,STAGED_TECHNICAL,105039,MOVE_PRESERVE_METADATA
FM27-cc8c45ff7a76624165fbb41b,ESCALATE_TECHNICAL,SET_CURRENT_LOAN,STAGED_TECHNICAL,136179,SQUAD
FM27-ccf27461bbf7709d63329ece,NONBLOCKING,,RESOLVED_NO_CHANGE,,RESOLVED
FM27-ccf58733d37f480e27c2b878,NONBLOCKING,,RESOLVED_NO_CHANGE,,RESOLVED
FM27-cdb3e5ade069540f377da4ca,ESCALATE_TECHNICAL,MOVE_TO_TARGET_PRESERVE_METADATA,STAGED_TECHNICAL,275646,MOVE_PRESERVE_METADATA
FM27-cdc74c84678330674a9c19cd,ESCALATE_TECHNICAL,MOVE_TO_TARGET_PRESERVE_METADATA,STAGED_TECHNICAL,11949,MOVE_PRESERVE_METADATA
FM27-ce1d613dc74aa42fd5229da4,NONBLOCKING,,RESOLVED_NO_CHANGE,,RESOLVED
FM27-ce52bba1b4a84020d610df40,ESCALATE_TECHNICAL,CLEAR_STALE_LOAN_KEEP_TARGET,STAGED_TECHNICAL,136794,RESOLVE_EXPIRED_LOAN
FM27-cee39c8f73847c4b1c3d397a,ESCALATE_TECHNICAL,CREATE_OR_BRIDGE_IDENTITY,RESOLVED_IDENTITY_BRIDGE_NO_STATE_CHANGE,257412,Benjamin White
FM27-ceec33ada9d0ce5a084aa31b,APPLY,,STAGED_APPLY,236277,PRESERVE_PROTECTED_SQUAD
FM27-d0042469a20d0bca73a72a11,NONBLOCKING,,RESOLVED_NO_CHANGE,,RESOLVED
FM27-d03f1c0bb3ce145d925bd7ce,ESCALATE_TECHNICAL,MOVE_TO_TARGET_PRESERVE_METADATA,STAGED_TECHNICAL,88011,MOVE_PRESERVE_METADATA
FM27-d1bc2383ce0f819672479ff7,ESCALATE_TECHNICAL,MOVE_TO_TARGET_PRESERVE_METADATA,STAGED_TECHNICAL,290701,MOVE_PRESERVE_METADATA
FM27-d24aac955f1d7f586428c025,ESCALATE_TECHNICAL,CREATE_OR_BRIDGE_IDENTITY,RESOLVED_IDENTITY_BRIDGE_NO_STATE_CHANGE,268482,Leon Sommer
FM27-d341d5964663a3927259dc06,NONBLOCKING,,RESOLVED_NO_CHANGE,,RESOLVED
FM27-d34bf162c94771b633b2f793,ESCALATE_TECHNICAL,MOVE_TO_TARGET_PRESERVE_METADATA,STAGED_TECHNICAL,12221,MOVE_PRESERVE_METADATA
FM27-d355c939fad636a10f493574,ESCALATE_TECHNICAL,MOVE_TO_TARGET_PRESERVE_METADATA,STAGED_TECHNICAL,288149,MOVE_PRESERVE_METADATA
FM27-d3ab62b072268278d3398829,NONBLOCKING,,RESOLVED_NO_CHANGE,,RESOLVED
FM27-d4c54738ecf7354b30b5e560,NONBLOCKING,,RESOLVED_NO_CHANGE,,RESOLVED
FM27-d5311fc6c2bdd764eeb4ed51,NONBLOCKING,,RESOLVED_NO_CHANGE,,RESOLVED
FM27-d5ffa9b498e4d984e4ce50e7,NONBLOCKING,,RESOLVED_NO_CHANGE,,RESOLVED
FM27-d63022aab862d78ef39cc262,ESCALATE_TECHNICAL,MOVE_TO_TARGET_PRESERVE_METADATA,STAGED_TECHNICAL,24144,MOVE_PRESERVE_METADATA
FM27-d63baec9bf9140cbd0e82fe2,ESCALATE_TECHNICAL,MOVE_TO_TARGET_PRESERVE_METADATA,STAGED_TECHNICAL,201024,RESOLVE_EXPIRED_LOAN
FM27-d775ee38452dd016667665e1,ESCALATE_TECHNICAL,MOVE_TO_TARGET_PRESERVE_METADATA,STAGED_TECHNICAL,273729,MOVE_PRESERVE_METADATA
FM27-d7f98e2daae0225dc5ba3dad,ESCALATE_TECHNICAL,MOVE_TO_TARGET_PRESERVE_METADATA,STAGED_TECHNICAL,280829,MOVE_PRESERVE_METADATA
FM27-d84274e3cb1fb16d30d65d5b,ESCALATE_TECHNICAL,MOVE_TO_TARGET_PRESERVE_METADATA,STAGED_TECHNICAL,235432,MOVE_PRESERVE_METADATA
FM27-d881b53f16806f9c4eac7f9f,ESCALATE_TECHNICAL,SET_CURRENT_LOAN,TECHNICAL_BLOCKER,222801,"Native owner contract ends 2026-06-30, before resolved loan end 2027-06-30; no replacement contract date supplied."
FM27-d881f591f44c986b787fa011,KEEP_EXISTING,NO_CHANGE_KEEP_EXISTING,RESOLVED_NO_CHANGE,296787,EXTERNALLY_RESOLVED_NO_CHANGE
FM27-d8d7932f7ba488c2f3f34cfa,ESCALATE_TECHNICAL,SET_CURRENT_LOAN,STAGED_TECHNICAL,269708,SQUAD
FM27-d8efc5e9ee5fae00227ccf8e,ESCALATE_TECHNICAL,CREATE_OR_BRIDGE_IDENTITY,RESOLVED_IDENTITY_BRIDGE_NO_STATE_CHANGE,268329,David Haider
FM27-d8fd510762685607c8eec844,ESCALATE_TECHNICAL,MOVE_TO_TARGET_PRESERVE_METADATA,STAGED_TECHNICAL,269921,MOVE_PRESERVE_METADATA
FM27-d92c69e3daf89372b7b29db0,ESCALATE_TECHNICAL,CREATE_OR_BRIDGE_IDENTITY,RESOLVED_IDENTITY_BRIDGE_NO_STATE_CHANGE,281314,Juan Luis Sánchez Velasco
FM27-d96c8eb07340b35a0c6043cf,NONBLOCKING,,RESOLVED_NO_CHANGE,,RESOLVED
FM27-da712647a0c02462a94c5072,ESCALATE_TECHNICAL,APPLY_CONFIRMED_TIMELINE_WITH_GUARD_REPAIR,TECHNICAL_BLOCKER,296798,Local confirmed timeline says loan end 2029-06-30 after owner contract 2027-06-30; exact loan end cannot be synthesized safely.
FM27-dacf94d931b549a384816f13,ESCALATE_TECHNICAL,MOVE_TO_TARGET_PRESERVE_METADATA,STAGED_TECHNICAL,276591,MOVE_PRESERVE_METADATA
FM27-db1d5ab5bae86a8b5c8ed4fa,NONBLOCKING,,RESOLVED_NO_CHANGE,,RESOLVED
FM27-db479f12f38dfdfbfbd443fb,ESCALATE_TECHNICAL,MOVE_TO_TARGET_PRESERVE_METADATA,STAGED_TECHNICAL,279863,MOVE_PRESERVE_METADATA
FM27-dbf3f34e1875b25b8f6defe4,ESCALATE_TECHNICAL,MOVE_TO_TARGET_PRESERVE_METADATA,STAGED_TECHNICAL,143353,MOVE_PRESERVE_METADATA
FM27-dc5e8f41abd4968711e95897,ESCALATE_TECHNICAL,CLEAR_STALE_LOAN_KEEP_TARGET,STAGED_TECHNICAL,289289,RESOLVE_EXPIRED_LOAN
FM27-dc7ab24afbeff61030c4a6cc,ESCALATE_TECHNICAL,MOVE_TO_TARGET_PRESERVE_METADATA,STAGED_TECHNICAL,296799,RESOLVE_EXPIRED_LOAN
FM27-dc8eaf45bf38632551510ba5,ESCALATE_TECHNICAL,CREATE_OR_BRIDGE_IDENTITY,RESOLVED_IDENTITY_BRIDGE_NO_STATE_CHANGE,258550,Eli Junior Kroupi
FM27-dc8ec6509f029c487057acaa,KEEP_EXISTING,NO_CHANGE_KEEP_EXISTING,RESOLVED_NO_CHANGE,11341,EXTERNALLY_RESOLVED_NO_CHANGE
FM27-dd57b925cf2ea91f7a269949,KEEP_EXISTING,NO_CHANGE_KEEP_EXISTING,RESOLVED_NO_CHANGE,261133,EXTERNALLY_RESOLVED_NO_CHANGE
FM27-dd6aafa7691dfa93c0f2b460,ESCALATE_TECHNICAL,SET_CURRENT_LOAN,STAGED_TECHNICAL,222665,SQUAD
FM27-de1dc552a80f80559101e3cb,ESCALATE_TECHNICAL,CREATE_OR_BRIDGE_IDENTITY,TECHNICAL_BLOCKER,107669,Local candidate fm_id 107669 is not strong enough for a duplicate-safe bridge.
FM27-df2b4b6f586f7c086e2919f1,KEEP_EXISTING,NO_CHANGE_KEEP_EXISTING,RESOLVED_NO_CHANGE,277294,EXTERNALLY_RESOLVED_NO_CHANGE
FM27-dfc472c5f7aa295a7b58ddd4,ESCALATE_TECHNICAL,SET_CURRENT_LOAN_PRESERVE_TYPED_CONDITION,TECHNICAL_BLOCKER,277876,"Native owner contract ends 2026-06-30, before resolved loan end 2027-06-30; no replacement contract date supplied."
FM27-e06ad18dfeff030474167da9,ESCALATE_TECHNICAL,MOVE_TO_TARGET_PRESERVE_METADATA,STAGED_TECHNICAL,76846,MOVE_PRESERVE_METADATA
FM27-e08f396e6fc94de2438d52bc,ESCALATE_TECHNICAL,SET_CURRENT_LOAN,TECHNICAL_BLOCKER,267780,"Native owner contract ends 2026-06-30, before resolved loan end 2027-06-30; no replacement contract date supplied."
FM27-e0d89d4c54da6df10b7ecde8,ESCALATE_TECHNICAL,MOVE_TO_TARGET_PRESERVE_METADATA,STAGED_TECHNICAL,271919,MOVE_PRESERVE_METADATA
FM27-e19f6142242d91c8ad150743,NONBLOCKING,,RESOLVED_NO_CHANGE,,RESOLVED
FM27-e1a7063a07d0a4811c39c884,ESCALATE_TECHNICAL,MOVE_TO_TARGET_PRESERVE_METADATA,STAGED_TECHNICAL,299970,MOVE_PRESERVE_METADATA
FM27-e1c852485bb75c71d42944bb,ESCALATE_TECHNICAL,SET_CURRENT_LOAN_PRESERVE_TYPED_CONDITION,TECHNICAL_BLOCKER,212122,"Native owner contract ends 2026-06-30, before resolved loan end 2027-06-30; no replacement contract date supplied."
FM27-e2dec3b84909926ab17f87dc,ESCALATE_TECHNICAL,MOVE_TO_TARGET_PRESERVE_METADATA,STAGED_TECHNICAL,265015,MOVE_PRESERVE_METADATA
FM27-e3c78f3bb91f4c5bff19a64c,ESCALATE_TECHNICAL,SET_CURRENT_LOAN,STAGED_TECHNICAL,16802,SQUAD
FM27-e3fc90b88c9fcccceb6d8571,ESCALATE_TECHNICAL,SET_CURRENT_LOAN,STAGED_TECHNICAL,277288,SQUAD
FM27-e4bc54681efef05e32744d55,ESCALATE_TECHNICAL,MOVE_TO_TARGET_PRESERVE_METADATA,STAGED_TECHNICAL,260010,MOVE_PRESERVE_METADATA
FM27-e4d63d15efbbff2945a894ca,ESCALATE_TECHNICAL,MOVE_TO_TARGET_PRESERVE_METADATA,STAGED_TECHNICAL,280197,MOVE_PRESERVE_METADATA
FM27-e5665f7d067e734b83445291,ESCALATE_TECHNICAL,SET_CURRENT_LOAN,TECHNICAL_BLOCKER,55444,"Native owner contract ends 2026-06-30, before resolved loan end 2027-06-30; no replacement contract date supplied."
FM27-e57057fadcb6df1aa72c6bb4,KEEP_EXISTING,NO_CHANGE_KEEP_EXISTING,RESOLVED_NO_CHANGE,11383,EXTERNALLY_RESOLVED_NO_CHANGE
FM27-e5a379ad70403a127bbb8c9c,ESCALATE_TECHNICAL,MOVE_TO_TARGET_PRESERVE_METADATA,STAGED_TECHNICAL,288176,MOVE_PRESERVE_METADATA
FM27-e5e093f15db87a75879d8083,KEEP_EXISTING,NO_CHANGE_KEEP_EXISTING,RESOLVED_NO_CHANGE,280235,EXTERNALLY_RESOLVED_NO_CHANGE
FM27-e68ab142225791e9c5413de3,ESCALATE_TECHNICAL,CREATE_OR_BRIDGE_IDENTITY,RESOLVED_IDENTITY_BRIDGE_NO_STATE_CHANGE,275772,Josef Ganda
FM27-e6bbc1e6681c22f1be7c236a,ESCALATE_TECHNICAL,CREATE_OR_BRIDGE_IDENTITY,TECHNICAL_BLOCKER,201384,Local candidate fm_id 201384 is not strong enough for a duplicate-safe bridge.
FM27-e7378becc3d38c519902b72c,ESCALATE_TECHNICAL,MOVE_TO_TARGET_PRESERVE_METADATA,STAGED_TECHNICAL,280439,MOVE_PRESERVE_METADATA
FM27-e74bf9b6a1ef92a12dfc40cc,NONBLOCKING,,RESOLVED_NO_CHANGE,,RESOLVED
FM27-e93ac663f1ae6049d006afbe,KEEP_EXISTING,NO_CHANGE_KEEP_EXISTING,RESOLVED_NO_CHANGE,235960,EXTERNALLY_RESOLVED_NO_CHANGE
FM27-ea23a0df07385594f0c1a27b,NONBLOCKING,,RESOLVED_NO_CHANGE,,RESOLVED
FM27-ea6e2f6e100bd9c0ad6a8541,ESCALATE_TECHNICAL,MOVE_TO_TARGET_PRESERVE_METADATA,STAGED_TECHNICAL,266377,MOVE_PRESERVE_METADATA
FM27-eafc3186bd5ee904c8838d53,ESCALATE_TECHNICAL,APPLY_CONFIRMED_TIMELINE_WITH_GUARD_REPAIR,TECHNICAL_BLOCKER,278138,Local confirmed timeline says loan end 2031-06-30 after owner contract 2027-06-30; exact loan end cannot be synthesized safely.
FM27-eb08499bf262b1e3970c8670,NONBLOCKING,,RESOLVED_NO_CHANGE,,RESOLVED
FM27-eb105c85985a0fdd7eb642b1,ESCALATE_TECHNICAL,MOVE_TO_TARGET_PRESERVE_METADATA,STAGED_TECHNICAL,296689,MOVE_PRESERVE_METADATA
FM27-eb38b965b66b7c486173b38b,KEEP_EXISTING,NO_CHANGE_KEEP_EXISTING,RESOLVED_NO_CHANGE,257478,EXTERNALLY_RESOLVED_NO_CHANGE
FM27-eb678bd76af640d97e7fdd30,NONBLOCKING,,RESOLVED_NO_CHANGE,,RESOLVED
FM27-eba20fa2933eacedc4ea1b07,ESCALATE_TECHNICAL,SET_CURRENT_LOAN,STAGED_TECHNICAL,278124,SQUAD
FM27-ebce3f8b2b036e8b8b343678,ESCALATE_TECHNICAL,MOVE_TO_TARGET_PRESERVE_METADATA,STAGED_TECHNICAL,100029,MOVE_PRESERVE_METADATA
FM27-ec30b0602d09e3cafc0c690d,ESCALATE_TECHNICAL,MOVE_TO_TARGET_PRESERVE_METADATA,STAGED_TECHNICAL,1000013240,MOVE_PRESERVE_METADATA
FM27-eccd0a8f0889fd46c0876009,ESCALATE_TECHNICAL,CLEAR_STALE_LOAN_KEEP_TARGET,STAGED_TECHNICAL,114549,RESOLVE_EXPIRED_LOAN
FM27-ed00790ed8927adca2e6c567,ESCALATE_TECHNICAL,CREATE_OR_BRIDGE_IDENTITY,RESOLVED_IDENTITY_BRIDGE_NO_STATE_CHANGE,275529,Fynn-Luca Lakenmacher
FM27-ed0639e82779ebce98f33633,ESCALATE_TECHNICAL,MOVE_TO_TARGET_PRESERVE_METADATA,STAGED_TECHNICAL,142430,MOVE_PRESERVE_METADATA
FM27-edd07c00705419209ef5f1d6,ESCALATE_TECHNICAL,MOVE_TO_EXTERNAL_IF_CLUB_EXISTS_ELSE_FREE_AGENT,STAGED_TECHNICAL,291094,MOVE_PRESERVE_METADATA
FM27-ee4290f7ccd638c2bf06b01b,ESCALATE_TECHNICAL,SET_CURRENT_LOAN,TECHNICAL_BLOCKER,11264,"Native owner contract ends 2026-06-30, before resolved loan end 2026-12-31; no replacement contract date supplied."
FM27-ef2b0dd47566ac23459230d6,ESCALATE_TECHNICAL,MOVE_TO_TARGET_PRESERVE_METADATA,STAGED_TECHNICAL,275696,MOVE_PRESERVE_METADATA
FM27-efcd184e4f7f32a4f2dcbfba,ESCALATE_TECHNICAL,MOVE_TO_TARGET_PRESERVE_METADATA,STAGED_TECHNICAL,274305,RESOLVE_EXPIRED_LOAN
FM27-f159246749c3cbb533d053c0,ESCALATE_TECHNICAL,CREATE_OR_BRIDGE_IDENTITY,RESOLVED_IDENTITY_BRIDGE_NO_STATE_CHANGE,259150,Iliman N'Diaye
FM27-f19fc478f87df76ff5eb2711,ESCALATE_TECHNICAL,APPLY_CONFIRMED_TIMELINE_WITH_GUARD_REPAIR,TECHNICAL_BLOCKER,284614,Local confirmed timeline says loan end 2031-06-30 after owner contract 2027-06-30; exact loan end cannot be synthesized safely.
FM27-f1dd98dc91cd2a70932fbdc5,KEEP_EXISTING,NO_CHANGE_KEEP_EXISTING,RESOLVED_NO_CHANGE,295814,EXTERNALLY_RESOLVED_NO_CHANGE
FM27-f21487776a8c0ce88e0aa3b4,ESCALATE_TECHNICAL,MOVE_TO_TARGET_PRESERVE_METADATA,STAGED_TECHNICAL,307148,MOVE_PRESERVE_METADATA
FM27-f2c662579953a9eb27037156,ESCALATE_TECHNICAL,MOVE_TO_TARGET_PRESERVE_METADATA,STAGED_TECHNICAL,235642,RESOLVE_EXPIRED_LOAN
FM27-f2e9b677ad85b489f6925e16,ESCALATE_TECHNICAL,CREATE_OR_BRIDGE_IDENTITY,RESOLVED_IDENTITY_BRIDGE_NO_STATE_CHANGE,290015,Ally Samatta
FM27-f2fa4d2479d168b5bd33b57d,ESCALATE_TECHNICAL,CREATE_OR_BRIDGE_IDENTITY,RESOLVED_IDENTITY_BRIDGE_NO_STATE_CHANGE,280308,Philipp Mwene
FM27-f3cb7b8596582c25d662eb2d,KEEP_EXISTING,NO_CHANGE_KEEP_EXISTING,RESOLVED_NO_CHANGE,290027,EXTERNALLY_RESOLVED_NO_CHANGE
FM27-f4420a7d7e0ce232261d56c7,KEEP_EXISTING,NO_CHANGE_KEEP_EXISTING,RESOLVED_NO_CHANGE,281914,EXTERNALLY_RESOLVED_NO_CHANGE
FM27-f449558035d0eac66691e9ff,KEEP_EXISTING,NO_CHANGE_KEEP_EXISTING,RESOLVED_NO_CHANGE,274335,EXTERNALLY_RESOLVED_NO_CHANGE
FM27-f4530a066cf25d7551e109fd,NONBLOCKING,,RESOLVED_NO_CHANGE,,RESOLVED
FM27-f475a320eb1adb14f1ee8575,KEEP_EXISTING,NO_CHANGE_KEEP_EXISTING,RESOLVED_NO_CHANGE,276962,EXTERNALLY_RESOLVED_NO_CHANGE
FM27-f49b5163e025672f24f10ecd,ESCALATE_TECHNICAL,MOVE_TO_TARGET_PRESERVE_METADATA,STAGED_TECHNICAL,276085,MOVE_PRESERVE_METADATA
FM27-f4f5ee4b668f9285a68f4b92,ESCALATE_TECHNICAL,MOVE_TO_TARGET_PRESERVE_METADATA,STAGED_TECHNICAL,275098,MOVE_PRESERVE_METADATA
FM27-f50838ddaaac8f12f3901d05,ESCALATE_TECHNICAL,MOVE_TO_TARGET_PRESERVE_METADATA,STAGED_TECHNICAL,100214,MOVE_PRESERVE_METADATA
FM27-f553b5b5648224129de2e77d,KEEP_EXISTING,NO_CHANGE_KEEP_EXISTING,RESOLVED_NO_CHANGE,277710,EXTERNALLY_RESOLVED_NO_CHANGE
FM27-f5610eb9d48237362a580599,ESCALATE_TECHNICAL,MOVE_TO_TARGET_PRESERVE_METADATA,STAGED_TECHNICAL,11503,MOVE_PRESERVE_METADATA
FM27-f5978ddefdab52b7be685763,ESCALATE_TECHNICAL,MOVE_TO_TARGET_PRESERVE_METADATA,STAGED_TECHNICAL,275403,MOVE_PRESERVE_METADATA
FM27-f5a57cdb3a76a0e35cc46d5d,ESCALATE_TECHNICAL,MOVE_TO_TARGET_PRESERVE_METADATA,STAGED_TECHNICAL,1000013185,MOVE_PRESERVE_METADATA
FM27-f5b5c80eaaeac6c713043776,ESCALATE_TECHNICAL,MOVE_TO_TARGET_PRESERVE_METADATA,STAGED_TECHNICAL,284674,RESOLVE_EXPIRED_LOAN
FM27-f5e831c255ad6d2a92a8af45,ESCALATE_TECHNICAL,SET_CURRENT_LOAN_PRESERVE_TYPED_CONDITION,STAGED_TECHNICAL,289036,REPLACE_EXPIRED_LOAN
FM27-f6256f4730fd4699165a12cb,ESCALATE_TECHNICAL,CREATE_OR_BRIDGE_IDENTITY,STAGED_IDENTITY_BRIDGE,221998,MOVE_PRESERVE_METADATA
FM27-f67e9d23972165995d48e82d,ESCALATE_TECHNICAL,SET_CURRENT_LOAN,STAGED_TECHNICAL,232981,SQUAD
FM27-f6b8a3d0f4acc48a341cbd28,ESCALATE_TECHNICAL,MOVE_TO_TARGET_PRESERVE_METADATA,STAGED_TECHNICAL,297578,MOVE_PRESERVE_METADATA
FM27-f6ed0460922494c720b81af8,ESCALATE_TECHNICAL,MOVE_TO_TARGET_PRESERVE_METADATA,STAGED_TECHNICAL,105171,MOVE_PRESERVE_METADATA
FM27-f711e8abcaef24d17470eb41,ESCALATE_TECHNICAL,MOVE_TO_TARGET_PRESERVE_METADATA,STAGED_TECHNICAL,1000015933,MOVE_PRESERVE_METADATA
FM27-f7298cb4012091ba72470f05,NONBLOCKING,,RESOLVED_NO_CHANGE,,RESOLVED
FM27-f7ae72b5d6593435246cd4b0,ESCALATE_TECHNICAL,SET_CURRENT_LOAN,STAGED_TECHNICAL,270953,SQUAD
FM27-f7ba611da4c3f3a26b1d0d0c,ESCALATE_TECHNICAL,MOVE_TO_TARGET_PRESERVE_METADATA,STAGED_TECHNICAL,285854,MOVE_PRESERVE_METADATA
FM27-f8c879bb6501a16d01f9076c,ESCALATE_TECHNICAL,CREATE_OR_BRIDGE_IDENTITY,STAGED_IDENTITY_BRIDGE,296499,RESOLVE_EXPIRED_LOAN
FM27-f8e64ee669e1e4844c0f4eba,ESCALATE_TECHNICAL,MOVE_TO_TARGET_PRESERVE_METADATA,STAGED_TECHNICAL,11262,MOVE_PRESERVE_METADATA
FM27-f94c6661ed64cda0ea5882d4,ESCALATE_TECHNICAL,MOVE_TO_TARGET_PRESERVE_METADATA,STAGED_TECHNICAL,287999,MOVE_PRESERVE_METADATA
FM27-f962e0a29319ca9304cdb391,KEEP_EXISTING,NO_CHANGE_KEEP_EXISTING,RESOLVED_NO_CHANGE,274395,EXTERNALLY_RESOLVED_NO_CHANGE
FM27-fa374f8401f2c9deb268b76d,KEEP_EXISTING,NO_CHANGE_KEEP_EXISTING,RESOLVED_NO_CHANGE,281422,EXTERNALLY_RESOLVED_NO_CHANGE
FM27-faa7d310f3549244e33294d6,ESCALATE_TECHNICAL,MOVE_TO_TARGET_PRESERVE_METADATA,STAGED_TECHNICAL,277651,MOVE_PRESERVE_METADATA
FM27-facc36578e561d93f1dd7636,ESCALATE_TECHNICAL,SET_CURRENT_LOAN,STAGED_TECHNICAL,267421,SQUAD
FM27-fb26ba897b6c25e290b1b68b,NONBLOCKING,,RESOLVED_NO_CHANGE,,RESOLVED
FM27-fc09ca6d15551cca7ecd08b3,ESCALATE_TECHNICAL,CREATE_OR_BRIDGE_IDENTITY,STAGED_IDENTITY_BRIDGE,188142,MOVE_PRESERVE_METADATA
FM27-fc378fd08ff871fc0ec2f7b3,ESCALATE_TECHNICAL,SET_CURRENT_LOAN,TECHNICAL_BLOCKER,280808,"Native owner contract ends 2026-06-30, before resolved loan end 2027-06-30; no replacement contract date supplied."
FM27-fc4a69996581a7006c3b6527,ESCALATE_TECHNICAL,MOVE_TO_TARGET_PRESERVE_METADATA,STAGED_TECHNICAL,6319,MOVE_PRESERVE_METADATA
FM27-fc5fc2cab457391975e357f2,ESCALATE_TECHNICAL,MOVE_TO_TARGET_PRESERVE_METADATA,STAGED_TECHNICAL,295792,MOVE_PRESERVE_METADATA
FM27-fc655143916c530423ec18fd,ESCALATE_TECHNICAL,MOVE_TO_TARGET_PRESERVE_METADATA,STAGED_TECHNICAL,282300,MOVE_PRESERVE_METADATA
FM27-fcb71b3168bf22fa21948c08,NONBLOCKING,,RESOLVED_NO_CHANGE,,RESOLVED
FM27-fcf7f94596d39bed55049631,ESCALATE_TECHNICAL,MOVE_TO_TARGET_PRESERVE_METADATA,STAGED_TECHNICAL,11324,MOVE_PRESERVE_METADATA
FM27-fd8831e29622ad43e6854a98,ESCALATE_TECHNICAL,MOVE_TO_TARGET_PRESERVE_METADATA,STAGED_TECHNICAL,235705,MOVE_PRESERVE_METADATA
FM27-fd9ab6980a0abaa7a5456709,KEEP_EXISTING,NO_CHANGE_KEEP_EXISTING,RESOLVED_NO_CHANGE,280245,EXTERNALLY_RESOLVED_NO_CHANGE
FM27-fe2e0afe3f124957983b7a2d,ESCALATE_TECHNICAL,MOVE_TO_TARGET_PRESERVE_METADATA,STAGED_TECHNICAL,266864,MOVE_PRESERVE_METADATA
FM27-fe454ba9c56cb738a3851ac2,ESCALATE_TECHNICAL,MOVE_TO_TARGET_PRESERVE_METADATA,STAGED_TECHNICAL,11321,MOVE_PRESERVE_METADATA
FM27-fe6180509f82e4fd3c72ee1e,NONBLOCKING,,RESOLVED_NO_CHANGE,,RESOLVED
FM27-fe7bb030ffe3d1da420e89e2,NONBLOCKING,,RESOLVED_NO_CHANGE,274322,RESOLVED
FM27-fe9faf3e7dfe4f3e9508a55a,ESCALATE_TECHNICAL,MOVE_TO_TARGET_PRESERVE_METADATA,STAGED_TECHNICAL,271154,MOVE_PRESERVE_METADATA
FM27-feb7ffe80c0dfd93339e2804,NONBLOCKING,,RESOLVED_NO_CHANGE,,RESOLVED
FM27-ff321fc7173590fbb448cd4c,ESCALATE_TECHNICAL,MOVE_TO_TARGET_PRESERVE_METADATA,STAGED_TECHNICAL,275760,MOVE_PRESERVE_METADATA
FM27-ff4119d5a5b1fcd045d1f72b,ESCALATE_TECHNICAL,MOVE_TO_TARGET_PRESERVE_METADATA,STAGED_TECHNICAL,276353,MOVE_PRESERVE_METADATA
FM27-ff88d94adb6748dc4f6bc138,APPLY,,STAGED_APPLY,23316,PRESERVE_PROTECTED_SQUAD
