row_id,decision,resolution_status,resolution_basis,resolved_state_json,queue,blocking,reason,league,club,club_tm_id,player,player_tm_id,dob,fm_id,fifa_id,native_club_id,target_club_id,identity_method,source,source_sha256,snapshot_date,technical_action,technical_conflict_code,technical_conflict
FM27-de1dc552a80f80559101e3cb,ESCALATE_TECHNICAL,FOOTBALL_RESOLVED_NATIVE_IDENTITY_REQUIRED,"The 2026/27 roster source confirms this player identity (name/DOB) at the target club, but no unique Native08 identity exists. This is now a local technical identity/creation task: bridge to an existing native identity if possible, otherwise create using the existing guarded creation pipeline. Never invent an EA/FIFA ID.",,PLAYER_CREATION,YES,No unique Native08 identity by exact DOB and normalized full name,BEL1,Lommel SK,5026,Djordje Gordic,858324,2004-11-05,,,,458783,MISSING_FROM_FM,https://www.transfermarkt.de/lommel-sk/kader/verein/5026/saison_id/2026/plus/1,9ff756a9f65fb1a83d753e141d2c89530fd8a9311bba2096f5846c718c381d8a,2026-09-12,CREATE_OR_BRIDGE_IDENTITY,AMBIGUOUS_LOCAL_NATIVE_IDENTITY,Local candidate fm_id 107669 is not strong enough for a duplicate-safe bridge.
FM27-bff6044dddadaef8f668f1b9,ESCALATE_TECHNICAL,FOOTBALL_RESOLVED_NATIVE_IDENTITY_REQUIRED,"The 2026/27 roster source confirms this player identity (name/DOB) at the target club, but no unique Native08 identity exists. This is now a local technical identity/creation task: bridge to an existing native identity if possible, otherwise create using the existing guarded creation pipeline. Never invent an EA/FIFA ID.",,PLAYER_CREATION,YES,No unique Native08 identity by exact DOB and normalized full name,ITA1,AC Monza,2919,Eddy Kouadio,957822,2006-05-03,,,,1769533,MISSING_FROM_FM,https://www.transfermarkt.de/ac-monza/kader/verein/2919/saison_id/2026/plus/1,8f193279202724cc57a68a08441deb0fe889b73d8d97804595e81268516bfe10,2026-09-12,CREATE_OR_BRIDGE_IDENTITY,AMBIGUOUS_LOCAL_NATIVE_IDENTITY,Local candidate fm_id 117314 is not strong enough for a duplicate-safe bridge.
FM27-5c3270b168052f588cedeb4f,ESCALATE_TECHNICAL,FOOTBALL_RESOLVED_NATIVE_IDENTITY_REQUIRED,"The 2026/27 roster source confirms this player identity (name/DOB) at the target club, but no unique Native08 identity exists. This is now a local technical identity/creation task: bridge to an existing native identity if possible, otherwise create using the existing guarded creation pipeline. Never invent an EA/FIFA ID.",,PLAYER_CREATION,YES,No unique Native08 identity by exact DOB and normalized full name,TUR1,Alanyaspor,11282,Mahmut Can Kara,1175619,2006-01-01,,,,3145783,MISSING_FROM_FM,https://www.transfermarkt.de/alanyaspor/kader/verein/11282/saison_id/2026/plus/1,433f3e66ff8083db45d3eda79b081cc9c234137060d5070be407da48d877ae43,2026-09-12,CREATE_OR_BRIDGE_IDENTITY,AMBIGUOUS_LOCAL_NATIVE_IDENTITY,Local candidate fm_id 201500 is not strong enough for a duplicate-safe bridge.
FM27-e6bbc1e6681c22f1be7c236a,ESCALATE_TECHNICAL,FOOTBALL_RESOLVED_NATIVE_IDENTITY_REQUIRED,"The 2026/27 roster source confirms this player identity (name/DOB) at the target club, but no unique Native08 identity exists. This is now a local technical identity/creation task: bridge to an existing native identity if possible, otherwise create using the existing guarded creation pipeline. Never invent an EA/FIFA ID.",,PLAYER_CREATION,YES,No unique Native08 identity by exact DOB and normalized full name,TUR1,Samsunspor,152,Mustafa Tan,1161013,2005-04-27,,,,3145745,MISSING_FROM_FM,https://www.transfermarkt.de/samsunspor/kader/verein/152/saison_id/2026/plus/1,4e99640342d6c03de82a839147f9c53a0cc4bc14523c727d2894fc2df5432171,2026-09-12,CREATE_OR_BRIDGE_IDENTITY,AMBIGUOUS_LOCAL_NATIVE_IDENTITY,Local candidate fm_id 201384 is not strong enough for a duplicate-safe bridge.
FM27-601fbe5cfd24a77945dc8b1a,ESCALATE_TECHNICAL,FOOTBALL_RESOLVED_NATIVE_IDENTITY_REQUIRED,"The 2026/27 roster source confirms this player identity (name/DOB) at the target club, but no unique Native08 identity exists. This is now a local technical identity/creation task: bridge to an existing native identity if possible, otherwise create using the existing guarded creation pipeline. Never invent an EA/FIFA ID.",,PLAYER_CREATION,YES,No unique Native08 identity by exact DOB and normalized full name,TUR1,Gaziantep FK,2832,Taha Güneş,1048119,2006-01-01,,,,3145773,MISSING_FROM_FM,https://www.transfermarkt.de/gaziantep-fk/kader/verein/2832/saison_id/2026/plus/1,81446f340c520f2c5aff4253c251edc727d259530fe5221a6b24ee6cfb9e01e1,2026-09-12,CREATE_OR_BRIDGE_IDENTITY,AMBIGUOUS_LOCAL_NATIVE_IDENTITY,Local candidate fm_id 200297 is not strong enough for a duplicate-safe bridge.
FM27-260226f100ea862dc4e7733e,ESCALATE_TECHNICAL,FOOTBALL_RESOLVED_NATIVE_IDENTITY_REQUIRED,"The 2026/27 roster source confirms this player identity (name/DOB) at the target club, but no unique Native08 identity exists. This is now a local technical identity/creation task: bridge to an existing native identity if possible, otherwise create using the existing guarded creation pipeline. Never invent an EA/FIFA ID.",,PLAYER_CREATION,YES,No unique Native08 identity by exact DOB and normalized full name,CZE1,FC Zbrojovka Brünn,5225,Colin Andrew,943864,2004-02-25,,,,786447,MISSING_FROM_FM,https://www.transfermarkt.de/fc-zbrojovka-brunn/kader/verein/5225/saison_id/2026/plus/1,1aeecf841a85ad9d35469b9ba37af49f38aee1b2e160fdd7ebc2df04f3863d83,2026-09-12,CREATE_OR_BRIDGE_IDENTITY,CREATION_NATIVE_FIELDS_INCOMPLETE,No safe local identity and no complete supplied native creation fields.
FM27-aefefc2f74b233d38b7dae17,ESCALATE_TECHNICAL,FOOTBALL_RESOLVED_NATIVE_IDENTITY_REQUIRED,"The 2026/27 roster source confirms this player identity (name/DOB) at the target club, but no unique Native08 identity exists. This is now a local technical identity/creation task: bridge to an existing native identity if possible, otherwise create using the existing guarded creation pipeline. Never invent an EA/FIFA ID.",,PLAYER_CREATION,YES,No unique Native08 identity by exact DOB and normalized full name,CZE1,FK Mlada Boleslav,5546,Dominik Mares,941029,2003-02-03,,,,786434,MISSING_FROM_FM,https://www.transfermarkt.de/fk-mlada-boleslav/kader/verein/5546/saison_id/2026/plus/1,5a8600e42926651e56482ac4dac8c6e5e0e3e1754eacf142566e811f0e9bca53,2026-09-12,CREATE_OR_BRIDGE_IDENTITY,CREATION_NATIVE_FIELDS_INCOMPLETE,No safe local identity and no complete supplied native creation fields.
FM27-122e54be8300b17d762ba73e,ESCALATE_TECHNICAL,FOOTBALL_RESOLVED_NATIVE_IDENTITY_REQUIRED,"The 2026/27 roster source confirms this player identity (name/DOB) at the target club, but no unique Native08 identity exists. This is now a local technical identity/creation task: bridge to an existing native identity if possible, otherwise create using the existing guarded creation pipeline. Never invent an EA/FIFA ID.",,PLAYER_CREATION,YES,No unique Native08 identity by exact DOB and normalized full name,CZE1,FK Mlada Boleslav,5546,Jan Jinoch,1166018,2006-05-02,,,,786434,MISSING_FROM_FM,https://www.transfermarkt.de/fk-mlada-boleslav/kader/verein/5546/saison_id/2026/plus/1,5a8600e42926651e56482ac4dac8c6e5e0e3e1754eacf142566e811f0e9bca53,2026-09-12,CREATE_OR_BRIDGE_IDENTITY,CREATION_NATIVE_FIELDS_INCOMPLETE,No safe local identity and no complete supplied native creation fields.
FM27-982fb480e9df42d16644360f,ESCALATE_TECHNICAL,FOOTBALL_RESOLVED_NATIVE_IDENTITY_REQUIRED,"The 2026/27 roster source confirms this player identity (name/DOB) at the target club, but no unique Native08 identity exists. This is now a local technical identity/creation task: bridge to an existing native identity if possible, otherwise create using the existing guarded creation pipeline. Never invent an EA/FIFA ID.",,PLAYER_CREATION,YES,No unique Native08 identity by exact DOB and normalized full name,CZE1,FK Pardubice,1496,Martin Reil,1143628,2006-05-05,,,,790538,MISSING_FROM_FM,https://www.transfermarkt.de/fk-pardubice/kader/verein/1496/saison_id/2026/plus/1,ff994ed3554101d4e2a5377d206e013ac142ca4f73f68a0c406e2cc0d305e0ef,2026-09-12,CREATE_OR_BRIDGE_IDENTITY,CREATION_NATIVE_FIELDS_INCOMPLETE,No safe local identity and no complete supplied native creation fields.
FM27-b106df6866c47382093854d9,ESCALATE_TECHNICAL,FOOTBALL_RESOLVED_NATIVE_IDENTITY_REQUIRED,"The 2026/27 roster source confirms this player identity (name/DOB) at the target club, but no unique Native08 identity exists. This is now a local technical identity/creation task: bridge to an existing native identity if possible, otherwise create using the existing guarded creation pipeline. Never invent an EA/FIFA ID.",,PLAYER_CREATION,YES,Two-attempt creation triage remains blocked: IDENTITY_AMBIGUITY_DUPLICATE_REVIEW_LEAD,ENG1,Brentford,1148,El Hadji Malick Diouf,1111589,2004-12-29,,,,917569,TWO_ATTEMPT_CREATION_TRIAGE,https://www.transfermarkt.de/fc-brentford/kader/verein/1148/saison_id/2026/plus/1,98977ec56621e787ba2b89973d53a14e8f3ee796ba25d92646304551ba9c96fa,2026-09-12,CREATE_OR_BRIDGE_IDENTITY,CREATION_NATIVE_FIELDS_INCOMPLETE,No safe local identity and no complete supplied native creation fields.
FM27-a0a2e006fffa142c9ccfa557,ESCALATE_TECHNICAL,FOOTBALL_RESOLVED_NATIVE_IDENTITY_REQUIRED,"The 2026/27 roster source confirms this player identity (name/DOB) at the target club, but no unique Native08 identity exists. This is now a local technical identity/creation task: bridge to an existing native identity if possible, otherwise create using the existing guarded creation pipeline. Never invent an EA/FIFA ID.",,PLAYER_CREATION,YES,Two-attempt creation triage remains blocked: IDENTITY_AMBIGUITY_DUPLICATE_REVIEW_LEAD,ENG1,Chelsea,631,Gabriel Slonina,656316,2004-05-15,,,,917513,TWO_ATTEMPT_CREATION_TRIAGE,https://www.transfermarkt.de/fc-chelsea/kader/verein/631/saison_id/2026/plus/1,654f4cd4c0ce8c73da8a919c8a23c05e00fc473650df3999c3441d42c128ae64,2026-09-12,CREATE_OR_BRIDGE_IDENTITY,CREATION_NATIVE_FIELDS_INCOMPLETE,No safe local identity and no complete supplied native creation fields.
FM27-ac6a5dded7107d385cc1a968,ESCALATE_TECHNICAL,FOOTBALL_RESOLVED_NATIVE_IDENTITY_REQUIRED,"The 2026/27 roster source confirms this player identity (name/DOB) at the target club, but no unique Native08 identity exists. This is now a local technical identity/creation task: bridge to an existing native identity if possible, otherwise create using the existing guarded creation pipeline. Never invent an EA/FIFA ID.",,PLAYER_CREATION,YES,No unique Native08 identity by exact DOB and normalized full name,POR1,Moreirense FC,979,Alexandre Parsemain,811432,2003-05-27,,,,2490377,MISSING_FROM_FM,https://www.transfermarkt.de/moreirense-fc/kader/verein/979/saison_id/2026/plus/1,9aa16aff197b371e36892b5321c0c1db769f09802a8338c111eb56304e7798bc,2026-09-12,CREATE_OR_BRIDGE_IDENTITY,CREATION_NATIVE_FIELDS_INCOMPLETE,No safe local identity and no complete supplied native creation fields.
FM27-da712647a0c02462a94c5072,ESCALATE_TECHNICAL,FOOTBALL_RESOLVED_GUARD_REPAIR_REQUIRED,The project already marks the timeline row as confirmed; the failure is an exact-native/source/chronology guard problem. Treat the football destination as resolved and repair only the local technical guard/application path.,,TIMELINE_RESOLUTION,YES,"Confirmed timeline row failed exact native, source, or loan chronology guards",CZE1,FK Mlada Boleslav,5546,Adam Kadlec,889437,2003-07-06,296798,0,786453,786434,REVIEWED_TIMELINE,https://www.transfermarkt.de/fk-mlada-boleslav/kader/verein/5546/saison_id/2026/plus/1,5a8600e42926651e56482ac4dac8c6e5e0e3e1754eacf142566e811f0e9bca53,2026-09-12,APPLY_CONFIRMED_TIMELINE_WITH_GUARD_REPAIR,LOAN_END_AFTER_OWNER_CONTRACT,Local confirmed timeline says loan end 2029-06-30 after owner contract 2027-06-30; exact loan end cannot be synthesized safely.
FM27-0d4ee56383e851028668f34a,ESCALATE_TECHNICAL,FOOTBALL_RESOLVED_GUARD_REPAIR_REQUIRED,The project already marks the timeline row as confirmed; the failure is an exact-native/source/chronology guard problem. Treat the football destination as resolved and repair only the local technical guard/application path.,,TIMELINE_RESOLUTION,YES,"Confirmed timeline row failed exact native, source, or loan chronology guards",ENG1,Hull City,3008,Robinio Vaz,1131161,2007-02-17,283989,76410,1179662,917532,REVIEWED_TIMELINE,https://www.transfermarkt.de/hull-city/kader/verein/3008/saison_id/2026/plus/1,95d27e3b77eef2306101f2b6eab92a02d56308a31e0d34299be2fa82dcf331db,2026-09-12,APPLY_CONFIRMED_TIMELINE_WITH_GUARD_REPAIR,LOAN_END_AFTER_OWNER_CONTRACT,Local confirmed timeline says loan end 2030-06-30 after owner contract 2027-06-30; exact loan end cannot be synthesized safely.
FM27-114d5c4b67282886ff11b937,ESCALATE_TECHNICAL,FOOTBALL_RESOLVED_GUARD_REPAIR_REQUIRED,The project already marks the timeline row as confirmed; the failure is an exact-native/source/chronology guard problem. Treat the football destination as resolved and repair only the local technical guard/application path.,,TIMELINE_RESOLUTION,YES,"Confirmed timeline row failed exact native, source, or loan chronology guards",ESP1,UD Levante,3368,Petar Ratkov,846254,2003-08-18,264991,275978,262150,2949128,REVIEWED_TIMELINE,https://www.transfermarkt.de/ud-levante/kader/verein/3368/saison_id/2026/plus/1,53cacbbeea38cb2a390a7eeec2d36d336b94cb75602793ff1a9bacce28891775,2026-09-12,APPLY_CONFIRMED_TIMELINE_WITH_GUARD_REPAIR,LOAN_END_AFTER_OWNER_CONTRACT,Local confirmed timeline says loan end 2030-06-30 after owner contract 2027-06-30; exact loan end cannot be synthesized safely.
FM27-66275737cfb962f84258643b,ESCALATE_TECHNICAL,FOOTBALL_RESOLVED_GUARD_REPAIR_REQUIRED,The project already marks the timeline row as confirmed; the failure is an exact-native/source/chronology guard problem. Treat the football destination as resolved and repair only the local technical guard/application path.,,TIMELINE_RESOLUTION,YES,"Confirmed timeline row failed exact native, source, or loan chronology guards",ESP1,Racing Santander,630,Yassir Zabiri,1153105,2005-02-23,287701,74698,2490398,2949137,REVIEWED_TIMELINE,https://www.transfermarkt.de/racing-santander/kader/verein/630/saison_id/2026/plus/1,18a40c3ef461fb12859ab644f10535935a6e0f3b45aa680347aab5a3a4eda60f,2026-09-12,APPLY_CONFIRMED_TIMELINE_WITH_GUARD_REPAIR,LOAN_END_AFTER_OWNER_CONTRACT,Local confirmed timeline says loan end 2029-06-30 after owner contract 2027-06-30; exact loan end cannot be synthesized safely.
FM27-7aaf023765f86b01a6e71a75,ESCALATE_TECHNICAL,FOOTBALL_RESOLVED_GUARD_REPAIR_REQUIRED,The project already marks the timeline row as confirmed; the failure is an exact-native/source/chronology guard problem. Treat the football destination as resolved and repair only the local technical guard/application path.,,TIMELINE_RESOLUTION,YES,"Confirmed timeline row failed exact native, source, or loan chronology guards",FRA1,Stade Brest 29,3911,Noah Edjouma,1078326,2005-10-04,291091,278207,1179657,1179685,REVIEWED_TIMELINE,https://www.transfermarkt.de/stade-brest-29/kader/verein/3911/saison_id/2026/plus/1,52be2d44f637f0ec7c544f95926b9d75ac6bce6bd86bfa9e4cb57ec3bf957bda,2026-09-12,APPLY_CONFIRMED_TIMELINE_WITH_GUARD_REPAIR,LOAN_END_AFTER_OWNER_CONTRACT,Local confirmed timeline says loan end 2030-06-30 after owner contract 2027-06-30; exact loan end cannot be synthesized safely.
FM27-5fa3faff92231634c45f8433,ESCALATE_TECHNICAL,FOOTBALL_RESOLVED_GUARD_REPAIR_REQUIRED,The project already marks the timeline row as confirmed; the failure is an exact-native/source/chronology guard problem. Treat the football destination as resolved and repair only the local technical guard/application path.,,TIMELINE_RESOLUTION,YES,"Confirmed timeline row failed exact native, source, or loan chronology guards",FRA1,FC Lorient,1158,Souleymane Faye,666971,2003-02-08,285159,79547,2949245,1179673,REVIEWED_TIMELINE,https://www.transfermarkt.de/fc-lorient/kader/verein/1158/saison_id/2026/plus/1,8985aded9368fca7ce5d7744ed4210e43a27554002fd29e32ed7f2454f7c3087,2026-09-12,APPLY_CONFIRMED_TIMELINE_WITH_GUARD_REPAIR,LOAN_END_AFTER_OWNER_CONTRACT,Local confirmed timeline says loan end 2030-06-30 after owner contract 2027-06-30; exact loan end cannot be synthesized safely.
FM27-c8937c28b9cf68fd70016b4e,ESCALATE_TECHNICAL,FOOTBALL_RESOLVED_GUARD_REPAIR_REQUIRED,The project already marks the timeline row as confirmed; the failure is an exact-native/source/chronology guard problem. Treat the football destination as resolved and repair only the local technical guard/application path.,,TIMELINE_RESOLUTION,YES,"Confirmed timeline row failed exact native, source, or loan chronology guards",ITA1,Cagliari Calcio,1390,Yanis Massolin,915849,2002-09-20,292630,270341,1769497,1769480,REVIEWED_TIMELINE,https://www.transfermarkt.de/cagliari-calcio/kader/verein/1390/saison_id/2026/plus/1,4d01f720bf6b2fb484bfc759a9f95eef9ef2c8d8f167551e1c287b989aa09415,2026-09-12,APPLY_CONFIRMED_TIMELINE_WITH_GUARD_REPAIR,LOAN_END_AFTER_OWNER_CONTRACT,Local confirmed timeline says loan end 2030-06-30 after owner contract 2027-06-30; exact loan end cannot be synthesized safely.
FM27-b2da3debeff989bf91717722,ESCALATE_TECHNICAL,FOOTBALL_RESOLVED_GUARD_REPAIR_REQUIRED,The project already marks the timeline row as confirmed; the failure is an exact-native/source/chronology guard problem. Treat the football destination as resolved and repair only the local technical guard/application path.,,TIMELINE_RESOLUTION,YES,"Confirmed timeline row failed exact native, source, or loan chronology guards",NED1,SC Telstar,1434,Abdelnour Soualhia,944694,2001-06-27,71183,0,1180103,2228252,REVIEWED_TIMELINE,https://www.transfermarkt.de/sc-telstar/kader/verein/1434/saison_id/2026/plus/1,ae77e5dfbed0657e8ac7db9c5bfa54cdae9a9aa41389f9224cb5b1406e993f05,2026-09-12,APPLY_CONFIRMED_TIMELINE_WITH_GUARD_REPAIR,LOAN_END_AFTER_OWNER_CONTRACT,Local confirmed timeline says loan end 2028-06-30 after owner contract 2027-06-30; exact loan end cannot be synthesized safely.
FM27-5595ddc15451879dc30423ed,ESCALATE_TECHNICAL,FOOTBALL_RESOLVED_GUARD_REPAIR_REQUIRED,The project already marks the timeline row as confirmed; the failure is an exact-native/source/chronology guard problem. Treat the football destination as resolved and repair only the local technical guard/application path.,,TIMELINE_RESOLUTION,YES,"Confirmed timeline row failed exact native, source, or loan chronology guards",NED1,ADO Den Haag,1268,Othniël Raterink,997478,2006-04-07,136463,0,2228231,2228225,REVIEWED_TIMELINE,https://www.transfermarkt.de/ado-den-haag/kader/verein/1268/saison_id/2026/plus/1,474b264b880fdda2bb882ff0c9f03309d423ae1b25e36c87a1da879d192c71b0,2026-09-12,APPLY_CONFIRMED_TIMELINE_WITH_GUARD_REPAIR,LOAN_END_AFTER_OWNER_CONTRACT,Local confirmed timeline says loan end 2030-06-30 after owner contract 2027-06-30; exact loan end cannot be synthesized safely.
FM27-0ca773156b68400301c6b3c7,ESCALATE_TECHNICAL,FOOTBALL_RESOLVED_GUARD_REPAIR_REQUIRED,The project already marks the timeline row as confirmed; the failure is an exact-native/source/chronology guard problem. Treat the football destination as resolved and repair only the local technical guard/application path.,,TIMELINE_RESOLUTION,YES,"Confirmed timeline row failed exact native, source, or loan chronology guards",NED1,PEC Zwolle,1269,Sydney van Hooijdonk,439292,2000-02-06,294089,244601,2228229,2228260,REVIEWED_TIMELINE,https://www.transfermarkt.de/pec-zwolle/kader/verein/1269/saison_id/2026/plus/1,3c97a5a53b9cc8a25985b1e3597862074bc3460631aa78e06a0c54cb3648771b,2026-09-12,APPLY_CONFIRMED_TIMELINE_WITH_GUARD_REPAIR,LOAN_END_AFTER_OWNER_CONTRACT,Local confirmed timeline says loan end 2028-06-30 after owner contract 2027-06-30; exact loan end cannot be synthesized safely.
FM27-eafc3186bd5ee904c8838d53,ESCALATE_TECHNICAL,FOOTBALL_RESOLVED_GUARD_REPAIR_REQUIRED,The project already marks the timeline row as confirmed; the failure is an exact-native/source/chronology guard problem. Treat the football destination as resolved and repair only the local technical guard/application path.,,TIMELINE_RESOLUTION,YES,"Confirmed timeline row failed exact native, source, or loan chronology guards",POR1,Casa Pia AC,3268,Aymen Zouin,1188771,2006-12-29,278138,0,1769481,2494469,REVIEWED_TIMELINE,https://www.transfermarkt.de/casa-pia-ac/kader/verein/3268/saison_id/2026/plus/1,a3e2a5277eff3871e27db7ef969d3905123f5c71aebb08128024f85e9a547b72,2026-09-12,APPLY_CONFIRMED_TIMELINE_WITH_GUARD_REPAIR,LOAN_END_AFTER_OWNER_CONTRACT,Local confirmed timeline says loan end 2031-06-30 after owner contract 2027-06-30; exact loan end cannot be synthesized safely.
FM27-f19fc478f87df76ff5eb2711,ESCALATE_TECHNICAL,FOOTBALL_RESOLVED_GUARD_REPAIR_REQUIRED,The project already marks the timeline row as confirmed; the failure is an exact-native/source/chronology guard problem. Treat the football destination as resolved and repair only the local technical guard/application path.,,TIMELINE_RESOLUTION,YES,"Confirmed timeline row failed exact native, source, or loan chronology guards",POR1,CF Estrela Amadora,2431,Jeremy Arévalo,971663,2005-03-19,284614,277742,2949137,2490394,REVIEWED_TIMELINE,https://www.transfermarkt.de/cf-estrela-amadora/kader/verein/2431/saison_id/2026/plus/1,518e3a2e95f5774700d01db49dd50f80d4ccbc790493950412b68c785a7de654,2026-09-12,APPLY_CONFIRMED_TIMELINE_WITH_GUARD_REPAIR,LOAN_END_AFTER_OWNER_CONTRACT,Local confirmed timeline says loan end 2031-06-30 after owner contract 2027-06-30; exact loan end cannot be synthesized safely.
FM27-168354ebdd9bb58a7f14161d,ESCALATE_TECHNICAL,FOOTBALL_RESOLVED_GUARD_REPAIR_REQUIRED,The project already marks the timeline row as confirmed; the failure is an exact-native/source/chronology guard problem. Treat the football destination as resolved and repair only the local technical guard/application path.,,TIMELINE_RESOLUTION,YES,"Confirmed timeline row failed exact native, source, or loan chronology guards",POR1,FC Porto,720,Souza,1086258,2006-06-16,222649,0,3538955,2490380,REVIEWED_TIMELINE,https://www.transfermarkt.de/fc-porto/kader/verein/720/saison_id/2026/plus/1,f504c5834791d9c61a831eb02c7ad78c5d5b46e6bbc57108520832c20f2114e6,2026-09-12,APPLY_CONFIRMED_TIMELINE_WITH_GUARD_REPAIR,LOAN_END_AFTER_OWNER_CONTRACT,Local confirmed timeline says loan end 2031-06-30 after owner contract 2027-06-30; exact loan end cannot be synthesized safely.
FM27-09cbab854bc1276777511684,ESCALATE_TECHNICAL,FOOTBALL_RESOLVED_TECHNICAL_PLAN_REQUIRED,"External 2026/27 research resolves this as a current loan from native owner club_id 917518 to target club_id 458783, ending 2027-06-30. Use the project's proven active-loan start projection 2026-07-01.",,TRANSFER_TIMELINE,YES,Current loan requires owner and return-date evidence,BEL1,Lommel SK,5026,Isaiah Dada-Mascoll,938400,2006-05-24,262625,0,917518,458783,DOB_NAME,https://www.transfermarkt.de/lommel-sk/kader/verein/5026/saison_id/2026/plus/1,9ff756a9f65fb1a83d753e141d2c89530fd8a9311bba2096f5846c718c381d8a,2026-09-12,SET_CURRENT_LOAN,OWNER_CONTRACT_BEFORE_LOAN_END,"Native owner contract ends 2026-06-30, before resolved loan end 2027-06-30; no replacement contract date supplied."
FM27-c8f32b13e56a786343fa473e,ESCALATE_TECHNICAL,FOOTBALL_RESOLVED_TECHNICAL_PLAN_REQUIRED,"External 2026/27 research resolves this as a current loan from native owner club_id 1179782 to target club_id 471041, ending 2027-06-30. Use the project's proven active-loan start projection 2026-07-01.",,TRANSFER_TIMELINE,YES,Current loan requires owner and return-date evidence,BEL1,RAAL La Louvière,3901,Marius Courcoul,1075575,2007-01-01,290118,277484,1179782,471041,DOB_NAME,https://www.transfermarkt.de/raal-la-louviere/kader/verein/3901/saison_id/2026/plus/1,b03ed0837676e8c4516649bb0a99db01be8090988303411744be3df08ec3d3fe,2026-09-12,SET_CURRENT_LOAN,OWNER_CONTRACT_BEFORE_LOAN_END,"Native owner contract ends 2026-06-30, before resolved loan end 2027-06-30; no replacement contract date supplied."
FM27-06a3877101dd8e195b453def,ESCALATE_TECHNICAL,FOOTBALL_RESOLVED_TECHNICAL_PLAN_REQUIRED,"External 2026/27 research resolves this as a current loan from native owner club_id 790540 to target club_id 458781, ending 2027-06-30. Use the project's proven active-loan start projection 2026-07-01.",,TRANSFER_TIMELINE,YES,Current loan requires owner and return-date evidence,BEL1,KV Kortrijk,601,Rok Storman,1050404,2004-09-04,11252,0,790540,458781,DOB_NAME,https://www.transfermarkt.de/kv-kortrijk/kader/verein/601/saison_id/2026/plus/1,a4999f54d8da64602d94dda7998adfe30af76e24e0c684550e581e845d6cfc0c,2026-09-12,SET_CURRENT_LOAN,OWNER_CONTRACT_BEFORE_LOAN_END,"Native owner contract ends 2026-06-30, before resolved loan end 2027-06-30; no replacement contract date supplied."
FM27-e5665f7d067e734b83445291,ESCALATE_TECHNICAL,FOOTBALL_RESOLVED_TECHNICAL_PLAN_REQUIRED,"External 2026/27 research resolves this as a current loan from native owner club_id 10682378 to target club_id 458775, ending 2027-06-30. Use the project's proven active-loan start projection 2026-07-01.",,TRANSFER_TIMELINE,YES,Current loan requires owner and return-date evidence,BEL1,Oud-Heverlee Leuven,2727,Takuya Ogiwara,492730,1999-11-23,55444,242061,10682378,458775,DOB_NAME,https://www.transfermarkt.de/oud-heverlee-leuven/kader/verein/2727/saison_id/2026/plus/1,13369b1472ae4137934608499f3a290781d8b7a96223b8e0488ea6f56621495e,2026-09-12,SET_CURRENT_LOAN,OWNER_CONTRACT_BEFORE_LOAN_END,"Native owner contract ends 2026-06-30, before resolved loan end 2027-06-30; no replacement contract date supplied."
FM27-4d5cbfd5f590c3b3067dcb8e,ESCALATE_TECHNICAL,FOOTBALL_RESOLVED_TECHNICAL_PLAN_REQUIRED,"External 2026/27 research resolves this as a current loan from native owner club_id 1376263 to target club_id 471041, ending 2027-06-30. Use the project's proven active-loan start projection 2026-07-01.",,TRANSFER_TIMELINE,YES,Current loan requires owner and return-date evidence,BEL1,RAAL La Louvière,3901,Tiago Pereira Cardoso,926301,2006-04-07,279850,70904,1376263,471041,DOB_NAME,https://www.transfermarkt.de/raal-la-louviere/kader/verein/3901/saison_id/2026/plus/1,b03ed0837676e8c4516649bb0a99db01be8090988303411744be3df08ec3d3fe,2026-09-12,SET_CURRENT_LOAN,OWNER_CONTRACT_BEFORE_LOAN_END,"Native owner contract ends 2026-06-30, before resolved loan end 2027-06-30; no replacement contract date supplied."
FM27-1d3a63bc701d86b36c1f1431,ESCALATE_TECHNICAL,FOOTBALL_RESOLVED_TECHNICAL_PLAN_REQUIRED,"External 2026/27 research resolves this as a current loan from native owner club_id 2949167 to target club_id 786438, ending 2027-06-30. Use the project's proven active-loan start projection 2026-07-01.",,TRANSFER_TIMELINE,YES,Current loan requires owner and return-date evidence,CZE1,FC Slovan Liberec,697,David Hamansenya,1401055,2007-06-24,284131,0,2949167,786438,DOB_NAME,https://www.transfermarkt.de/fc-slovan-liberec/kader/verein/697/saison_id/2026/plus/1,6aba2d7156fcbb82e5f0f245492c388de338ad498bd8ff4bd953a9b7fb194317,2026-09-12,SET_CURRENT_LOAN,OWNER_CONTRACT_BEFORE_LOAN_END,"Native owner contract ends 2026-06-30, before resolved loan end 2027-06-30; no replacement contract date supplied."
FM27-937364de9e9e54d0197aadcd,ESCALATE_TECHNICAL,FOOTBALL_RESOLVED_TECHNICAL_PLAN_REQUIRED,"External 2026/27 research resolves this as a current loan from native owner club_id 786442 to target club_id 786437, ending 2027-06-30. Use the project's proven active-loan start projection 2026-07-01.",,TRANSFER_TIMELINE,YES,Current loan requires owner and return-date evidence,CZE1,FK Jablonec,1322,Dominik Hollý,802836,2003-11-11,295996,70867,786442,786437,DOB_NAME,https://www.transfermarkt.de/fk-jablonec/kader/verein/1322/saison_id/2026/plus/1,fa6bc207fa67c20e0cd9ca574d81e19d3d8b6b77840b71993b1620a5a4b28b21,2026-09-12,SET_CURRENT_LOAN,OWNER_CONTRACT_BEFORE_LOAN_END,"Native owner contract ends 2026-06-30, before resolved loan end 2027-06-30; no replacement contract date supplied."
FM27-9690cc6350a2633b61dcc53f,ESCALATE_TECHNICAL,FOOTBALL_RESOLVED_TECHNICAL_PLAN_REQUIRED,"External 2026/27 research resolves this as a current loan from native owner club_id 790538 to target club_id 786437, ending 2027-06-30. Use the project's proven active-loan start projection 2026-07-01.",,TRANSFER_TIMELINE,YES,Current loan requires owner and return-date evidence,CZE1,FK Jablonec,1322,Filip Vecheta,652051,2003-02-15,11552,0,790538,786437,DOB_NAME,https://www.transfermarkt.de/fk-jablonec/kader/verein/1322/saison_id/2026/plus/1,fa6bc207fa67c20e0cd9ca574d81e19d3d8b6b77840b71993b1620a5a4b28b21,2026-09-12,SET_CURRENT_LOAN,OWNER_CONTRACT_BEFORE_LOAN_END,"Native owner contract ends 2026-06-30, before resolved loan end 2027-06-30; no replacement contract date supplied."
FM27-ee4290f7ccd638c2bf06b01b,ESCALATE_TECHNICAL,FOOTBALL_RESOLVED_TECHNICAL_PLAN_REQUIRED,"External 2026/27 research resolves this as a current loan from native owner club_id 790540 to target club_id 790538, ending 2026-12-31. Use the project's proven active-loan start projection 2026-07-01.",,TRANSFER_TIMELINE,YES,Current loan requires owner and return-date evidence,CZE1,FK Pardubice,1496,Vladimir Neuman,668311,2000-02-10,11264,0,790540,790538,DOB_NAME,https://www.transfermarkt.de/fk-pardubice/kader/verein/1496/saison_id/2026/plus/1,ff994ed3554101d4e2a5377d206e013ac142ca4f73f68a0c406e2cc0d305e0ef,2026-09-12,SET_CURRENT_LOAN,OWNER_CONTRACT_BEFORE_LOAN_END,"Native owner contract ends 2026-06-30, before resolved loan end 2026-12-31; no replacement contract date supplied."
FM27-1b6607c64d7ec348edd65aee,ESCALATE_TECHNICAL,FOOTBALL_RESOLVED_TECHNICAL_PLAN_REQUIRED,"External 2026/27 research resolves this as a current loan from native owner club_id 917518 to target club_id 917530, ending 2027-06-30. Use the project's proven active-loan start projection 2026-07-01.",,TRANSFER_TIMELINE,YES,Current loan requires owner and return-date evidence,ENG1,Coventry City,990,Stephen Mfuni,1049020,2008-02-12,262642,0,917518,917530,DOB_NAME,https://www.transfermarkt.de/coventry-city/kader/verein/990/saison_id/2026/plus/1,f8b6df3a235487785b5388c90b2e9ed50f43a330cba1ff3e2ab5138484452aae,2026-09-12,SET_CURRENT_LOAN,OWNER_CONTRACT_BEFORE_LOAN_END,"Native owner contract ends 2026-06-30, before resolved loan end 2027-06-30; no replacement contract date supplied."
FM27-e1c852485bb75c71d42944bb,ESCALATE_TECHNICAL,FOOTBALL_RESOLVED_TECHNICAL_PLAN_REQUIRED,External research confirms an active 2026/27 loan from owner club_id 3407878 to target club_id 2949128. Preserve the typed condition semantics and encode the current loan with the proven start projection.,,TYPED_CONDITION,YES,"Existing future, retirement, ban, or other condition requires a preserving typed plan",ESP1,UD Levante,3368,Thiago Fernández,1127730,2004-04-03,212122,275205,3407878,2949128,DOB_NAME,https://www.transfermarkt.de/ud-levante/kader/verein/3368/saison_id/2026/plus/1,53cacbbeea38cb2a390a7eeec2d36d336b94cb75602793ff1a9bacce28891775,2026-09-12,SET_CURRENT_LOAN_PRESERVE_TYPED_CONDITION,OWNER_CONTRACT_BEFORE_LOAN_END,"Native owner contract ends 2026-06-30, before resolved loan end 2027-06-30; no replacement contract date supplied."
FM27-d881b53f16806f9c4eac7f9f,ESCALATE_TECHNICAL,FOOTBALL_RESOLVED_TECHNICAL_PLAN_REQUIRED,"External 2026/27 research resolves this as a current loan from native owner club_id 3538985 to target club_id 1179682, ending 2027-06-30. Use the project's proven active-loan start projection 2026-07-01.",,TRANSFER_TIMELINE,YES,Current loan requires owner and return-date evidence,FRA1,FC Le Mans,1164,Enzo Vagner,1027788,2006-07-28,222801,0,3538985,1179682,DOB_NAME,https://www.transfermarkt.de/fc-le-mans/kader/verein/1164/saison_id/2026/plus/1,3a1590b4702d0adc2e4906566f51e78d043b0e625e92b825b4e3d1a572fd483c,2026-09-12,SET_CURRENT_LOAN,OWNER_CONTRACT_BEFORE_LOAN_END,"Native owner contract ends 2026-06-30, before resolved loan end 2027-06-30; no replacement contract date supplied."
FM27-241531f900caf204310a7388,ESCALATE_TECHNICAL,FOOTBALL_RESOLVED_TECHNICAL_PLAN_REQUIRED,"External 2026/27 research resolves this as a current loan from native owner club_id 1376433 to target club_id 1376421, ending 2027-06-30. Use the project's proven active-loan start projection 2026-07-01.",,TRANSFER_TIMELINE,YES,Current loan requires owner and return-date evidence,GER1,SC Paderborn 07,127,Deniz Zeitler,1108022,2006-12-13,280198,279116,1376433,1376421,DOB_NAME,https://www.transfermarkt.de/sc-paderborn-07/kader/verein/127/saison_id/2026/plus/1,2bc1c2dc6af19cdfe4c15f929f45c9c1b3aeb6d1349fe49c0cbceca9a06d7cde,2026-09-12,SET_CURRENT_LOAN,OWNER_CONTRACT_BEFORE_LOAN_END,"Native owner contract ends 2026-06-30, before resolved loan end 2027-06-30; no replacement contract date supplied."
FM27-066e05b6c4579bb77c55e279,ESCALATE_TECHNICAL,FOOTBALL_RESOLVED_TECHNICAL_PLAN_REQUIRED,"External 2026/27 research resolves this as a current loan from native owner club_id 1376270 to target club_id 1376271, ending 2027-06-30. Use the project's proven active-loan start projection 2026-07-01.",,TRANSFER_TIMELINE,YES,Current loan requires owner and return-date evidence,GER1,SV Werder Bremen,86,Eren Dinkçi,645774,2001-12-13,277861,258316,1376270,1376271,DOB_NAME,https://www.transfermarkt.de/sv-werder-bremen/kader/verein/86/saison_id/2026/plus/1,0a7e36159d0c7ffd555ab7f3ffa226b0cf286e7a1a009e2dca794bd509bbd26e,2026-09-12,SET_CURRENT_LOAN,OWNER_CONTRACT_BEFORE_LOAN_END,"Native owner contract ends 2026-06-30, before resolved loan end 2027-06-30; no replacement contract date supplied."
FM27-8a4bd8784f0598fa5d769188,ESCALATE_TECHNICAL,FOOTBALL_RESOLVED_TECHNICAL_PLAN_REQUIRED,"External 2026/27 research resolves this as a current loan from native owner club_id 1376301 to target club_id 1376278, ending 2027-06-30. Use the project's proven active-loan start projection 2026-07-01.",,TRANSFER_TIMELINE,YES,Current loan requires owner and return-date evidence,GER2,SG Dynamo Dresden,129,Kennedy Okpala,1104418,2004-12-17,272084,274999,1376301,1376278,DOB_NAME,https://www.transfermarkt.de/sg-dynamo-dresden/kader/verein/129/saison_id/2026/plus/1,e7de409708fb7109444d4f9163d9959ec24a63b876d33dbfb1a3f2afff6bb65f,2026-09-12,SET_CURRENT_LOAN,OWNER_CONTRACT_BEFORE_LOAN_END,"Native owner contract ends 2026-06-30, before resolved loan end 2027-06-30; no replacement contract date supplied."
FM27-fc378fd08ff871fc0ec2f7b3,ESCALATE_TECHNICAL,FOOTBALL_RESOLVED_TECHNICAL_PLAN_REQUIRED,"External 2026/27 research resolves this as a current loan from native owner club_id 1376271 to target club_id 1376278, ending 2027-06-30. Use the project's proven active-loan start projection 2026-07-01.",,TRANSFER_TIMELINE,YES,Current loan requires owner and return-date evidence,GER2,SG Dynamo Dresden,129,Patrice Covic,1114155,2007-06-25,280808,76111,1376271,1376278,DOB_NAME,https://www.transfermarkt.de/sg-dynamo-dresden/kader/verein/129/saison_id/2026/plus/1,e7de409708fb7109444d4f9163d9959ec24a63b876d33dbfb1a3f2afff6bb65f,2026-09-12,SET_CURRENT_LOAN,OWNER_CONTRACT_BEFORE_LOAN_END,"Native owner contract ends 2026-06-30, before resolved loan end 2027-06-30; no replacement contract date supplied."
FM27-944ff0d9f835811bad952b68,ESCALATE_TECHNICAL,FOOTBALL_RESOLVED_TECHNICAL_PLAN_REQUIRED,"External 2026/27 research resolves this as a current loan from native owner club_id 1376888 to target club_id 1376539, ending 2027-06-30. Use the project's proven active-loan start projection 2026-07-01.",,TRANSFER_TIMELINE,YES,Current loan requires owner and return-date evidence,GER3,TSV Havelse 1912,476,Alexander Guiddir,1292676,2006-12-12,101936,0,1376888,1376539,DOB_NAME,https://www.transfermarkt.de/tsv-havelse/kader/verein/476/saison_id/2026/plus/1,b4490298444b6e31458c6e927b4ab3fff5378977e083c471be7a43b9938c0f59,2026-09-12,SET_CURRENT_LOAN,OWNER_CONTRACT_BEFORE_LOAN_END,"Native owner contract ends 2026-06-30, before resolved loan end 2027-06-30; no replacement contract date supplied."
FM27-a6dff50478fd295a3130d96d,ESCALATE_TECHNICAL,FOOTBALL_RESOLVED_TECHNICAL_PLAN_REQUIRED,"External 2026/27 research resolves this as a current loan from native owner club_id 1376283 to target club_id 1376429, ending 2027-06-30. Use the project's proven active-loan start projection 2026-07-01.",,TRANSFER_TIMELINE,YES,Current loan requires owner and return-date evidence,GER3,Fortuna Düsseldorf 1895,38,Andreas Müller,438315,2000-07-20,276193,257283,1376283,1376429,DOB_NAME,https://www.transfermarkt.de/fortuna-dusseldorf/kader/verein/38/saison_id/2026/plus/1,05373c5cfa7534d6542a7839a6b4faf710e30f1746f3272457fd8dbea4ba1976,2026-09-12,SET_CURRENT_LOAN,OWNER_CONTRACT_BEFORE_LOAN_END,"Native owner contract ends 2026-06-30, before resolved loan end 2027-06-30; no replacement contract date supplied."
FM27-dfc472c5f7aa295a7b58ddd4,ESCALATE_TECHNICAL,FOOTBALL_RESOLVED_TECHNICAL_PLAN_REQUIRED,External research confirms an active 2026/27 loan from owner club_id 1376270 to target club_id 1376265. Preserve the typed condition semantics and encode the current loan with the proven start projection.,,TYPED_CONDITION,YES,"Existing future, retirement, ban, or other condition requires a preserving typed plan",GER3,FC Hansa Rostock,30,Jaaso Jantunen,741578,2005-01-31,277876,274568,1376270,1376265,DOB_NAME,https://www.transfermarkt.de/fc-hansa-rostock/kader/verein/30/saison_id/2026/plus/1,6da33a7ccf32faa9ebb0b7823a0ee5537fb70bfe8ee363795199b5de4015e0f1,2026-09-12,SET_CURRENT_LOAN_PRESERVE_TYPED_CONDITION,OWNER_CONTRACT_BEFORE_LOAN_END,"Native owner contract ends 2026-06-30, before resolved loan end 2027-06-30; no replacement contract date supplied."
FM27-479574459f81b0ade32cdd54,ESCALATE_TECHNICAL,FOOTBALL_RESOLVED_TECHNICAL_PLAN_REQUIRED,"External 2026/27 research resolves this as a current loan from native owner club_id 1376273 to target club_id 1376272, ending 2027-06-30. Use the project's proven active-loan start projection 2026-07-01.",,TRANSFER_TIMELINE,YES,Current loan requires owner and return-date evidence,GER3,VfB Stuttgart,102,Jonathan Akaegbobi,905404,2006-04-25,275318,74561,1376273,1376272,DOB_NAME,https://www.transfermarkt.de/vfb-stuttgart-ii/kader/verein/102/saison_id/2026/plus/1,282836c83b3d06fc536ab783944214e6762cd5b47e8b5db9908690b0565ef593,2026-09-12,SET_CURRENT_LOAN,OWNER_CONTRACT_BEFORE_LOAN_END,"Native owner contract ends 2026-06-30, before resolved loan end 2027-06-30; no replacement contract date supplied."
FM27-80a966f061ae4886d5462ffb,ESCALATE_TECHNICAL,FOOTBALL_RESOLVED_TECHNICAL_PLAN_REQUIRED,"External 2026/27 research resolves this as a current loan from native owner club_id 1376273 to target club_id 1376276, ending 2027-06-30. Use the project's proven active-loan start projection 2026-07-01.",,TRANSFER_TIMELINE,YES,Current loan requires owner and return-date evidence,GER3,TSV Alemannia Aachen,8,Kacper Koscierski,1058515,2007-06-23,275305,78776,1376273,1376276,DOB_NAME,https://www.transfermarkt.de/alemannia-aachen/kader/verein/8/saison_id/2026/plus/1,d50319c6c39283dd66c83e32c0e53c0fbab8eb26ba138f0fe6e86b3dfc2b9c0b,2026-09-12,SET_CURRENT_LOAN,OWNER_CONTRACT_BEFORE_LOAN_END,"Native owner contract ends 2026-06-30, before resolved loan end 2027-06-30; no replacement contract date supplied."
FM27-50bd18c646817442157b6659,ESCALATE_TECHNICAL,FOOTBALL_RESOLVED_TECHNICAL_PLAN_REQUIRED,"External 2026/27 research resolves this as a current loan from native owner club_id 1376267 to target club_id 1376429, ending 2027-06-30. Use the project's proven active-loan start projection 2026-07-01.",,TRANSFER_TIMELINE,YES,Current loan requires owner and return-date evidence,GER3,Fortuna Düsseldorf 1895,38,Lukas Bornschein,910590,2005-06-03,275665,0,1376267,1376429,DOB_NAME,https://www.transfermarkt.de/fortuna-dusseldorf/kader/verein/38/saison_id/2026/plus/1,05373c5cfa7534d6542a7839a6b4faf710e30f1746f3272457fd8dbea4ba1976,2026-09-12,SET_CURRENT_LOAN,OWNER_CONTRACT_BEFORE_LOAN_END,"Native owner contract ends 2026-06-30, before resolved loan end 2027-06-30; no replacement contract date supplied."
FM27-4e7f7b03a9929d5531a17513,ESCALATE_TECHNICAL,FOOTBALL_RESOLVED_TECHNICAL_PLAN_REQUIRED,"External 2026/27 research resolves this as a current loan from native owner club_id 1376271 to target club_id 1376419, ending 2027-06-30. Use the project's proven active-loan start projection 2026-07-01.",,TRANSFER_TIMELINE,YES,Current loan requires owner and return-date evidence,GER3,SC Preußen Münster,91,Wesley Adeh,1074523,2007-01-08,280811,75461,1376271,1376419,DOB_NAME,https://www.transfermarkt.de/preussen-munster/kader/verein/91/saison_id/2026/plus/1,358c233225c0f06e8cc0ea5bfec52949f3501471b53e29edc807611cd04332ae,2026-09-12,SET_CURRENT_LOAN,OWNER_CONTRACT_BEFORE_LOAN_END,"Native owner contract ends 2026-06-30, before resolved loan end 2027-06-30; no replacement contract date supplied."
FM27-a1299c8d8bc5affeaeaa719f,ESCALATE_TECHNICAL,FOOTBALL_RESOLVED_TECHNICAL_PLAN_REQUIRED,"External 2026/27 research resolves this as a current loan from native owner club_id 1769476 to target club_id 1769480, ending 2027-06-30. Use the project's proven active-loan start projection 2026-07-01.",,TRANSFER_TIMELINE,YES,Current loan requires owner and return-date evidence,ITA1,Cagliari Calcio,1390,Alessandro Romano,911224,2006-06-17,278498,0,1769476,1769480,DOB_NAME,https://www.transfermarkt.de/cagliari-calcio/kader/verein/1390/saison_id/2026/plus/1,4d01f720bf6b2fb484bfc759a9f95eef9ef2c8d8f167551e1c287b989aa09415,2026-09-12,SET_CURRENT_LOAN,OWNER_CONTRACT_BEFORE_LOAN_END,"Native owner contract ends 2026-06-30, before resolved loan end 2027-06-30; no replacement contract date supplied."
FM27-e08f396e6fc94de2438d52bc,ESCALATE_TECHNICAL,FOOTBALL_RESOLVED_TECHNICAL_PLAN_REQUIRED,"External 2026/27 research resolves this as a current loan from native owner club_id 917551 to target club_id 2228252, ending 2027-06-30. Use the project's proven active-loan start projection 2026-07-01.",,TRANSFER_TIMELINE,YES,Current loan requires owner and return-date evidence,NED1,SC Telstar,1434,Ar'jany Martha,572519,2003-09-04,267780,264221,917551,2228252,DOB_NAME,https://www.transfermarkt.de/sc-telstar/kader/verein/1434/saison_id/2026/plus/1,ae77e5dfbed0657e8ac7db9c5bfa54cdae9a9aa41389f9224cb5b1406e993f05,2026-09-12,SET_CURRENT_LOAN,OWNER_CONTRACT_BEFORE_LOAN_END,"Native owner contract ends 2026-06-30, before resolved loan end 2027-06-30; no replacement contract date supplied."
FM27-49f810fbbc38d20d11181693,ESCALATE_TECHNICAL,FOOTBALL_RESOLVED_TECHNICAL_PLAN_REQUIRED,"External 2026/27 research resolves this as a current loan from native owner club_id 917519 to target club_id 2228239, ending 2027-06-30. Use the project's proven active-loan start projection 2026-07-01.",,TRANSFER_TIMELINE,YES,Current loan requires owner and return-date evidence,NED1,Willem II Tilburg,403,Chido Obi,1042886,2007-11-29,261742,77354,917519,2228239,DOB_NAME,https://www.transfermarkt.de/willem-ii-tilburg/kader/verein/403/saison_id/2026/plus/1,032766443b9dd7e08c2a2a00943278f8412892d9f759e398b82d7ef4e594d0db,2026-09-12,SET_CURRENT_LOAN,OWNER_CONTRACT_BEFORE_LOAN_END,"Native owner contract ends 2026-06-30, before resolved loan end 2027-06-30; no replacement contract date supplied."
FM27-2017caa6c2c4cd8716cc8cc8,ESCALATE_TECHNICAL,FOOTBALL_RESOLVED_TECHNICAL_PLAN_REQUIRED,"External 2026/27 research resolves this as a current loan from native owner club_id 1507348 to target club_id 2490376, ending 2027-06-30. Use the project's proven active-loan start projection 2026-07-01.",,TRANSFER_TIMELINE,YES,Current loan requires owner and return-date evidence,POR1,CS Marítimo,1301,Gábor Szalai,830057,2000-06-09,107257,275644,1507348,2490376,DOB_NAME,https://www.transfermarkt.de/cs-maritimo/kader/verein/1301/saison_id/2026/plus/1,5cfc233404ec9b89440eac630270b3e1ade7aaa468abf0d7c72a774e94f85e1b,2026-09-12,SET_CURRENT_LOAN,OWNER_CONTRACT_BEFORE_LOAN_END,"Native owner contract ends 2026-06-30, before resolved loan end 2027-06-30; no replacement contract date supplied."
FM27-c071730d62e966d5d9d57551,ESCALATE_TECHNICAL,FOOTBALL_RESOLVED_TECHNICAL_PLAN_REQUIRED,"External 2026/27 research resolves this as a current loan from native owner club_id 3932165 to target club_id 2490394, ending 2027-06-30. Use the project's proven active-loan start projection 2026-07-01.",,TRANSFER_TIMELINE,YES,Current loan requires owner and return-date evidence,POR1,CF Estrela Amadora,2431,Rodrigo Dudok,1062317,2007-07-23,243328,0,3932165,2490394,DOB_NAME,https://www.transfermarkt.de/cf-estrela-amadora/kader/verein/2431/saison_id/2026/plus/1,518e3a2e95f5774700d01db49dd50f80d4ccbc790493950412b68c785a7de654,2026-09-12,SET_CURRENT_LOAN,OWNER_CONTRACT_BEFORE_LOAN_END,"Native owner contract ends 2026-06-30, before resolved loan end 2027-06-30; no replacement contract date supplied."
FM27-6c10dbc8468cd93ad773a377,ESCALATE_TECHNICAL,FOOTBALL_RESOLVED_TECHNICAL_PLAN_REQUIRED,"External 2026/27 research resolves this as a current loan from native owner club_id 2228241 to target club_id 2490372, ending 2027-06-30. Use the project's proven active-loan start projection 2026-07-01.",,TRANSFER_TIMELINE,YES,Current loan requires owner and return-date evidence,POR1,Benfica Lissabon,294,Souffian El Karouani,541134,2000-10-19,294870,262473,2228241,2490372,DOB_NAME,https://www.transfermarkt.de/benfica-lissabon/kader/verein/294/saison_id/2026/plus/1,957c9f94e6a34a4cd8987a26892c35f410ec61ced30153d1842a28e3a5d61504,2026-09-12,SET_CURRENT_LOAN,OWNER_CONTRACT_BEFORE_LOAN_END,"Native owner contract ends 2026-06-30, before resolved loan end 2027-06-30; no replacement contract date supplied."
FM27-80751647d7d87674c9a404d6,ESCALATE_TECHNICAL,FOOTBALL_RESOLVED_TECHNICAL_PLAN_REQUIRED,"External 2026/27 research resolves this as a current loan from native owner club_id 12451844 to target club_id 3145820, ending 2027-06-30. Use the project's proven active-loan start projection 2026-07-01.",,TRANSFER_TIMELINE,YES,Current loan requires owner and return-date evidence,TUR1,Göztepe,1467,Richard Akonnor,1081721,2004-02-06,85463,0,12451844,3145820,DOB_NAME,https://www.transfermarkt.de/goztepe/kader/verein/1467/saison_id/2026/plus/1,7e750ea20c17f8114b86f2de82ca9a2830fe95988c05d73fe5e72a2f70c29e0f,2026-09-12,SET_CURRENT_LOAN,OWNER_CONTRACT_BEFORE_LOAN_END,"Native owner contract ends 2026-06-30, before resolved loan end 2027-06-30; no replacement contract date supplied."
