competition_id,slot,club_id,team_type,status,source,source_sha256,snapshot_date
117506048,1,458780,FIRST,CONFIRMED,https://www.proleague.be/jpl-clubs,0a77b79bd718cfbbe545d18334177e3c460c15dd5a98a53a59430147320f25a1,2026-09-12
117506048,2,458756,FIRST,CONFIRMED,https://www.proleague.be/jpl-clubs,0a77b79bd718cfbbe545d18334177e3c460c15dd5a98a53a59430147320f25a1,2026-09-12
117506048,3,458768,FIRST,CONFIRMED,https://www.proleague.be/jpl-clubs,0a77b79bd718cfbbe545d18334177e3c460c15dd5a98a53a59430147320f25a1,2026-09-12
117506048,4,458766,FIRST,CONFIRMED,https://www.proleague.be/jpl-clubs,0a77b79bd718cfbbe545d18334177e3c460c15dd5a98a53a59430147320f25a1,2026-09-12
117506048,5,458785,FIRST,CONFIRMED,https://www.proleague.be/jpl-clubs,0a77b79bd718cfbbe545d18334177e3c460c15dd5a98a53a59430147320f25a1,2026-09-12
117506048,6,458753,FIRST,CONFIRMED,https://www.proleague.be/jpl-clubs,0a77b79bd718cfbbe545d18334177e3c460c15dd5a98a53a59430147320f25a1,2026-09-12
117506048,7,458761,FIRST,CONFIRMED,https://www.proleague.be/jpl-clubs,0a77b79bd718cfbbe545d18334177e3c460c15dd5a98a53a59430147320f25a1,2026-09-12
117506048,8,458763,FIRST,CONFIRMED,https://www.proleague.be/jpl-clubs,0a77b79bd718cfbbe545d18334177e3c460c15dd5a98a53a59430147320f25a1,2026-09-12
117506048,9,458787,FIRST,CONFIRMED,https://www.proleague.be/jpl-clubs,0a77b79bd718cfbbe545d18334177e3c460c15dd5a98a53a59430147320f25a1,2026-09-12
117506048,10,458781,FIRST,CONFIRMED,https://www.proleague.be/jpl-clubs,0a77b79bd718cfbbe545d18334177e3c460c15dd5a98a53a59430147320f25a1,2026-09-12
117506048,11,458760,FIRST,CONFIRMED,https://www.proleague.be/jpl-clubs,0a77b79bd718cfbbe545d18334177e3c460c15dd5a98a53a59430147320f25a1,2026-09-12
117506048,12,458775,FIRST,CONFIRMED,https://www.proleague.be/jpl-clubs,0a77b79bd718cfbbe545d18334177e3c460c15dd5a98a53a59430147320f25a1,2026-09-12
117506048,13,458759,FIRST,CONFIRMED,https://www.proleague.be/jpl-clubs,0a77b79bd718cfbbe545d18334177e3c460c15dd5a98a53a59430147320f25a1,2026-09-12
117506048,14,458755,FIRST,CONFIRMED,https://www.proleague.be/jpl-clubs,0a77b79bd718cfbbe545d18334177e3c460c15dd5a98a53a59430147320f25a1,2026-09-12
117506048,15,458782,FIRST,CONFIRMED,https://www.proleague.be/jpl-clubs,0a77b79bd718cfbbe545d18334177e3c460c15dd5a98a53a59430147320f25a1,2026-09-12
117506048,16,471041,FIRST,CONFIRMED,https://www.proleague.be/jpl-clubs,0a77b79bd718cfbbe545d18334177e3c460c15dd5a98a53a59430147320f25a1,2026-09-12
117506048,17,458788,FIRST,CONFIRMED,https://www.proleague.be/jpl-clubs,0a77b79bd718cfbbe545d18334177e3c460c15dd5a98a53a59430147320f25a1,2026-09-12
117506048,18,458783,FIRST,CONFIRMED,https://www.proleague.be/jpl-clubs,0a77b79bd718cfbbe545d18334177e3c460c15dd5a98a53a59430147320f25a1,2026-09-12
117506049,1,458795,FIRST,CONFIRMED,https://www.proleague.be/nieuws/kalender-2026-2027-nieuwkomers-treffen-elkaar-meteen-in-challenger-pro-league,71822f607f818e067fa459ea4a3ee505729232457449dd496e0374af81aecc05,2026-09-12
117506049,2,458802,FIRST,CONFIRMED,https://www.proleague.be/nieuws/kalender-2026-2027-nieuwkomers-treffen-elkaar-meteen-in-challenger-pro-league,71822f607f818e067fa459ea4a3ee505729232457449dd496e0374af81aecc05,2026-09-12
117506049,3,458772,FIRST,CONFIRMED,https://www.proleague.be/nieuws/kalender-2026-2027-nieuwkomers-treffen-elkaar-meteen-in-challenger-pro-league,71822f607f818e067fa459ea4a3ee505729232457449dd496e0374af81aecc05,2026-09-12
117506049,4,462867,FIRST,CONFIRMED,https://www.proleague.be/nieuws/kalender-2026-2027-nieuwkomers-treffen-elkaar-meteen-in-challenger-pro-league,71822f607f818e067fa459ea4a3ee505729232457449dd496e0374af81aecc05,2026-09-12
117506049,5,458793,FIRST,CONFIRMED,https://www.proleague.be/nieuws/kalender-2026-2027-nieuwkomers-treffen-elkaar-meteen-in-challenger-pro-league,71822f607f818e067fa459ea4a3ee505729232457449dd496e0374af81aecc05,2026-09-12
117506049,6,462858,FIRST,CONFIRMED,https://www.proleague.be/nieuws/kalender-2026-2027-nieuwkomers-treffen-elkaar-meteen-in-challenger-pro-league,71822f607f818e067fa459ea4a3ee505729232457449dd496e0374af81aecc05,2026-09-12
117506049,7,458756,RESERVE,CONFIRMED,https://www.proleague.be/nieuws/kalender-2026-2027-nieuwkomers-treffen-elkaar-meteen-in-challenger-pro-league,71822f607f818e067fa459ea4a3ee505729232457449dd496e0374af81aecc05,2026-09-12
117506049,8,462931,FIRST,CONFIRMED,https://www.proleague.be/nieuws/kalender-2026-2027-nieuwkomers-treffen-elkaar-meteen-in-challenger-pro-league,71822f607f818e067fa459ea4a3ee505729232457449dd496e0374af81aecc05,2026-09-12
117506049,9,458801,FIRST,CONFIRMED,https://www.proleague.be/nieuws/kalender-2026-2027-nieuwkomers-treffen-elkaar-meteen-in-challenger-pro-league,71822f607f818e067fa459ea4a3ee505729232457449dd496e0374af81aecc05,2026-09-12
117506049,10,458773,FIRST,CONFIRMED,https://www.proleague.be/nieuws/kalender-2026-2027-nieuwkomers-treffen-elkaar-meteen-in-challenger-pro-league,71822f607f818e067fa459ea4a3ee505729232457449dd496e0374af81aecc05,2026-09-12
117506049,11,462979,FIRST,CONFIRMED,https://www.proleague.be/nieuws/kalender-2026-2027-nieuwkomers-treffen-elkaar-meteen-in-challenger-pro-league,71822f607f818e067fa459ea4a3ee505729232457449dd496e0374af81aecc05,2026-09-12
117506049,12,458766,RESERVE,CONFIRMED,https://www.proleague.be/nieuws/kalender-2026-2027-nieuwkomers-treffen-elkaar-meteen-in-challenger-pro-league,71822f607f818e067fa459ea4a3ee505729232457449dd496e0374af81aecc05,2026-09-12
117506049,13,458822,FIRST,CONFIRMED,https://www.proleague.be/nieuws/kalender-2026-2027-nieuwkomers-treffen-elkaar-meteen-in-challenger-pro-league,71822f607f818e067fa459ea4a3ee505729232457449dd496e0374af81aecc05,2026-09-12
117506049,14,458768,RESERVE,CONFIRMED,https://www.proleague.be/nieuws/kalender-2026-2027-nieuwkomers-treffen-elkaar-meteen-in-challenger-pro-league,71822f607f818e067fa459ea4a3ee505729232457449dd496e0374af81aecc05,2026-09-12
117506049,15,458753,RESERVE,CONFIRMED,https://www.proleague.be/nieuws/kalender-2026-2027-nieuwkomers-treffen-elkaar-meteen-in-challenger-pro-league,71822f607f818e067fa459ea4a3ee505729232457449dd496e0374af81aecc05,2026-09-12
117506050,1,458786,FIRST,CONFIRMED,https://www.proleague.be/nieuws/geen-proflicentie-voor-rwdm-club-nxt-verzekert-behoud,e66a19343c55ad0f884886cec62931c54419129fb72b1d6c870fc610d2c0968e,2026-09-12
117506050,2,471796,FIRST,CONFIRMED,https://www.proleague.be/nieuws/geen-proflicentie-voor-rwdm-club-nxt-verzekert-behoud,e66a19343c55ad0f884886cec62931c54419129fb72b1d6c870fc610d2c0968e,2026-09-12
117506050,3,471094,FIRST,CONFIRMED,https://www.proleague.be/nieuws/geen-proflicentie-voor-rwdm-club-nxt-verzekert-behoud,e66a19343c55ad0f884886cec62931c54419129fb72b1d6c870fc610d2c0968e,2026-09-12
117506050,4,471091,FIRST,CONFIRMED,https://www.proleague.be/nieuws/geen-proflicentie-voor-rwdm-club-nxt-verzekert-behoud,e66a19343c55ad0f884886cec62931c54419129fb72b1d6c870fc610d2c0968e,2026-09-12
117506050,5,462983,FIRST,CONFIRMED,https://www.proleague.be/nieuws/geen-proflicentie-voor-rwdm-club-nxt-verzekert-behoud,e66a19343c55ad0f884886cec62931c54419129fb72b1d6c870fc610d2c0968e,2026-09-12
117506050,6,458761,RESERVE,CONFIRMED,https://www.proleague.be/nieuws/geen-proflicentie-voor-rwdm-club-nxt-verzekert-behoud,e66a19343c55ad0f884886cec62931c54419129fb72b1d6c870fc610d2c0968e,2026-09-12
117506050,7,458780,RESERVE,CONFIRMED,https://www.proleague.be/nieuws/geen-proflicentie-voor-rwdm-club-nxt-verzekert-behoud,e66a19343c55ad0f884886cec62931c54419129fb72b1d6c870fc610d2c0968e,2026-09-12
117506050,8,458792,FIRST,CONFIRMED,https://www.proleague.be/nieuws/geen-proflicentie-voor-rwdm-club-nxt-verzekert-behoud,e66a19343c55ad0f884886cec62931c54419129fb72b1d6c870fc610d2c0968e,2026-09-12
117506050,9,458760,RESERVE,CONFIRMED,https://www.proleague.be/nieuws/geen-proflicentie-voor-rwdm-club-nxt-verzekert-behoud,e66a19343c55ad0f884886cec62931c54419129fb72b1d6c870fc610d2c0968e,2026-09-12
117506050,10,471777,FIRST,CONFIRMED,https://www.proleague.be/nieuws/geen-proflicentie-voor-rwdm-club-nxt-verzekert-behoud,e66a19343c55ad0f884886cec62931c54419129fb72b1d6c870fc610d2c0968e,2026-09-12
117506050,11,471214,FIRST,CONFIRMED,https://www.proleague.be/nieuws/geen-proflicentie-voor-rwdm-club-nxt-verzekert-behoud,e66a19343c55ad0f884886cec62931c54419129fb72b1d6c870fc610d2c0968e,2026-09-12
117506050,12,471807,FIRST,CONFIRMED,https://www.proleague.be/nieuws/geen-proflicentie-voor-rwdm-club-nxt-verzekert-behoud,e66a19343c55ad0f884886cec62931c54419129fb72b1d6c870fc610d2c0968e,2026-09-12
117506051,1,462982,FIRST,CONFIRMED,https://kvktienen.be/2026/07/01/kalender-seizoen-2026-2027/,47107e5958cd63eaeb65ec7d3b91e869c2b134afb28923a81c5cb574bf4e648d,2026-09-12
117506051,2,462851,FIRST,CONFIRMED,https://kvktienen.be/2026/07/01/kalender-seizoen-2026-2027/,47107e5958cd63eaeb65ec7d3b91e869c2b134afb28923a81c5cb574bf4e648d,2026-09-12
117506051,3,458790,FIRST,CONFIRMED,https://kvktienen.be/2026/07/01/kalender-seizoen-2026-2027/,47107e5958cd63eaeb65ec7d3b91e869c2b134afb28923a81c5cb574bf4e648d,2026-09-12
117506051,4,458771,FIRST,CONFIRMED,https://kvktienen.be/2026/07/01/kalender-seizoen-2026-2027/,47107e5958cd63eaeb65ec7d3b91e869c2b134afb28923a81c5cb574bf4e648d,2026-09-12
117506051,5,471472,FIRST,CONFIRMED,https://kvktienen.be/2026/07/01/kalender-seizoen-2026-2027/,47107e5958cd63eaeb65ec7d3b91e869c2b134afb28923a81c5cb574bf4e648d,2026-09-12
117506051,6,458794,FIRST,CONFIRMED,https://kvktienen.be/2026/07/01/kalender-seizoen-2026-2027/,47107e5958cd63eaeb65ec7d3b91e869c2b134afb28923a81c5cb574bf4e648d,2026-09-12
117506051,7,471082,FIRST,CONFIRMED,https://kvktienen.be/2026/07/01/kalender-seizoen-2026-2027/,47107e5958cd63eaeb65ec7d3b91e869c2b134afb28923a81c5cb574bf4e648d,2026-09-12
117506051,8,458755,RESERVE,CONFIRMED,https://kvktienen.be/2026/07/01/kalender-seizoen-2026-2027/,47107e5958cd63eaeb65ec7d3b91e869c2b134afb28923a81c5cb574bf4e648d,2026-09-12
117506051,9,471265,FIRST,CONFIRMED,https://kvktienen.be/2026/07/01/kalender-seizoen-2026-2027/,47107e5958cd63eaeb65ec7d3b91e869c2b134afb28923a81c5cb574bf4e648d,2026-09-12
117506051,10,462852,FIRST,CONFIRMED,https://kvktienen.be/2026/07/01/kalender-seizoen-2026-2027/,47107e5958cd63eaeb65ec7d3b91e869c2b134afb28923a81c5cb574bf4e648d,2026-09-12
117506051,11,458775,RESERVE,CONFIRMED,https://kvktienen.be/2026/07/01/kalender-seizoen-2026-2027/,47107e5958cd63eaeb65ec7d3b91e869c2b134afb28923a81c5cb574bf4e648d,2026-09-12
117506051,12,471177,FIRST,CONFIRMED,https://kvktienen.be/2026/07/01/kalender-seizoen-2026-2027/,47107e5958cd63eaeb65ec7d3b91e869c2b134afb28923a81c5cb574bf4e648d,2026-09-12
117506051,13,471927,FIRST,CONFIRMED,https://kvktienen.be/2026/07/01/kalender-seizoen-2026-2027/,47107e5958cd63eaeb65ec7d3b91e869c2b134afb28923a81c5cb574bf4e648d,2026-09-12
117506051,14,471838,FIRST,CONFIRMED,https://kvktienen.be/2026/07/01/kalender-seizoen-2026-2027/,47107e5958cd63eaeb65ec7d3b91e869c2b134afb28923a81c5cb574bf4e648d,2026-09-12
117506051,15,471346,FIRST,CONFIRMED,https://kvktienen.be/2026/07/01/kalender-seizoen-2026-2027/,47107e5958cd63eaeb65ec7d3b91e869c2b134afb28923a81c5cb574bf4e648d,2026-09-12
117506051,16,471836,FIRST,CONFIRMED,https://kvktienen.be/2026/07/01/kalender-seizoen-2026-2027/,47107e5958cd63eaeb65ec7d3b91e869c2b134afb28923a81c5cb574bf4e648d,2026-09-12
117506052,1,471635,FIRST,REVIEW_REQUIRED,https://www.royalstockaysaintgeorges.be/actualites/,3cbec85474fcce582b80686824762f55d3724c3e4c9c039892068599d8daf768,2026-09-12
117506052,2,458799,FIRST,REVIEW_REQUIRED,https://www.royalstockaysaintgeorges.be/actualites/,3cbec85474fcce582b80686824762f55d3724c3e4c9c039892068599d8daf768,2026-09-12
117506052,3,471364,FIRST,REVIEW_REQUIRED,https://www.royalstockaysaintgeorges.be/actualites/,3cbec85474fcce582b80686824762f55d3724c3e4c9c039892068599d8daf768,2026-09-12
117506052,4,462899,FIRST,REVIEW_REQUIRED,https://www.royalstockaysaintgeorges.be/actualites/,3cbec85474fcce582b80686824762f55d3724c3e4c9c039892068599d8daf768,2026-09-12
117506052,5,471929,FIRST,REVIEW_REQUIRED,https://www.royalstockaysaintgeorges.be/actualites/,3cbec85474fcce582b80686824762f55d3724c3e4c9c039892068599d8daf768,2026-09-12
117506052,6,471848,FIRST,REVIEW_REQUIRED,https://www.royalstockaysaintgeorges.be/actualites/,3cbec85474fcce582b80686824762f55d3724c3e4c9c039892068599d8daf768,2026-09-12
117506052,7,462875,FIRST,REVIEW_REQUIRED,https://www.royalstockaysaintgeorges.be/actualites/,3cbec85474fcce582b80686824762f55d3724c3e4c9c039892068599d8daf768,2026-09-12
117506052,8,471156,FIRST,REVIEW_REQUIRED,https://www.royalstockaysaintgeorges.be/actualites/,3cbec85474fcce582b80686824762f55d3724c3e4c9c039892068599d8daf768,2026-09-12
117506052,9,471656,FIRST,REVIEW_REQUIRED,https://www.royalstockaysaintgeorges.be/actualites/,3cbec85474fcce582b80686824762f55d3724c3e4c9c039892068599d8daf768,2026-09-12
117506052,10,471378,FIRST,REVIEW_REQUIRED,https://www.royalstockaysaintgeorges.be/actualites/,3cbec85474fcce582b80686824762f55d3724c3e4c9c039892068599d8daf768,2026-09-12
117506052,11,471299,FIRST,REVIEW_REQUIRED,https://www.royalstockaysaintgeorges.be/actualites/,3cbec85474fcce582b80686824762f55d3724c3e4c9c039892068599d8daf768,2026-09-12
117506052,12,471934,FIRST,REVIEW_REQUIRED,https://www.royalstockaysaintgeorges.be/actualites/,3cbec85474fcce582b80686824762f55d3724c3e4c9c039892068599d8daf768,2026-09-12
117506052,13,471204,FIRST,REVIEW_REQUIRED,https://www.royalstockaysaintgeorges.be/actualites/,3cbec85474fcce582b80686824762f55d3724c3e4c9c039892068599d8daf768,2026-09-12
117506052,14,471274,FIRST,REVIEW_REQUIRED,https://www.royalstockaysaintgeorges.be/actualites/,3cbec85474fcce582b80686824762f55d3724c3e4c9c039892068599d8daf768,2026-09-12
117506052,15,471865,FIRST,REVIEW_REQUIRED,https://www.royalstockaysaintgeorges.be/actualites/,3cbec85474fcce582b80686824762f55d3724c3e4c9c039892068599d8daf768,2026-09-12
117506052,16,471827,FIRST,REVIEW_REQUIRED,https://www.royalstockaysaintgeorges.be/actualites/,3cbec85474fcce582b80686824762f55d3724c3e4c9c039892068599d8daf768,2026-09-12
117506052,17,471648,FIRST,REVIEW_REQUIRED,https://www.royalstockaysaintgeorges.be/actualites/,3cbec85474fcce582b80686824762f55d3724c3e4c9c039892068599d8daf768,2026-09-12
117506052,18,471898,FIRST,REVIEW_REQUIRED,https://www.royalstockaysaintgeorges.be/actualites/,3cbec85474fcce582b80686824762f55d3724c3e4c9c039892068599d8daf768,2026-09-12
117506053,1,471205,FIRST,CONFIRMED,https://kvktienen.be/2026/07/01/kalender-seizoen-2026-2027/,47107e5958cd63eaeb65ec7d3b91e869c2b134afb28923a81c5cb574bf4e648d,2026-09-12
117506053,2,458782,RESERVE,CONFIRMED,https://kvktienen.be/2026/07/01/kalender-seizoen-2026-2027/,47107e5958cd63eaeb65ec7d3b91e869c2b134afb28923a81c5cb574bf4e648d,2026-09-12
117506053,3,471503,FIRST,CONFIRMED,https://kvktienen.be/2026/07/01/kalender-seizoen-2026-2027/,47107e5958cd63eaeb65ec7d3b91e869c2b134afb28923a81c5cb574bf4e648d,2026-09-12
117506053,4,462854,FIRST,CONFIRMED,https://kvktienen.be/2026/07/01/kalender-seizoen-2026-2027/,47107e5958cd63eaeb65ec7d3b91e869c2b134afb28923a81c5cb574bf4e648d,2026-09-12
117506053,5,462981,FIRST,CONFIRMED,https://kvktienen.be/2026/07/01/kalender-seizoen-2026-2027/,47107e5958cd63eaeb65ec7d3b91e869c2b134afb28923a81c5cb574bf4e648d,2026-09-12
117506053,6,462920,FIRST,CONFIRMED,https://kvktienen.be/2026/07/01/kalender-seizoen-2026-2027/,47107e5958cd63eaeb65ec7d3b91e869c2b134afb28923a81c5cb574bf4e648d,2026-09-12
117506053,7,462916,FIRST,CONFIRMED,https://kvktienen.be/2026/07/01/kalender-seizoen-2026-2027/,47107e5958cd63eaeb65ec7d3b91e869c2b134afb28923a81c5cb574bf4e648d,2026-09-12
117506053,8,471090,FIRST,CONFIRMED,https://kvktienen.be/2026/07/01/kalender-seizoen-2026-2027/,47107e5958cd63eaeb65ec7d3b91e869c2b134afb28923a81c5cb574bf4e648d,2026-09-12
117506053,9,462860,FIRST,CONFIRMED,https://kvktienen.be/2026/07/01/kalender-seizoen-2026-2027/,47107e5958cd63eaeb65ec7d3b91e869c2b134afb28923a81c5cb574bf4e648d,2026-09-12
117506053,10,462976,FIRST,CONFIRMED,https://kvktienen.be/2026/07/01/kalender-seizoen-2026-2027/,47107e5958cd63eaeb65ec7d3b91e869c2b134afb28923a81c5cb574bf4e648d,2026-09-12
117506053,11,458787,RESERVE,CONFIRMED,https://kvktienen.be/2026/07/01/kalender-seizoen-2026-2027/,47107e5958cd63eaeb65ec7d3b91e869c2b134afb28923a81c5cb574bf4e648d,2026-09-12
117506053,12,471938,FIRST,CONFIRMED,https://kvktienen.be/2026/07/01/kalender-seizoen-2026-2027/,47107e5958cd63eaeb65ec7d3b91e869c2b134afb28923a81c5cb574bf4e648d,2026-09-12
117506053,13,458779,FIRST,CONFIRMED,https://kvktienen.be/2026/07/01/kalender-seizoen-2026-2027/,47107e5958cd63eaeb65ec7d3b91e869c2b134afb28923a81c5cb574bf4e648d,2026-09-12
117506053,14,471823,FIRST,CONFIRMED,https://kvktienen.be/2026/07/01/kalender-seizoen-2026-2027/,47107e5958cd63eaeb65ec7d3b91e869c2b134afb28923a81c5cb574bf4e648d,2026-09-12
117506053,15,462865,FIRST,CONFIRMED,https://kvktienen.be/2026/07/01/kalender-seizoen-2026-2027/,47107e5958cd63eaeb65ec7d3b91e869c2b134afb28923a81c5cb574bf4e648d,2026-09-12
117506053,16,458821,FIRST,CONFIRMED,https://kvktienen.be/2026/07/01/kalender-seizoen-2026-2027/,47107e5958cd63eaeb65ec7d3b91e869c2b134afb28923a81c5cb574bf4e648d,2026-09-12
117506054,1,462849,FIRST,REVIEW_REQUIRED,https://www.kskheist.be/nieuws/,2f5274a3acd3b35b059dcc461f5159286eb4fcf098614663e2ec642c664071a9,2026-09-12
117506054,2,462851,FIRST,REVIEW_REQUIRED,https://www.kskheist.be/nieuws/,2f5274a3acd3b35b059dcc461f5159286eb4fcf098614663e2ec642c664071a9,2026-09-12
117506054,3,458785,RESERVE,REVIEW_REQUIRED,https://www.kskheist.be/nieuws/,2f5274a3acd3b35b059dcc461f5159286eb4fcf098614663e2ec642c664071a9,2026-09-12
117506054,4,462855,FIRST,REVIEW_REQUIRED,https://www.kskheist.be/nieuws/,2f5274a3acd3b35b059dcc461f5159286eb4fcf098614663e2ec642c664071a9,2026-09-12
117506054,5,471309,FIRST,REVIEW_REQUIRED,https://www.kskheist.be/nieuws/,2f5274a3acd3b35b059dcc461f5159286eb4fcf098614663e2ec642c664071a9,2026-09-12
117506054,6,458803,FIRST,REVIEW_REQUIRED,https://www.kskheist.be/nieuws/,2f5274a3acd3b35b059dcc461f5159286eb4fcf098614663e2ec642c664071a9,2026-09-12
117506054,7,471258,FIRST,REVIEW_REQUIRED,https://www.kskheist.be/nieuws/,2f5274a3acd3b35b059dcc461f5159286eb4fcf098614663e2ec642c664071a9,2026-09-12
117506054,8,471815,FIRST,REVIEW_REQUIRED,https://www.kskheist.be/nieuws/,2f5274a3acd3b35b059dcc461f5159286eb4fcf098614663e2ec642c664071a9,2026-09-12
117506054,9,458759,RESERVE,REVIEW_REQUIRED,https://www.kskheist.be/nieuws/,2f5274a3acd3b35b059dcc461f5159286eb4fcf098614663e2ec642c664071a9,2026-09-12
117506054,10,462895,FIRST,REVIEW_REQUIRED,https://www.kskheist.be/nieuws/,2f5274a3acd3b35b059dcc461f5159286eb4fcf098614663e2ec642c664071a9,2026-09-12
117506054,11,458800,FIRST,REVIEW_REQUIRED,https://www.kskheist.be/nieuws/,2f5274a3acd3b35b059dcc461f5159286eb4fcf098614663e2ec642c664071a9,2026-09-12
117506054,12,471112,FIRST,REVIEW_REQUIRED,https://www.kskheist.be/nieuws/,2f5274a3acd3b35b059dcc461f5159286eb4fcf098614663e2ec642c664071a9,2026-09-12
117506054,13,462864,FIRST,REVIEW_REQUIRED,https://www.kskheist.be/nieuws/,2f5274a3acd3b35b059dcc461f5159286eb4fcf098614663e2ec642c664071a9,2026-09-12
117506054,14,462907,FIRST,REVIEW_REQUIRED,https://www.kskheist.be/nieuws/,2f5274a3acd3b35b059dcc461f5159286eb4fcf098614663e2ec642c664071a9,2026-09-12
117506054,15,471208,FIRST,REVIEW_REQUIRED,https://www.kskheist.be/nieuws/,2f5274a3acd3b35b059dcc461f5159286eb4fcf098614663e2ec642c664071a9,2026-09-12
117506054,16,471531,FIRST,REVIEW_REQUIRED,https://www.kskheist.be/nieuws/,2f5274a3acd3b35b059dcc461f5159286eb4fcf098614663e2ec642c664071a9,2026-09-12
