league,club,club_id,roster_source_status,arrivals_status,departures_status,loans_in_status,loans_out_status,missing_players_status,contracts_status,shirt_numbers_status,creation_status,confirmed_players,proposed_creations,unresolved_creations,rating_deferred_creations,sprint_eligible_creations,ready_creations,confirmed_arrivals,confirmed_departures,confirmed_loans_in,confirmed_loans_out,confirmed_loans,blocking_holds,ambiguous_records,unmatched_records,overall_status
ENG1,AFC Bournemouth,917553,COMPLETE,GOOD_ENOUGH,GOOD_ENOUGH,GOOD_ENOUGH,GOOD_ENOUGH,GOOD_ENOUGH,GOOD_ENOUGH,GOOD_ENOUGH,NONE,27,0,0,0,0,0,4,1,0,2,2,0,0,0,GOOD_ENOUGH
ENG1,AFC Sunderland,917524,COMPLETE,GOOD_ENOUGH,GOOD_ENOUGH,GOOD_ENOUGH,GOOD_ENOUGH,GOOD_ENOUGH,GOOD_ENOUGH,PARTIAL,PROPOSED_READY,28,1,0,0,1,1,1,0,0,0,0,0,0,0,GOOD_ENOUGH
ENG1,Aston Villa,917506,COMPLETE,GOOD_ENOUGH,GOOD_ENOUGH,GOOD_ENOUGH,GOOD_ENOUGH,GOOD_ENOUGH,GOOD_ENOUGH,GOOD_ENOUGH,NONE,27,0,0,0,0,0,1,1,0,1,1,0,0,0,GOOD_ENOUGH
ENG1,Brighton & Hove Albion,917529,COMPLETE,GOOD_ENOUGH,GOOD_ENOUGH,GOOD_ENOUGH,GOOD_ENOUGH,GOOD_ENOUGH,GOOD_ENOUGH,GOOD_ENOUGH,NONE,29,0,0,0,0,0,3,1,0,0,0,0,0,0,GOOD_ENOUGH
ENG1,Coventry City,917530,COMPLETE,PARTIAL,GOOD_ENOUGH,PARTIAL,PARTIAL,GOOD_ENOUGH,GOOD_ENOUGH,GOOD_ENOUGH,NONE,28,0,0,0,0,0,0,0,0,0,0,1,0,0,PARTIAL
ENG1,Crystal Palace,917535,COMPLETE,GOOD_ENOUGH,GOOD_ENOUGH,GOOD_ENOUGH,GOOD_ENOUGH,GOOD_ENOUGH,GOOD_ENOUGH,GOOD_ENOUGH,NONE,28,0,0,0,0,0,2,0,0,0,0,0,0,0,GOOD_ENOUGH
ENG1,FC Arsenal,917505,COMPLETE,GOOD_ENOUGH,GOOD_ENOUGH,GOOD_ENOUGH,GOOD_ENOUGH,GOOD_ENOUGH,GOOD_ENOUGH,GOOD_ENOUGH,NONE,23,0,0,0,0,0,0,0,0,0,0,0,0,0,GOOD_ENOUGH
ENG1,FC Brentford,917569,COMPLETE,GOOD_ENOUGH,GOOD_ENOUGH,GOOD_ENOUGH,GOOD_ENOUGH,PARTIAL,GOOD_ENOUGH,GOOD_ENOUGH,NONE,28,0,0,0,0,0,1,0,0,0,0,1,0,1,PARTIAL
ENG1,FC Chelsea,917513,COMPLETE,GOOD_ENOUGH,GOOD_ENOUGH,GOOD_ENOUGH,GOOD_ENOUGH,PARTIAL,GOOD_ENOUGH,GOOD_ENOUGH,NONE,25,0,0,0,0,0,2,1,0,1,1,1,0,1,PARTIAL
ENG1,FC Everton,917517,COMPLETE,GOOD_ENOUGH,GOOD_ENOUGH,GOOD_ENOUGH,GOOD_ENOUGH,GOOD_ENOUGH,GOOD_ENOUGH,GOOD_ENOUGH,NONE,21,0,0,0,0,0,1,0,0,0,0,0,0,0,GOOD_ENOUGH
ENG1,FC Fulham,917521,COMPLETE,GOOD_ENOUGH,GOOD_ENOUGH,GOOD_ENOUGH,GOOD_ENOUGH,GOOD_ENOUGH,GOOD_ENOUGH,GOOD_ENOUGH,NONE,26,0,0,0,0,0,0,0,0,0,0,0,0,0,GOOD_ENOUGH
ENG1,FC Liverpool,917509,COMPLETE,GOOD_ENOUGH,GOOD_ENOUGH,GOOD_ENOUGH,GOOD_ENOUGH,GOOD_ENOUGH,GOOD_ENOUGH,GOOD_ENOUGH,NONE,27,0,0,0,0,0,2,0,0,0,0,0,0,0,GOOD_ENOUGH
ENG1,Hull City,917532,COMPLETE,GOOD_ENOUGH,GOOD_ENOUGH,GOOD_ENOUGH,GOOD_ENOUGH,GOOD_ENOUGH,GOOD_ENOUGH,GOOD_ENOUGH,PROPOSED_READY,31,1,0,0,1,1,4,0,0,0,0,1,0,0,PARTIAL
ENG1,Ipswich Town,917538,COMPLETE,GOOD_ENOUGH,GOOD_ENOUGH,GOOD_ENOUGH,GOOD_ENOUGH,GOOD_ENOUGH,GOOD_ENOUGH,GOOD_ENOUGH,NONE,28,0,0,0,0,0,1,0,0,0,0,0,0,0,GOOD_ENOUGH
ENG1,Leeds United,917545,COMPLETE,GOOD_ENOUGH,GOOD_ENOUGH,GOOD_ENOUGH,GOOD_ENOUGH,GOOD_ENOUGH,GOOD_ENOUGH,PARTIAL,NONE,23,0,0,0,0,0,0,0,0,0,0,0,0,0,GOOD_ENOUGH
ENG1,Manchester City,917518,COMPLETE,GOOD_ENOUGH,GOOD_ENOUGH,GOOD_ENOUGH,GOOD_ENOUGH,GOOD_ENOUGH,GOOD_ENOUGH,GOOD_ENOUGH,NONE,24,0,0,0,0,0,0,1,0,0,0,0,0,0,GOOD_ENOUGH
ENG1,Manchester United,917519,COMPLETE,GOOD_ENOUGH,GOOD_ENOUGH,GOOD_ENOUGH,GOOD_ENOUGH,GOOD_ENOUGH,GOOD_ENOUGH,GOOD_ENOUGH,NONE,30,0,0,0,0,0,1,0,0,0,0,0,0,0,GOOD_ENOUGH
ENG1,Newcastle United,917523,COMPLETE,GOOD_ENOUGH,GOOD_ENOUGH,GOOD_ENOUGH,GOOD_ENOUGH,GOOD_ENOUGH,GOOD_ENOUGH,GOOD_ENOUGH,NONE,25,0,0,0,0,0,0,0,0,0,0,0,0,0,GOOD_ENOUGH
ENG1,Nottingham Forest,917549,COMPLETE,GOOD_ENOUGH,GOOD_ENOUGH,GOOD_ENOUGH,GOOD_ENOUGH,GOOD_ENOUGH,GOOD_ENOUGH,GOOD_ENOUGH,NONE,24,0,0,0,0,0,0,1,0,0,0,0,0,0,GOOD_ENOUGH
ENG1,Tottenham Hotspur,917514,COMPLETE,GOOD_ENOUGH,GOOD_ENOUGH,GOOD_ENOUGH,GOOD_ENOUGH,GOOD_ENOUGH,GOOD_ENOUGH,GOOD_ENOUGH,NONE,27,0,0,0,0,0,2,0,1,0,1,0,0,0,GOOD_ENOUGH
ITA1,AC Florenz,1769492,COMPLETE,GOOD_ENOUGH,GOOD_ENOUGH,GOOD_ENOUGH,GOOD_ENOUGH,GOOD_ENOUGH,GOOD_ENOUGH,PARTIAL,NONE,24,0,0,0,0,0,2,2,1,0,1,0,0,0,GOOD_ENOUGH
ITA1,AC Mailand,1769474,COMPLETE,GOOD_ENOUGH,GOOD_ENOUGH,GOOD_ENOUGH,GOOD_ENOUGH,GOOD_ENOUGH,GOOD_ENOUGH,PARTIAL,NONE,28,0,0,0,0,0,4,0,0,0,0,0,0,0,GOOD_ENOUGH
ITA1,AC Monza,1769533,COMPLETE,GOOD_ENOUGH,GOOD_ENOUGH,GOOD_ENOUGH,GOOD_ENOUGH,PARTIAL,GOOD_ENOUGH,GOOD_ENOUGH,NONE,30,0,0,0,0,0,3,0,2,0,2,1,0,1,PARTIAL
ITA1,AS Rom,1769476,COMPLETE,GOOD_ENOUGH,GOOD_ENOUGH,GOOD_ENOUGH,GOOD_ENOUGH,GOOD_ENOUGH,GOOD_ENOUGH,PARTIAL,NONE,25,0,0,0,0,0,0,1,0,0,0,0,0,0,GOOD_ENOUGH
ITA1,Atalanta Bergamo,1769477,COMPLETE,GOOD_ENOUGH,GOOD_ENOUGH,GOOD_ENOUGH,GOOD_ENOUGH,GOOD_ENOUGH,GOOD_ENOUGH,GOOD_ENOUGH,NONE,24,0,0,0,0,0,1,1,0,0,0,0,0,0,GOOD_ENOUGH
ITA1,Cagliari Calcio,1769480,COMPLETE,PARTIAL,GOOD_ENOUGH,PARTIAL,PARTIAL,GOOD_ENOUGH,GOOD_ENOUGH,GOOD_ENOUGH,PROPOSED_READY,28,1,0,0,1,1,1,0,0,0,0,2,0,0,PARTIAL
ITA1,Como 1907,1769516,COMPLETE,GOOD_ENOUGH,GOOD_ENOUGH,GOOD_ENOUGH,GOOD_ENOUGH,GOOD_ENOUGH,GOOD_ENOUGH,GOOD_ENOUGH,NONE,27,0,0,0,0,0,1,1,0,1,1,0,0,0,GOOD_ENOUGH
ITA1,FC Bologna,1769478,COMPLETE,GOOD_ENOUGH,GOOD_ENOUGH,GOOD_ENOUGH,GOOD_ENOUGH,GOOD_ENOUGH,GOOD_ENOUGH,GOOD_ENOUGH,NONE,27,0,0,0,0,0,1,0,1,0,1,0,0,0,GOOD_ENOUGH
ITA1,FC Turin,1769499,COMPLETE,GOOD_ENOUGH,GOOD_ENOUGH,GOOD_ENOUGH,GOOD_ENOUGH,GOOD_ENOUGH,GOOD_ENOUGH,GOOD_ENOUGH,NONE,29,0,0,0,0,0,2,2,0,0,0,0,0,0,GOOD_ENOUGH
ITA1,Frosinone Calcio,1769528,COMPLETE,GOOD_ENOUGH,GOOD_ENOUGH,GOOD_ENOUGH,GOOD_ENOUGH,GOOD_ENOUGH,GOOD_ENOUGH,PARTIAL,NONE,30,0,0,0,0,0,2,1,1,0,1,0,0,0,GOOD_ENOUGH
ITA1,Genua CFC,1769510,COMPLETE,GOOD_ENOUGH,GOOD_ENOUGH,GOOD_ENOUGH,GOOD_ENOUGH,GOOD_ENOUGH,GOOD_ENOUGH,GOOD_ENOUGH,NONE,31,0,0,0,0,0,3,1,1,0,1,0,0,0,GOOD_ENOUGH
ITA1,Inter Mailand,1769481,COMPLETE,GOOD_ENOUGH,GOOD_ENOUGH,GOOD_ENOUGH,GOOD_ENOUGH,GOOD_ENOUGH,GOOD_ENOUGH,GOOD_ENOUGH,NONE,24,0,0,0,0,0,0,2,0,1,1,0,0,0,GOOD_ENOUGH
ITA1,Juventus Turin,1769482,COMPLETE,GOOD_ENOUGH,GOOD_ENOUGH,GOOD_ENOUGH,GOOD_ENOUGH,GOOD_ENOUGH,GOOD_ENOUGH,GOOD_ENOUGH,NONE,29,0,0,0,0,0,2,0,0,0,0,0,0,0,GOOD_ENOUGH
ITA1,Lazio Rom,1769487,COMPLETE,GOOD_ENOUGH,GOOD_ENOUGH,GOOD_ENOUGH,GOOD_ENOUGH,GOOD_ENOUGH,GOOD_ENOUGH,PARTIAL,NONE,34,0,0,0,0,0,3,0,0,0,0,0,0,0,GOOD_ENOUGH
ITA1,Parma Calcio 1913,1769475,COMPLETE,GOOD_ENOUGH,GOOD_ENOUGH,GOOD_ENOUGH,GOOD_ENOUGH,GOOD_ENOUGH,GOOD_ENOUGH,GOOD_ENOUGH,NONE,28,0,0,0,0,0,1,0,1,0,1,0,0,0,GOOD_ENOUGH
ITA1,SSC Neapel,1769517,COMPLETE,GOOD_ENOUGH,GOOD_ENOUGH,GOOD_ENOUGH,GOOD_ENOUGH,GOOD_ENOUGH,GOOD_ENOUGH,GOOD_ENOUGH,NONE,27,0,0,0,0,0,0,0,0,0,0,0,0,0,GOOD_ENOUGH
ITA1,US Lecce,1769483,COMPLETE,GOOD_ENOUGH,GOOD_ENOUGH,GOOD_ENOUGH,GOOD_ENOUGH,GOOD_ENOUGH,GOOD_ENOUGH,PARTIAL,NONE,33,0,0,0,0,0,6,0,0,0,0,0,0,0,GOOD_ENOUGH
ITA1,US Sassuolo,1769542,COMPLETE,GOOD_ENOUGH,GOOD_ENOUGH,GOOD_ENOUGH,GOOD_ENOUGH,GOOD_ENOUGH,GOOD_ENOUGH,PARTIAL,NONE,34,0,0,0,0,0,3,0,1,0,1,0,0,0,GOOD_ENOUGH
ITA1,Udinese Calcio,1769488,COMPLETE,GOOD_ENOUGH,GOOD_ENOUGH,GOOD_ENOUGH,GOOD_ENOUGH,GOOD_ENOUGH,GOOD_ENOUGH,GOOD_ENOUGH,NONE,27,0,0,0,0,0,4,0,0,0,0,0,0,0,GOOD_ENOUGH
ITA1,Venezia FC,1769500,COMPLETE,GOOD_ENOUGH,GOOD_ENOUGH,GOOD_ENOUGH,GOOD_ENOUGH,GOOD_ENOUGH,GOOD_ENOUGH,PARTIAL,NONE,35,0,0,0,0,0,5,1,0,1,1,0,0,0,GOOD_ENOUGH
ESP1,Athletic Bilbao,2949121,COMPLETE,GOOD_ENOUGH,GOOD_ENOUGH,GOOD_ENOUGH,GOOD_ENOUGH,GOOD_ENOUGH,GOOD_ENOUGH,PARTIAL,NONE,26,0,0,0,0,0,1,0,0,0,0,0,0,0,GOOD_ENOUGH
ESP1,Atlético Madrid,2949122,COMPLETE,GOOD_ENOUGH,GOOD_ENOUGH,GOOD_ENOUGH,GOOD_ENOUGH,GOOD_ENOUGH,GOOD_ENOUGH,GOOD_ENOUGH,NONE,25,0,0,0,0,0,0,1,0,0,0,0,0,0,GOOD_ENOUGH
ESP1,CA Osasuna,2949132,COMPLETE,GOOD_ENOUGH,GOOD_ENOUGH,GOOD_ENOUGH,GOOD_ENOUGH,GOOD_ENOUGH,GOOD_ENOUGH,GOOD_ENOUGH,NONE,23,0,0,0,0,0,0,0,0,0,0,0,0,0,GOOD_ENOUGH
ESP1,Celta Vigo,2949159,COMPLETE,GOOD_ENOUGH,GOOD_ENOUGH,GOOD_ENOUGH,GOOD_ENOUGH,GOOD_ENOUGH,GOOD_ENOUGH,GOOD_ENOUGH,NONE,25,0,0,0,0,0,0,0,0,0,0,0,0,0,GOOD_ENOUGH
ESP1,Deportivo A Coruña,2949127,COMPLETE,GOOD_ENOUGH,GOOD_ENOUGH,GOOD_ENOUGH,GOOD_ENOUGH,GOOD_ENOUGH,GOOD_ENOUGH,GOOD_ENOUGH,PROPOSED_READY,28,1,0,0,1,1,2,0,0,0,0,0,0,0,GOOD_ENOUGH
ESP1,Deportivo Alavés,2949141,COMPLETE,GOOD_ENOUGH,GOOD_ENOUGH,GOOD_ENOUGH,GOOD_ENOUGH,GOOD_ENOUGH,GOOD_ENOUGH,GOOD_ENOUGH,NONE,22,0,0,0,0,0,1,0,0,0,0,0,0,0,GOOD_ENOUGH
ESP1,Espanyol Barcelona,2949125,COMPLETE,GOOD_ENOUGH,GOOD_ENOUGH,GOOD_ENOUGH,GOOD_ENOUGH,GOOD_ENOUGH,GOOD_ENOUGH,GOOD_ENOUGH,NONE,25,0,0,0,0,0,2,0,0,0,0,0,0,0,GOOD_ENOUGH
ESP1,FC Barcelona,2949124,COMPLETE,GOOD_ENOUGH,GOOD_ENOUGH,GOOD_ENOUGH,GOOD_ENOUGH,GOOD_ENOUGH,GOOD_ENOUGH,GOOD_ENOUGH,NONE,27,0,0,0,0,0,0,0,0,0,0,0,0,0,GOOD_ENOUGH
ESP1,FC Elche,2949148,COMPLETE,GOOD_ENOUGH,GOOD_ENOUGH,GOOD_ENOUGH,GOOD_ENOUGH,GOOD_ENOUGH,GOOD_ENOUGH,GOOD_ENOUGH,NONE,28,0,0,0,0,0,2,0,0,0,0,0,0,0,GOOD_ENOUGH
ESP1,FC Getafe,2949126,COMPLETE,GOOD_ENOUGH,GOOD_ENOUGH,GOOD_ENOUGH,GOOD_ENOUGH,GOOD_ENOUGH,GOOD_ENOUGH,GOOD_ENOUGH,NONE,23,0,0,0,0,0,0,0,0,0,0,0,0,0,GOOD_ENOUGH
ESP1,FC Málaga,2949129,COMPLETE,GOOD_ENOUGH,GOOD_ENOUGH,GOOD_ENOUGH,GOOD_ENOUGH,GOOD_ENOUGH,GOOD_ENOUGH,GOOD_ENOUGH,NONE,28,0,0,0,0,0,0,0,0,0,0,0,0,0,GOOD_ENOUGH
ESP1,FC Sevilla,2949138,COMPLETE,GOOD_ENOUGH,GOOD_ENOUGH,GOOD_ENOUGH,GOOD_ENOUGH,GOOD_ENOUGH,GOOD_ENOUGH,GOOD_ENOUGH,NONE,25,0,0,0,0,0,0,0,0,0,0,0,0,0,GOOD_ENOUGH
ESP1,FC Valencia,2949139,COMPLETE,GOOD_ENOUGH,GOOD_ENOUGH,GOOD_ENOUGH,GOOD_ENOUGH,GOOD_ENOUGH,GOOD_ENOUGH,PARTIAL,NONE,27,0,0,0,0,0,1,0,1,0,1,0,0,0,GOOD_ENOUGH
ESP1,FC Villarreal,2949140,COMPLETE,GOOD_ENOUGH,GOOD_ENOUGH,GOOD_ENOUGH,GOOD_ENOUGH,GOOD_ENOUGH,GOOD_ENOUGH,GOOD_ENOUGH,NONE,24,0,0,0,0,0,0,2,0,0,0,0,0,0,GOOD_ENOUGH
ESP1,Racing Santander,2949137,COMPLETE,GOOD_ENOUGH,GOOD_ENOUGH,GOOD_ENOUGH,GOOD_ENOUGH,GOOD_ENOUGH,GOOD_ENOUGH,GOOD_ENOUGH,NONE,23,0,0,0,0,0,3,0,1,0,1,1,0,0,PARTIAL
ESP1,Rayo Vallecano,2949171,COMPLETE,GOOD_ENOUGH,GOOD_ENOUGH,GOOD_ENOUGH,GOOD_ENOUGH,GOOD_ENOUGH,GOOD_ENOUGH,PARTIAL,NONE,27,0,0,0,0,0,1,0,0,0,0,0,0,0,GOOD_ENOUGH
ESP1,Real Betis Sevilla,2949133,COMPLETE,GOOD_ENOUGH,GOOD_ENOUGH,GOOD_ENOUGH,GOOD_ENOUGH,GOOD_ENOUGH,GOOD_ENOUGH,GOOD_ENOUGH,NONE,25,0,0,0,0,0,1,1,0,0,0,0,0,0,GOOD_ENOUGH
ESP1,Real Madrid,2949134,COMPLETE,GOOD_ENOUGH,GOOD_ENOUGH,GOOD_ENOUGH,GOOD_ENOUGH,GOOD_ENOUGH,GOOD_ENOUGH,GOOD_ENOUGH,NONE,27,0,0,0,0,0,0,0,0,0,0,0,0,0,GOOD_ENOUGH
ESP1,Real Sociedad San Sebastián,2949135,COMPLETE,GOOD_ENOUGH,GOOD_ENOUGH,GOOD_ENOUGH,GOOD_ENOUGH,GOOD_ENOUGH,GOOD_ENOUGH,GOOD_ENOUGH,NONE,24,0,0,0,0,0,0,0,0,0,0,0,0,0,GOOD_ENOUGH
ESP1,UD Levante,2949128,COMPLETE,GOOD_ENOUGH,GOOD_ENOUGH,PARTIAL,PARTIAL,GOOD_ENOUGH,GOOD_ENOUGH,GOOD_ENOUGH,NONE,21,0,0,0,0,0,1,0,0,0,0,2,0,0,PARTIAL
GER1,1.FC Köln,1376275,COMPLETE,GOOD_ENOUGH,GOOD_ENOUGH,GOOD_ENOUGH,GOOD_ENOUGH,GOOD_ENOUGH,GOOD_ENOUGH,GOOD_ENOUGH,NONE,29,0,0,0,0,0,1,3,0,0,0,0,0,0,GOOD_ENOUGH
GER1,1.FC Union Berlin,1376348,COMPLETE,GOOD_ENOUGH,GOOD_ENOUGH,GOOD_ENOUGH,GOOD_ENOUGH,GOOD_ENOUGH,GOOD_ENOUGH,GOOD_ENOUGH,NONE,30,0,0,0,0,0,5,1,0,0,0,0,0,0,GOOD_ENOUGH
GER1,1.FSV Mainz 05,1376259,COMPLETE,GOOD_ENOUGH,GOOD_ENOUGH,GOOD_ENOUGH,GOOD_ENOUGH,GOOD_ENOUGH,GOOD_ENOUGH,GOOD_ENOUGH,NONE,25,0,0,0,0,0,5,1,0,0,0,0,0,0,GOOD_ENOUGH
GER1,Bayer 04 Leverkusen,1376261,COMPLETE,GOOD_ENOUGH,GOOD_ENOUGH,GOOD_ENOUGH,GOOD_ENOUGH,GOOD_ENOUGH,GOOD_ENOUGH,PARTIAL,PROPOSED_READY,27,1,0,0,1,1,1,3,0,3,3,0,0,0,GOOD_ENOUGH
GER1,Borussia Dortmund,1376262,COMPLETE,GOOD_ENOUGH,GOOD_ENOUGH,GOOD_ENOUGH,GOOD_ENOUGH,GOOD_ENOUGH,GOOD_ENOUGH,GOOD_ENOUGH,NONE,29,0,0,0,0,0,0,4,0,1,1,0,0,0,GOOD_ENOUGH
GER1,Borussia Mönchengladbach,1376263,COMPLETE,GOOD_ENOUGH,GOOD_ENOUGH,GOOD_ENOUGH,GOOD_ENOUGH,GOOD_ENOUGH,GOOD_ENOUGH,GOOD_ENOUGH,NONE,29,0,0,0,0,0,1,4,0,0,0,0,0,0,GOOD_ENOUGH
GER1,Eintracht Frankfurt,1376279,COMPLETE,GOOD_ENOUGH,GOOD_ENOUGH,GOOD_ENOUGH,GOOD_ENOUGH,GOOD_ENOUGH,GOOD_ENOUGH,PARTIAL,NONE,26,0,0,0,0,0,0,0,0,0,0,0,0,0,GOOD_ENOUGH
GER1,FC Augsburg,1376431,COMPLETE,GOOD_ENOUGH,GOOD_ENOUGH,GOOD_ENOUGH,GOOD_ENOUGH,GOOD_ENOUGH,GOOD_ENOUGH,GOOD_ENOUGH,NONE,26,0,0,0,0,0,2,0,1,0,1,0,0,0,GOOD_ENOUGH
GER1,FC Bayern München,1376264,COMPLETE,GOOD_ENOUGH,GOOD_ENOUGH,GOOD_ENOUGH,GOOD_ENOUGH,GOOD_ENOUGH,GOOD_ENOUGH,GOOD_ENOUGH,PROPOSED_READY,23,1,0,0,1,1,0,0,0,1,1,0,0,0,GOOD_ENOUGH
GER1,FC Schalke 04,1376266,COMPLETE,GOOD_ENOUGH,GOOD_ENOUGH,GOOD_ENOUGH,GOOD_ENOUGH,GOOD_ENOUGH,GOOD_ENOUGH,GOOD_ENOUGH,NONE,27,0,0,0,0,0,3,1,0,0,0,0,0,0,GOOD_ENOUGH
GER1,Hamburger SV,1376267,COMPLETE,GOOD_ENOUGH,GOOD_ENOUGH,GOOD_ENOUGH,GOOD_ENOUGH,GOOD_ENOUGH,GOOD_ENOUGH,GOOD_ENOUGH,NONE,27,0,0,0,0,0,1,5,0,0,0,0,0,0,GOOD_ENOUGH
GER1,RB Leipzig,1376555,COMPLETE,GOOD_ENOUGH,GOOD_ENOUGH,GOOD_ENOUGH,GOOD_ENOUGH,GOOD_ENOUGH,GOOD_ENOUGH,GOOD_ENOUGH,NONE,29,0,0,0,0,0,1,0,0,0,0,0,0,0,GOOD_ENOUGH
GER1,SC Freiburg,1376270,COMPLETE,GOOD_ENOUGH,GOOD_ENOUGH,GOOD_ENOUGH,GOOD_ENOUGH,GOOD_ENOUGH,GOOD_ENOUGH,GOOD_ENOUGH,NONE,27,0,0,0,0,0,3,1,0,0,0,0,0,0,GOOD_ENOUGH
GER1,SC Paderborn 07,1376421,COMPLETE,PARTIAL,GOOD_ENOUGH,PARTIAL,PARTIAL,GOOD_ENOUGH,GOOD_ENOUGH,PARTIAL,NONE,31,0,0,0,0,0,4,0,0,0,0,1,0,0,PARTIAL
GER1,SV 07 Elversberg,1376432,COMPLETE,GOOD_ENOUGH,GOOD_ENOUGH,GOOD_ENOUGH,GOOD_ENOUGH,GOOD_ENOUGH,GOOD_ENOUGH,GOOD_ENOUGH,NONE,27,0,0,0,0,0,3,2,1,0,1,0,0,0,GOOD_ENOUGH
GER1,SV Werder Bremen,1376271,COMPLETE,PARTIAL,GOOD_ENOUGH,PARTIAL,PARTIAL,GOOD_ENOUGH,GOOD_ENOUGH,GOOD_ENOUGH,NONE,30,0,0,0,0,0,3,3,1,1,2,1,0,0,PARTIAL
GER1,TSG 1899 Hoffenheim,1376433,COMPLETE,GOOD_ENOUGH,GOOD_ENOUGH,GOOD_ENOUGH,GOOD_ENOUGH,GOOD_ENOUGH,GOOD_ENOUGH,GOOD_ENOUGH,NONE,27,0,0,0,0,0,5,3,0,1,1,0,0,0,GOOD_ENOUGH
GER1,VfB Stuttgart,1376272,COMPLETE,GOOD_ENOUGH,GOOD_ENOUGH,GOOD_ENOUGH,GOOD_ENOUGH,GOOD_ENOUGH,GOOD_ENOUGH,GOOD_ENOUGH,NONE,30,0,0,0,0,0,2,3,0,0,0,0,0,0,GOOD_ENOUGH
FRA1,AJ Auxerre,1179654,COMPLETE,GOOD_ENOUGH,GOOD_ENOUGH,GOOD_ENOUGH,GOOD_ENOUGH,GOOD_ENOUGH,GOOD_ENOUGH,PARTIAL,NONE,31,0,0,0,0,0,3,2,1,1,2,0,0,0,GOOD_ENOUGH
FRA1,AS Monaco,1179655,COMPLETE,GOOD_ENOUGH,GOOD_ENOUGH,GOOD_ENOUGH,GOOD_ENOUGH,GOOD_ENOUGH,GOOD_ENOUGH,GOOD_ENOUGH,NONE,26,0,0,0,0,0,0,1,0,0,0,0,0,0,GOOD_ENOUGH
FRA1,Angers SCO,1179782,COMPLETE,GOOD_ENOUGH,GOOD_ENOUGH,GOOD_ENOUGH,GOOD_ENOUGH,GOOD_ENOUGH,GOOD_ENOUGH,GOOD_ENOUGH,NONE,22,0,0,0,0,0,0,2,0,0,0,0,0,0,GOOD_ENOUGH
FRA1,ESTAC Troyes,1179683,COMPLETE,GOOD_ENOUGH,GOOD_ENOUGH,GOOD_ENOUGH,GOOD_ENOUGH,GOOD_ENOUGH,GOOD_ENOUGH,GOOD_ENOUGH,PROPOSED_READY,28,1,0,0,1,1,1,1,0,0,0,0,0,0,GOOD_ENOUGH
FRA1,FC Le Mans,1179682,COMPLETE,PARTIAL,GOOD_ENOUGH,PARTIAL,PARTIAL,GOOD_ENOUGH,GOOD_ENOUGH,GOOD_ENOUGH,NONE,28,0,0,0,0,0,2,1,0,0,0,1,0,0,PARTIAL
FRA1,FC Lorient,1179673,COMPLETE,GOOD_ENOUGH,GOOD_ENOUGH,GOOD_ENOUGH,GOOD_ENOUGH,GOOD_ENOUGH,GOOD_ENOUGH,PARTIAL,NONE,23,0,0,0,0,0,1,0,0,0,0,1,0,0,PARTIAL
FRA1,FC Stade Rennes,1179656,COMPLETE,GOOD_ENOUGH,GOOD_ENOUGH,GOOD_ENOUGH,GOOD_ENOUGH,GOOD_ENOUGH,GOOD_ENOUGH,PARTIAL,NONE,24,0,0,0,0,0,0,0,0,0,0,0,0,0,GOOD_ENOUGH
FRA1,FC Toulouse,1179657,COMPLETE,GOOD_ENOUGH,GOOD_ENOUGH,GOOD_ENOUGH,GOOD_ENOUGH,GOOD_ENOUGH,GOOD_ENOUGH,GOOD_ENOUGH,NONE,24,0,0,0,0,0,0,2,0,0,0,0,0,0,GOOD_ENOUGH
FRA1,LOSC Lille,1179665,COMPLETE,GOOD_ENOUGH,GOOD_ENOUGH,GOOD_ENOUGH,GOOD_ENOUGH,GOOD_ENOUGH,GOOD_ENOUGH,PARTIAL,NONE,27,0,0,0,0,0,0,2,0,1,1,0,0,0,GOOD_ENOUGH
FRA1,Le Havre AC,1179681,COMPLETE,GOOD_ENOUGH,GOOD_ENOUGH,GOOD_ENOUGH,GOOD_ENOUGH,GOOD_ENOUGH,GOOD_ENOUGH,PARTIAL,NONE,25,0,0,0,0,0,2,0,0,0,0,0,0,0,GOOD_ENOUGH
FRA1,OGC Nizza,1179666,COMPLETE,GOOD_ENOUGH,GOOD_ENOUGH,GOOD_ENOUGH,GOOD_ENOUGH,GOOD_ENOUGH,GOOD_ENOUGH,GOOD_ENOUGH,NONE,28,0,0,0,0,0,1,0,0,0,0,0,0,0,GOOD_ENOUGH
FRA1,Olympique Lyon,1179661,COMPLETE,GOOD_ENOUGH,GOOD_ENOUGH,GOOD_ENOUGH,GOOD_ENOUGH,GOOD_ENOUGH,GOOD_ENOUGH,PARTIAL,NONE,29,0,0,0,0,0,1,1,0,0,0,0,0,0,GOOD_ENOUGH
FRA1,Olympique Marseille,1179662,COMPLETE,GOOD_ENOUGH,GOOD_ENOUGH,GOOD_ENOUGH,GOOD_ENOUGH,GOOD_ENOUGH,GOOD_ENOUGH,GOOD_ENOUGH,NONE,22,0,0,0,0,0,1,1,0,0,0,0,0,0,GOOD_ENOUGH
FRA1,Paris FC,1179855,COMPLETE,GOOD_ENOUGH,GOOD_ENOUGH,GOOD_ENOUGH,GOOD_ENOUGH,GOOD_ENOUGH,GOOD_ENOUGH,PARTIAL,NONE,25,0,0,0,0,0,1,0,0,0,0,0,0,0,GOOD_ENOUGH
FRA1,Paris Saint-Germain,1179663,COMPLETE,GOOD_ENOUGH,GOOD_ENOUGH,GOOD_ENOUGH,GOOD_ENOUGH,GOOD_ENOUGH,GOOD_ENOUGH,GOOD_ENOUGH,NONE,23,0,0,0,0,0,0,1,0,0,0,0,0,0,GOOD_ENOUGH
FRA1,RC Lens,1179664,COMPLETE,GOOD_ENOUGH,GOOD_ENOUGH,GOOD_ENOUGH,GOOD_ENOUGH,GOOD_ENOUGH,GOOD_ENOUGH,PARTIAL,NONE,28,0,0,0,0,0,3,0,1,0,1,0,0,0,GOOD_ENOUGH
FRA1,Racing Straßburg,1179667,COMPLETE,GOOD_ENOUGH,GOOD_ENOUGH,GOOD_ENOUGH,GOOD_ENOUGH,GOOD_ENOUGH,GOOD_ENOUGH,GOOD_ENOUGH,NONE,29,0,0,0,0,0,3,0,0,0,0,0,0,0,GOOD_ENOUGH
FRA1,Stade Brest 29,1179685,COMPLETE,GOOD_ENOUGH,GOOD_ENOUGH,GOOD_ENOUGH,GOOD_ENOUGH,GOOD_ENOUGH,GOOD_ENOUGH,GOOD_ENOUGH,PROPOSED_READY,22,1,0,0,1,1,0,0,0,0,0,1,0,0,PARTIAL
POR1,Académico Viseu FC,2494468,COMPLETE,GOOD_ENOUGH,GOOD_ENOUGH,GOOD_ENOUGH,GOOD_ENOUGH,GOOD_ENOUGH,GOOD_ENOUGH,PARTIAL,NONE,30,0,0,0,0,0,3,0,1,0,1,0,0,0,GOOD_ENOUGH
POR1,Benfica Lissabon,2490372,COMPLETE,PARTIAL,GOOD_ENOUGH,PARTIAL,PARTIAL,GOOD_ENOUGH,GOOD_ENOUGH,GOOD_ENOUGH,PROPOSED_READY,26,1,0,0,1,1,0,2,0,0,0,1,0,0,PARTIAL
POR1,CD Nacional,2490378,COMPLETE,GOOD_ENOUGH,GOOD_ENOUGH,GOOD_ENOUGH,GOOD_ENOUGH,GOOD_ENOUGH,GOOD_ENOUGH,PARTIAL,NONE,32,0,0,0,0,0,6,1,2,0,2,0,0,0,GOOD_ENOUGH
POR1,CD Santa Clara,2490388,COMPLETE,GOOD_ENOUGH,GOOD_ENOUGH,GOOD_ENOUGH,GOOD_ENOUGH,GOOD_ENOUGH,GOOD_ENOUGH,PARTIAL,PROPOSED_READY,25,1,0,0,1,1,8,0,0,0,0,0,0,0,GOOD_ENOUGH
POR1,CF Estrela Amadora,2490394,COMPLETE,PARTIAL,GOOD_ENOUGH,PARTIAL,PARTIAL,GOOD_ENOUGH,GOOD_ENOUGH,GOOD_ENOUGH,PROPOSED_READY,28,1,0,0,1,1,4,0,0,0,0,2,0,0,PARTIAL
POR1,CS Marítimo,2490376,COMPLETE,PARTIAL,GOOD_ENOUGH,PARTIAL,PARTIAL,GOOD_ENOUGH,GOOD_ENOUGH,GOOD_ENOUGH,NONE,30,0,0,0,0,0,3,0,0,0,0,1,0,0,PARTIAL
POR1,Casa Pia AC,2494469,COMPLETE,GOOD_ENOUGH,GOOD_ENOUGH,GOOD_ENOUGH,GOOD_ENOUGH,GOOD_ENOUGH,GOOD_ENOUGH,GOOD_ENOUGH,PROPOSED_READY,27,1,0,0,1,1,2,0,0,0,0,1,0,0,PARTIAL
POR1,FC Alverca,2490393,COMPLETE,GOOD_ENOUGH,GOOD_ENOUGH,GOOD_ENOUGH,GOOD_ENOUGH,GOOD_ENOUGH,GOOD_ENOUGH,GOOD_ENOUGH,NONE,33,0,0,0,0,0,6,0,0,0,0,0,0,0,GOOD_ENOUGH
POR1,FC Arouca,2494470,COMPLETE,GOOD_ENOUGH,GOOD_ENOUGH,GOOD_ENOUGH,GOOD_ENOUGH,GOOD_ENOUGH,GOOD_ENOUGH,GOOD_ENOUGH,PROPOSED_READY,27,2,0,0,2,2,1,0,0,0,0,0,0,0,GOOD_ENOUGH
POR1,FC Famalicão,2490398,COMPLETE,GOOD_ENOUGH,GOOD_ENOUGH,GOOD_ENOUGH,GOOD_ENOUGH,GOOD_ENOUGH,GOOD_ENOUGH,GOOD_ENOUGH,PROPOSED_READY,23,1,0,0,1,1,1,0,0,0,0,0,0,0,GOOD_ENOUGH
POR1,FC Porto,2490380,COMPLETE,GOOD_ENOUGH,GOOD_ENOUGH,GOOD_ENOUGH,GOOD_ENOUGH,GOOD_ENOUGH,GOOD_ENOUGH,GOOD_ENOUGH,NONE,27,0,0,0,0,0,0,0,0,0,0,1,0,0,PARTIAL
POR1,GD Estoril Praia,2490386,COMPLETE,GOOD_ENOUGH,GOOD_ENOUGH,GOOD_ENOUGH,GOOD_ENOUGH,GOOD_ENOUGH,GOOD_ENOUGH,GOOD_ENOUGH,NONE,27,0,0,0,0,0,1,0,0,0,0,0,0,0,GOOD_ENOUGH
POR1,Gil Vicente FC,2490375,COMPLETE,GOOD_ENOUGH,GOOD_ENOUGH,GOOD_ENOUGH,GOOD_ENOUGH,GOOD_ENOUGH,GOOD_ENOUGH,GOOD_ENOUGH,NONE,28,0,0,0,0,0,3,0,0,0,0,0,0,0,GOOD_ENOUGH
POR1,Moreirense FC,2490377,COMPLETE,GOOD_ENOUGH,GOOD_ENOUGH,GOOD_ENOUGH,GOOD_ENOUGH,PARTIAL,GOOD_ENOUGH,GOOD_ENOUGH,PROPOSED_READY,29,2,0,0,2,2,2,0,1,0,1,1,0,1,PARTIAL
POR1,Rio Ave FC,2490381,COMPLETE,GOOD_ENOUGH,GOOD_ENOUGH,GOOD_ENOUGH,GOOD_ENOUGH,GOOD_ENOUGH,GOOD_ENOUGH,PARTIAL,NONE,36,0,0,0,0,0,3,1,0,0,0,0,0,0,GOOD_ENOUGH
POR1,SC Braga,2490374,COMPLETE,GOOD_ENOUGH,GOOD_ENOUGH,GOOD_ENOUGH,GOOD_ENOUGH,GOOD_ENOUGH,GOOD_ENOUGH,GOOD_ENOUGH,NONE,25,0,0,0,0,0,0,0,0,0,0,0,0,0,GOOD_ENOUGH
POR1,Sporting Lissabon,2490382,COMPLETE,GOOD_ENOUGH,GOOD_ENOUGH,GOOD_ENOUGH,GOOD_ENOUGH,GOOD_ENOUGH,GOOD_ENOUGH,PARTIAL,NONE,27,0,0,0,0,0,1,2,0,0,0,0,0,0,GOOD_ENOUGH
POR1,Vitória Guimarães SC,2490397,COMPLETE,GOOD_ENOUGH,GOOD_ENOUGH,GOOD_ENOUGH,GOOD_ENOUGH,GOOD_ENOUGH,GOOD_ENOUGH,PARTIAL,NONE,28,0,0,0,0,0,0,1,0,0,0,0,0,0,GOOD_ENOUGH
NED1,ADO Den Haag,2228225,COMPLETE,GOOD_ENOUGH,GOOD_ENOUGH,GOOD_ENOUGH,GOOD_ENOUGH,GOOD_ENOUGH,GOOD_ENOUGH,GOOD_ENOUGH,NONE,27,0,0,0,0,0,3,0,1,0,1,1,0,0,PARTIAL
NED1,AZ Alkmaar,2228226,COMPLETE,GOOD_ENOUGH,GOOD_ENOUGH,GOOD_ENOUGH,GOOD_ENOUGH,GOOD_ENOUGH,GOOD_ENOUGH,GOOD_ENOUGH,NONE,29,0,0,0,0,0,0,0,0,0,0,0,0,0,GOOD_ENOUGH
NED1,Ajax Amsterdam,2228227,COMPLETE,GOOD_ENOUGH,GOOD_ENOUGH,GOOD_ENOUGH,GOOD_ENOUGH,GOOD_ENOUGH,GOOD_ENOUGH,GOOD_ENOUGH,NONE,27,0,0,0,0,0,1,1,1,0,1,0,0,0,GOOD_ENOUGH
NED1,Excelsior Rotterdam,2228244,COMPLETE,GOOD_ENOUGH,GOOD_ENOUGH,GOOD_ENOUGH,GOOD_ENOUGH,GOOD_ENOUGH,GOOD_ENOUGH,GOOD_ENOUGH,NONE,25,0,0,0,0,0,0,0,0,0,0,0,0,0,GOOD_ENOUGH
NED1,FC Groningen,2228233,COMPLETE,GOOD_ENOUGH,GOOD_ENOUGH,GOOD_ENOUGH,GOOD_ENOUGH,GOOD_ENOUGH,GOOD_ENOUGH,GOOD_ENOUGH,NONE,28,0,0,0,0,0,1,0,0,0,0,0,0,0,GOOD_ENOUGH
NED1,FC Twente Enschede,2228240,COMPLETE,GOOD_ENOUGH,GOOD_ENOUGH,GOOD_ENOUGH,GOOD_ENOUGH,GOOD_ENOUGH,GOOD_ENOUGH,GOOD_ENOUGH,NONE,27,0,0,0,0,0,0,0,0,0,0,0,0,0,GOOD_ENOUGH
NED1,FC Utrecht,2228241,COMPLETE,GOOD_ENOUGH,GOOD_ENOUGH,GOOD_ENOUGH,GOOD_ENOUGH,GOOD_ENOUGH,GOOD_ENOUGH,GOOD_ENOUGH,NONE,31,0,0,0,0,0,4,0,1,0,1,0,0,0,GOOD_ENOUGH
NED1,Feyenoord Rotterdam,2228232,COMPLETE,GOOD_ENOUGH,GOOD_ENOUGH,GOOD_ENOUGH,GOOD_ENOUGH,GOOD_ENOUGH,GOOD_ENOUGH,GOOD_ENOUGH,NONE,31,0,0,0,0,0,0,1,0,1,1,0,0,0,GOOD_ENOUGH
NED1,Fortuna Sittard,2228247,COMPLETE,GOOD_ENOUGH,GOOD_ENOUGH,GOOD_ENOUGH,GOOD_ENOUGH,GOOD_ENOUGH,GOOD_ENOUGH,GOOD_ENOUGH,PROPOSED_READY,22,1,0,0,1,1,2,0,2,0,2,0,0,0,GOOD_ENOUGH
NED1,Go Ahead Eagles Deventer,2228248,COMPLETE,GOOD_ENOUGH,GOOD_ENOUGH,GOOD_ENOUGH,GOOD_ENOUGH,GOOD_ENOUGH,GOOD_ENOUGH,GOOD_ENOUGH,NONE,29,0,0,0,0,0,1,0,0,0,0,0,0,0,GOOD_ENOUGH
NED1,NEC Nijmegen,2228235,COMPLETE,GOOD_ENOUGH,GOOD_ENOUGH,GOOD_ENOUGH,GOOD_ENOUGH,GOOD_ENOUGH,GOOD_ENOUGH,GOOD_ENOUGH,NONE,29,0,0,0,0,0,1,1,1,0,1,0,0,0,GOOD_ENOUGH
NED1,PEC Zwolle,2228260,COMPLETE,GOOD_ENOUGH,GOOD_ENOUGH,GOOD_ENOUGH,GOOD_ENOUGH,GOOD_ENOUGH,GOOD_ENOUGH,PARTIAL,NONE,24,0,0,0,0,0,0,1,0,0,0,1,0,0,PARTIAL
NED1,PSV Eindhoven,2228236,COMPLETE,GOOD_ENOUGH,GOOD_ENOUGH,GOOD_ENOUGH,GOOD_ENOUGH,GOOD_ENOUGH,GOOD_ENOUGH,GOOD_ENOUGH,NONE,31,0,0,0,0,0,0,2,0,0,0,0,0,0,GOOD_ENOUGH
NED1,SC Cambuur Leeuwarden,2228253,COMPLETE,GOOD_ENOUGH,GOOD_ENOUGH,GOOD_ENOUGH,GOOD_ENOUGH,GOOD_ENOUGH,GOOD_ENOUGH,GOOD_ENOUGH,NONE,28,0,0,0,0,0,2,0,0,0,0,0,0,0,GOOD_ENOUGH
NED1,SC Heerenveen,2228234,COMPLETE,GOOD_ENOUGH,GOOD_ENOUGH,GOOD_ENOUGH,GOOD_ENOUGH,GOOD_ENOUGH,GOOD_ENOUGH,GOOD_ENOUGH,NONE,24,0,0,0,0,0,2,1,0,0,0,0,0,0,GOOD_ENOUGH
NED1,SC Telstar,2228252,COMPLETE,PARTIAL,GOOD_ENOUGH,PARTIAL,PARTIAL,GOOD_ENOUGH,GOOD_ENOUGH,GOOD_ENOUGH,PROPOSED_READY,25,1,0,0,1,1,3,0,0,0,0,2,0,0,PARTIAL
NED1,Sparta Rotterdam,2228256,COMPLETE,GOOD_ENOUGH,GOOD_ENOUGH,GOOD_ENOUGH,GOOD_ENOUGH,GOOD_ENOUGH,GOOD_ENOUGH,PARTIAL,NONE,25,0,0,0,0,0,0,1,0,0,0,0,0,0,GOOD_ENOUGH
NED1,Willem II Tilburg,2228239,COMPLETE,PARTIAL,GOOD_ENOUGH,PARTIAL,PARTIAL,GOOD_ENOUGH,GOOD_ENOUGH,GOOD_ENOUGH,NONE,28,0,0,0,0,0,1,0,0,0,0,1,0,0,PARTIAL
BEL1,Cercle Brügge,458755,COMPLETE,GOOD_ENOUGH,GOOD_ENOUGH,GOOD_ENOUGH,GOOD_ENOUGH,GOOD_ENOUGH,GOOD_ENOUGH,GOOD_ENOUGH,PROPOSED_READY,29,1,0,0,1,1,5,0,0,0,0,0,0,0,GOOD_ENOUGH
BEL1,Club Brügge,458756,COMPLETE,GOOD_ENOUGH,GOOD_ENOUGH,GOOD_ENOUGH,GOOD_ENOUGH,GOOD_ENOUGH,GOOD_ENOUGH,GOOD_ENOUGH,NONE,27,0,0,0,0,0,0,0,0,0,0,0,0,0,GOOD_ENOUGH
BEL1,KAA Gent,458753,COMPLETE,GOOD_ENOUGH,GOOD_ENOUGH,GOOD_ENOUGH,GOOD_ENOUGH,GOOD_ENOUGH,GOOD_ENOUGH,PARTIAL,PROPOSED_READY,33,1,0,0,1,1,1,1,0,0,0,0,0,0,GOOD_ENOUGH
BEL1,KRC Genk,458768,COMPLETE,GOOD_ENOUGH,GOOD_ENOUGH,GOOD_ENOUGH,GOOD_ENOUGH,GOOD_ENOUGH,GOOD_ENOUGH,PARTIAL,NONE,30,0,0,0,0,0,2,1,1,0,1,0,0,0,GOOD_ENOUGH
BEL1,KV Kortrijk,458781,COMPLETE,PARTIAL,GOOD_ENOUGH,PARTIAL,PARTIAL,GOOD_ENOUGH,GOOD_ENOUGH,PARTIAL,NONE,28,0,0,0,0,0,0,0,0,0,0,1,0,0,PARTIAL
BEL1,KV Mechelen,458787,COMPLETE,GOOD_ENOUGH,GOOD_ENOUGH,GOOD_ENOUGH,GOOD_ENOUGH,GOOD_ENOUGH,GOOD_ENOUGH,PARTIAL,NONE,31,0,0,0,0,0,0,1,0,0,0,0,0,0,GOOD_ENOUGH
BEL1,KVC Westerlo,458763,COMPLETE,GOOD_ENOUGH,GOOD_ENOUGH,GOOD_ENOUGH,GOOD_ENOUGH,GOOD_ENOUGH,GOOD_ENOUGH,GOOD_ENOUGH,PROPOSED_READY,29,1,0,0,1,1,3,1,0,0,0,0,0,0,GOOD_ENOUGH
BEL1,Lommel SK,458783,COMPLETE,PARTIAL,GOOD_ENOUGH,PARTIAL,PARTIAL,PARTIAL,GOOD_ENOUGH,GOOD_ENOUGH,NONE,26,0,0,0,0,0,0,0,0,0,0,2,0,1,PARTIAL
BEL1,Oud-Heverlee Leuven,458775,COMPLETE,PARTIAL,GOOD_ENOUGH,PARTIAL,PARTIAL,GOOD_ENOUGH,GOOD_ENOUGH,GOOD_ENOUGH,PROPOSED_READY,33,2,0,0,2,2,1,1,0,0,0,1,0,0,PARTIAL
BEL1,RAAL La Louvière,471041,COMPLETE,PARTIAL,GOOD_ENOUGH,PARTIAL,PARTIAL,GOOD_ENOUGH,GOOD_ENOUGH,GOOD_ENOUGH,NONE,26,0,0,0,0,0,2,2,0,0,0,2,0,0,PARTIAL
BEL1,RSC Anderlecht,458766,COMPLETE,GOOD_ENOUGH,GOOD_ENOUGH,GOOD_ENOUGH,GOOD_ENOUGH,GOOD_ENOUGH,GOOD_ENOUGH,GOOD_ENOUGH,NONE,33,0,0,0,0,0,1,1,0,0,0,0,0,0,GOOD_ENOUGH
BEL1,Royal Antwerpen FC,458785,COMPLETE,GOOD_ENOUGH,GOOD_ENOUGH,GOOD_ENOUGH,GOOD_ENOUGH,GOOD_ENOUGH,GOOD_ENOUGH,GOOD_ENOUGH,PROPOSED_READY,27,3,0,0,3,3,0,3,0,0,0,0,0,0,GOOD_ENOUGH
BEL1,Royal Charleroi SC,458761,COMPLETE,GOOD_ENOUGH,GOOD_ENOUGH,GOOD_ENOUGH,GOOD_ENOUGH,GOOD_ENOUGH,GOOD_ENOUGH,GOOD_ENOUGH,NONE,23,0,0,0,0,0,5,0,1,0,1,0,0,0,GOOD_ENOUGH
BEL1,SK Beveren,458788,COMPLETE,GOOD_ENOUGH,GOOD_ENOUGH,GOOD_ENOUGH,GOOD_ENOUGH,GOOD_ENOUGH,GOOD_ENOUGH,PARTIAL,PROPOSED_READY,29,1,0,0,1,1,3,0,2,0,2,0,0,0,GOOD_ENOUGH
BEL1,Standard Lüttich,458760,COMPLETE,GOOD_ENOUGH,GOOD_ENOUGH,GOOD_ENOUGH,GOOD_ENOUGH,GOOD_ENOUGH,GOOD_ENOUGH,GOOD_ENOUGH,NONE,27,0,0,0,0,0,1,0,0,0,0,0,0,0,GOOD_ENOUGH
BEL1,Union Saint-Gilloise,458780,COMPLETE,GOOD_ENOUGH,GOOD_ENOUGH,GOOD_ENOUGH,GOOD_ENOUGH,GOOD_ENOUGH,GOOD_ENOUGH,GOOD_ENOUGH,PROPOSED_READY,26,1,0,0,1,1,1,1,0,0,0,0,0,0,GOOD_ENOUGH
BEL1,VV St. Truiden,458759,COMPLETE,GOOD_ENOUGH,GOOD_ENOUGH,GOOD_ENOUGH,GOOD_ENOUGH,GOOD_ENOUGH,GOOD_ENOUGH,PARTIAL,PROPOSED_READY,26,1,0,0,1,1,4,1,0,0,0,0,0,0,GOOD_ENOUGH
BEL1,Zulte Waregem,458782,COMPLETE,GOOD_ENOUGH,GOOD_ENOUGH,GOOD_ENOUGH,GOOD_ENOUGH,GOOD_ENOUGH,GOOD_ENOUGH,PARTIAL,PROPOSED_READY,27,1,0,0,1,1,1,0,0,0,0,0,0,0,GOOD_ENOUGH
TUR1,Alanyaspor,3145783,COMPLETE,GOOD_ENOUGH,GOOD_ENOUGH,GOOD_ENOUGH,GOOD_ENOUGH,PARTIAL,GOOD_ENOUGH,PARTIAL,PROPOSED_READY,26,1,0,0,1,1,1,1,0,0,0,1,0,1,PARTIAL
TUR1,Amed SK,3145856,COMPLETE,GOOD_ENOUGH,GOOD_ENOUGH,GOOD_ENOUGH,GOOD_ENOUGH,GOOD_ENOUGH,GOOD_ENOUGH,PARTIAL,NONE,27,0,0,0,0,0,4,0,0,0,0,0,0,0,GOOD_ENOUGH
TUR1,Basaksehir FK,3145841,COMPLETE,GOOD_ENOUGH,GOOD_ENOUGH,GOOD_ENOUGH,GOOD_ENOUGH,GOOD_ENOUGH,GOOD_ENOUGH,PARTIAL,NONE,30,0,0,0,0,0,2,0,0,0,0,0,0,0,GOOD_ENOUGH
TUR1,Besiktas JK,3145824,COMPLETE,GOOD_ENOUGH,GOOD_ENOUGH,GOOD_ENOUGH,GOOD_ENOUGH,GOOD_ENOUGH,GOOD_ENOUGH,PARTIAL,NONE,30,0,0,0,0,0,1,2,1,0,1,0,0,0,GOOD_ENOUGH
TUR1,Caykur Rizespor,3145837,COMPLETE,GOOD_ENOUGH,GOOD_ENOUGH,GOOD_ENOUGH,GOOD_ENOUGH,GOOD_ENOUGH,GOOD_ENOUGH,GOOD_ENOUGH,NONE,27,0,0,0,0,0,0,0,0,1,1,0,0,0,GOOD_ENOUGH
TUR1,Corum FK,3149867,COMPLETE,GOOD_ENOUGH,GOOD_ENOUGH,GOOD_ENOUGH,GOOD_ENOUGH,GOOD_ENOUGH,GOOD_ENOUGH,PARTIAL,NONE,27,0,0,0,0,0,3,0,0,0,0,0,0,0,GOOD_ENOUGH
TUR1,Erzurumspor FK,3145765,COMPLETE,GOOD_ENOUGH,GOOD_ENOUGH,GOOD_ENOUGH,GOOD_ENOUGH,GOOD_ENOUGH,GOOD_ENOUGH,PARTIAL,PROPOSED_READY,26,1,0,0,1,1,3,0,0,0,0,0,0,0,GOOD_ENOUGH
TUR1,Eyüpspor,3145777,COMPLETE,GOOD_ENOUGH,GOOD_ENOUGH,GOOD_ENOUGH,GOOD_ENOUGH,GOOD_ENOUGH,GOOD_ENOUGH,PARTIAL,PROPOSED_READY,28,4,0,0,4,4,9,2,1,0,1,0,0,0,GOOD_ENOUGH
TUR1,Fenerbahce,3145823,COMPLETE,GOOD_ENOUGH,GOOD_ENOUGH,GOOD_ENOUGH,GOOD_ENOUGH,GOOD_ENOUGH,GOOD_ENOUGH,PARTIAL,NONE,28,0,0,0,0,0,0,0,0,0,0,0,0,0,GOOD_ENOUGH
TUR1,Galatasaray,3145825,COMPLETE,GOOD_ENOUGH,GOOD_ENOUGH,GOOD_ENOUGH,GOOD_ENOUGH,GOOD_ENOUGH,GOOD_ENOUGH,GOOD_ENOUGH,NONE,31,0,0,0,0,0,2,0,0,0,0,0,0,0,GOOD_ENOUGH
TUR1,Gaziantep FK,3145773,COMPLETE,GOOD_ENOUGH,GOOD_ENOUGH,GOOD_ENOUGH,GOOD_ENOUGH,PARTIAL,GOOD_ENOUGH,PARTIAL,PROPOSED_READY,29,2,0,0,2,2,2,0,0,0,0,1,0,1,PARTIAL
TUR1,Genclerbirligi Ankara,3145836,COMPLETE,GOOD_ENOUGH,GOOD_ENOUGH,GOOD_ENOUGH,GOOD_ENOUGH,GOOD_ENOUGH,GOOD_ENOUGH,PARTIAL,PROPOSED_READY,24,1,0,0,1,1,2,0,0,0,0,0,0,0,GOOD_ENOUGH
TUR1,Göztepe,3145820,COMPLETE,PARTIAL,GOOD_ENOUGH,PARTIAL,PARTIAL,GOOD_ENOUGH,GOOD_ENOUGH,PARTIAL,NONE,23,0,0,0,0,0,1,2,0,0,0,1,0,0,PARTIAL
TUR1,Kasimpasa,3145843,COMPLETE,GOOD_ENOUGH,GOOD_ENOUGH,GOOD_ENOUGH,GOOD_ENOUGH,GOOD_ENOUGH,GOOD_ENOUGH,PARTIAL,NONE,30,0,0,0,0,0,3,1,0,0,0,0,0,0,GOOD_ENOUGH
TUR1,Kocaelispor,3145754,COMPLETE,GOOD_ENOUGH,GOOD_ENOUGH,GOOD_ENOUGH,GOOD_ENOUGH,GOOD_ENOUGH,GOOD_ENOUGH,PARTIAL,PROPOSED_READY,29,3,0,0,3,3,2,0,0,0,0,0,0,0,GOOD_ENOUGH
TUR1,Konyaspor,3145839,COMPLETE,GOOD_ENOUGH,GOOD_ENOUGH,GOOD_ENOUGH,GOOD_ENOUGH,GOOD_ENOUGH,GOOD_ENOUGH,GOOD_ENOUGH,PROPOSED_READY,27,1,0,0,1,1,1,0,0,0,0,0,0,0,GOOD_ENOUGH
TUR1,Samsunspor,3145745,COMPLETE,GOOD_ENOUGH,GOOD_ENOUGH,GOOD_ENOUGH,GOOD_ENOUGH,PARTIAL,GOOD_ENOUGH,PARTIAL,NONE,27,0,0,0,0,0,3,1,0,0,0,1,0,1,PARTIAL
TUR1,Trabzonspor,3145826,COMPLETE,GOOD_ENOUGH,GOOD_ENOUGH,GOOD_ENOUGH,GOOD_ENOUGH,GOOD_ENOUGH,GOOD_ENOUGH,GOOD_ENOUGH,NONE,30,0,0,0,0,0,1,0,0,0,0,0,0,0,GOOD_ENOUGH
CZE1,1.FC Slovacko,786461,COMPLETE,GOOD_ENOUGH,GOOD_ENOUGH,GOOD_ENOUGH,GOOD_ENOUGH,GOOD_ENOUGH,GOOD_ENOUGH,PARTIAL,PROPOSED_READY,28,1,0,0,1,1,3,1,1,0,1,0,0,0,GOOD_ENOUGH
CZE1,AC Sparta Prag,786442,COMPLETE,GOOD_ENOUGH,GOOD_ENOUGH,GOOD_ENOUGH,GOOD_ENOUGH,GOOD_ENOUGH,GOOD_ENOUGH,GOOD_ENOUGH,NONE,30,0,0,0,0,0,7,3,0,0,0,0,0,0,GOOD_ENOUGH
CZE1,Bohemians Prag 1905,786453,COMPLETE,GOOD_ENOUGH,GOOD_ENOUGH,GOOD_ENOUGH,GOOD_ENOUGH,GOOD_ENOUGH,GOOD_ENOUGH,PARTIAL,PROPOSED_READY,29,1,0,0,1,1,3,1,0,0,0,0,0,0,GOOD_ENOUGH
CZE1,FC Banik Ostrau,786446,COMPLETE,GOOD_ENOUGH,GOOD_ENOUGH,GOOD_ENOUGH,GOOD_ENOUGH,GOOD_ENOUGH,GOOD_ENOUGH,PARTIAL,NONE,25,0,0,0,0,0,6,3,1,1,2,0,0,0,GOOD_ENOUGH
CZE1,FC Hradec Kralove,790530,COMPLETE,GOOD_ENOUGH,GOOD_ENOUGH,GOOD_ENOUGH,GOOD_ENOUGH,GOOD_ENOUGH,GOOD_ENOUGH,GOOD_ENOUGH,NONE,27,0,0,0,0,0,3,2,0,0,0,0,0,0,GOOD_ENOUGH
CZE1,FC Slovan Liberec,786438,COMPLETE,PARTIAL,GOOD_ENOUGH,PARTIAL,PARTIAL,GOOD_ENOUGH,GOOD_ENOUGH,PARTIAL,PROPOSED_READY,30,1,0,0,1,1,2,2,0,1,1,1,0,0,PARTIAL
CZE1,FC Viktoria Pilsen,786450,COMPLETE,GOOD_ENOUGH,GOOD_ENOUGH,GOOD_ENOUGH,GOOD_ENOUGH,GOOD_ENOUGH,GOOD_ENOUGH,PARTIAL,NONE,29,0,0,0,0,0,4,0,0,0,0,0,0,0,GOOD_ENOUGH
CZE1,FC Zbrojovka Brünn,786447,COMPLETE,GOOD_ENOUGH,GOOD_ENOUGH,GOOD_ENOUGH,GOOD_ENOUGH,PARTIAL,GOOD_ENOUGH,PARTIAL,NONE,30,0,0,0,0,0,10,0,1,0,1,1,0,1,PARTIAL
CZE1,FC Zlin,786445,COMPLETE,GOOD_ENOUGH,GOOD_ENOUGH,GOOD_ENOUGH,GOOD_ENOUGH,GOOD_ENOUGH,GOOD_ENOUGH,GOOD_ENOUGH,NONE,32,0,0,0,0,0,0,0,0,0,0,0,0,0,GOOD_ENOUGH
CZE1,FK Jablonec,786437,COMPLETE,PARTIAL,GOOD_ENOUGH,PARTIAL,PARTIAL,GOOD_ENOUGH,GOOD_ENOUGH,GOOD_ENOUGH,PROPOSED_READY,27,1,0,0,1,1,2,2,0,0,0,2,0,0,PARTIAL
CZE1,FK Mlada Boleslav,786434,COMPLETE,GOOD_ENOUGH,GOOD_ENOUGH,GOOD_ENOUGH,GOOD_ENOUGH,PARTIAL,GOOD_ENOUGH,GOOD_ENOUGH,NONE,26,0,0,0,0,0,4,5,0,0,0,3,0,2,PARTIAL
CZE1,FK Pardubice,790538,COMPLETE,PARTIAL,GOOD_ENOUGH,PARTIAL,PARTIAL,PARTIAL,GOOD_ENOUGH,PARTIAL,PROPOSED_READY,29,2,0,0,2,2,4,3,0,0,0,2,0,1,PARTIAL
CZE1,FK Teplice,786443,COMPLETE,GOOD_ENOUGH,GOOD_ENOUGH,GOOD_ENOUGH,GOOD_ENOUGH,GOOD_ENOUGH,GOOD_ENOUGH,PARTIAL,NONE,32,0,0,0,0,0,5,0,0,0,0,0,0,0,GOOD_ENOUGH
CZE1,SK Artis Brünn,790564,COMPLETE,GOOD_ENOUGH,GOOD_ENOUGH,GOOD_ENOUGH,GOOD_ENOUGH,GOOD_ENOUGH,GOOD_ENOUGH,PARTIAL,NONE,33,0,0,0,0,0,10,1,2,0,2,0,0,0,GOOD_ENOUGH
CZE1,SK Sigma Olmütz,786439,COMPLETE,GOOD_ENOUGH,GOOD_ENOUGH,GOOD_ENOUGH,GOOD_ENOUGH,GOOD_ENOUGH,GOOD_ENOUGH,PARTIAL,NONE,31,0,0,0,0,0,7,4,1,1,2,0,0,0,GOOD_ENOUGH
CZE1,SK Slavia Prag,786441,COMPLETE,GOOD_ENOUGH,GOOD_ENOUGH,GOOD_ENOUGH,GOOD_ENOUGH,GOOD_ENOUGH,GOOD_ENOUGH,PARTIAL,NONE,29,0,0,0,0,0,3,6,0,2,2,0,0,0,GOOD_ENOUGH
GER2,1.FC Heidenheim 1846,1376302,COMPLETE,GOOD_ENOUGH,GOOD_ENOUGH,GOOD_ENOUGH,GOOD_ENOUGH,GOOD_ENOUGH,GOOD_ENOUGH,GOOD_ENOUGH,NONE,26,0,0,0,0,0,1,1,0,0,0,0,0,0,GOOD_ENOUGH
GER2,1.FC Kaiserslautern,1376257,COMPLETE,GOOD_ENOUGH,GOOD_ENOUGH,GOOD_ENOUGH,GOOD_ENOUGH,GOOD_ENOUGH,GOOD_ENOUGH,GOOD_ENOUGH,NONE,29,0,0,0,0,0,2,3,0,0,0,0,0,0,GOOD_ENOUGH
GER2,1.FC Magdeburg,1376373,COMPLETE,GOOD_ENOUGH,GOOD_ENOUGH,GOOD_ENOUGH,GOOD_ENOUGH,GOOD_ENOUGH,GOOD_ENOUGH,GOOD_ENOUGH,PROPOSED_READY,30,1,0,0,1,1,7,4,0,0,0,0,0,0,GOOD_ENOUGH
GER2,1.FC Nürnberg,1376258,COMPLETE,GOOD_ENOUGH,GOOD_ENOUGH,GOOD_ENOUGH,GOOD_ENOUGH,GOOD_ENOUGH,GOOD_ENOUGH,PARTIAL,NONE,27,0,0,0,0,0,4,4,0,0,0,0,0,0,GOOD_ENOUGH
GER2,Arminia Bielefeld,1376260,COMPLETE,GOOD_ENOUGH,GOOD_ENOUGH,GOOD_ENOUGH,GOOD_ENOUGH,GOOD_ENOUGH,GOOD_ENOUGH,GOOD_ENOUGH,NONE,26,0,0,0,0,0,1,1,0,0,0,0,0,0,GOOD_ENOUGH
GER2,Eintracht Braunschweig,1376426,COMPLETE,GOOD_ENOUGH,GOOD_ENOUGH,GOOD_ENOUGH,GOOD_ENOUGH,GOOD_ENOUGH,GOOD_ENOUGH,GOOD_ENOUGH,NONE,27,0,0,0,0,0,1,1,1,0,1,0,0,0,GOOD_ENOUGH
GER2,FC Energie Cottbus,1376280,COMPLETE,GOOD_ENOUGH,GOOD_ENOUGH,GOOD_ENOUGH,GOOD_ENOUGH,GOOD_ENOUGH,GOOD_ENOUGH,GOOD_ENOUGH,NONE,27,0,0,0,0,0,2,1,0,1,1,0,0,0,GOOD_ENOUGH
GER2,FC St. Pauli,1376425,COMPLETE,GOOD_ENOUGH,GOOD_ENOUGH,GOOD_ENOUGH,GOOD_ENOUGH,GOOD_ENOUGH,GOOD_ENOUGH,GOOD_ENOUGH,NONE,28,0,0,0,0,0,6,1,0,1,1,0,0,0,GOOD_ENOUGH
GER2,Hannover 96,1376268,COMPLETE,GOOD_ENOUGH,GOOD_ENOUGH,GOOD_ENOUGH,GOOD_ENOUGH,GOOD_ENOUGH,GOOD_ENOUGH,GOOD_ENOUGH,NONE,29,0,0,0,0,0,1,1,0,0,0,0,0,0,GOOD_ENOUGH
GER2,Hertha BSC,1376269,COMPLETE,GOOD_ENOUGH,GOOD_ENOUGH,GOOD_ENOUGH,GOOD_ENOUGH,GOOD_ENOUGH,GOOD_ENOUGH,GOOD_ENOUGH,NONE,27,0,0,0,0,0,0,0,0,0,0,0,0,0,GOOD_ENOUGH
GER2,Holstein Kiel,1376418,COMPLETE,GOOD_ENOUGH,GOOD_ENOUGH,GOOD_ENOUGH,GOOD_ENOUGH,GOOD_ENOUGH,GOOD_ENOUGH,GOOD_ENOUGH,PROPOSED_READY,31,1,0,0,1,1,1,2,0,0,0,0,0,0,GOOD_ENOUGH
GER2,Karlsruher SC,1376283,COMPLETE,GOOD_ENOUGH,GOOD_ENOUGH,GOOD_ENOUGH,GOOD_ENOUGH,GOOD_ENOUGH,GOOD_ENOUGH,GOOD_ENOUGH,NONE,26,0,0,0,0,0,10,0,0,0,0,0,0,0,GOOD_ENOUGH
GER2,SG Dynamo Dresden,1376278,COMPLETE,PARTIAL,GOOD_ENOUGH,PARTIAL,PARTIAL,GOOD_ENOUGH,GOOD_ENOUGH,PARTIAL,NONE,27,0,0,0,0,0,5,1,0,0,0,2,0,0,PARTIAL
GER2,SV Darmstadt 98,1376442,COMPLETE,GOOD_ENOUGH,GOOD_ENOUGH,GOOD_ENOUGH,GOOD_ENOUGH,GOOD_ENOUGH,GOOD_ENOUGH,GOOD_ENOUGH,NONE,31,0,0,0,0,0,6,0,0,0,0,0,0,0,GOOD_ENOUGH
GER2,SpVgg Greuther Fürth,1376288,COMPLETE,GOOD_ENOUGH,GOOD_ENOUGH,GOOD_ENOUGH,GOOD_ENOUGH,GOOD_ENOUGH,GOOD_ENOUGH,GOOD_ENOUGH,NONE,28,0,0,0,0,0,2,2,1,1,2,0,0,0,GOOD_ENOUGH
GER2,VfL Bochum,1376273,COMPLETE,GOOD_ENOUGH,GOOD_ENOUGH,GOOD_ENOUGH,GOOD_ENOUGH,GOOD_ENOUGH,GOOD_ENOUGH,GOOD_ENOUGH,NONE,28,0,0,0,0,0,1,0,0,0,0,0,0,0,GOOD_ENOUGH
GER2,VfL Osnabrück,1376420,COMPLETE,GOOD_ENOUGH,GOOD_ENOUGH,GOOD_ENOUGH,GOOD_ENOUGH,GOOD_ENOUGH,GOOD_ENOUGH,GOOD_ENOUGH,NONE,26,0,0,0,0,0,4,2,0,0,0,0,0,0,GOOD_ENOUGH
GER2,VfL Wolfsburg,1376274,COMPLETE,GOOD_ENOUGH,GOOD_ENOUGH,GOOD_ENOUGH,GOOD_ENOUGH,GOOD_ENOUGH,GOOD_ENOUGH,GOOD_ENOUGH,NONE,30,0,0,0,0,0,4,2,0,0,0,0,0,0,GOOD_ENOUGH
GER3,1.FC Saarbrücken,1376287,COMPLETE,GOOD_ENOUGH,GOOD_ENOUGH,GOOD_ENOUGH,GOOD_ENOUGH,GOOD_ENOUGH,GOOD_ENOUGH,GOOD_ENOUGH,NONE,28,0,0,0,0,0,0,1,0,0,0,0,0,0,GOOD_ENOUGH
GER3,Alemannia Aachen,1376276,COMPLETE,PARTIAL,GOOD_ENOUGH,PARTIAL,PARTIAL,GOOD_ENOUGH,GOOD_ENOUGH,GOOD_ENOUGH,NONE,25,0,0,0,0,0,3,3,0,0,0,1,0,0,PARTIAL
GER3,FC Hansa Rostock,1376265,COMPLETE,GOOD_ENOUGH,GOOD_ENOUGH,PARTIAL,PARTIAL,GOOD_ENOUGH,GOOD_ENOUGH,GOOD_ENOUGH,NONE,30,0,0,0,0,0,1,2,1,0,1,1,0,0,PARTIAL
GER3,FC Ingolstadt 04,1376315,COMPLETE,GOOD_ENOUGH,GOOD_ENOUGH,GOOD_ENOUGH,GOOD_ENOUGH,GOOD_ENOUGH,GOOD_ENOUGH,GOOD_ENOUGH,NONE,28,0,0,0,0,0,1,0,0,0,0,0,0,0,GOOD_ENOUGH
GER3,FC Viktoria Köln,1376446,COMPLETE,GOOD_ENOUGH,GOOD_ENOUGH,GOOD_ENOUGH,GOOD_ENOUGH,GOOD_ENOUGH,GOOD_ENOUGH,GOOD_ENOUGH,NONE,25,0,0,0,0,0,3,0,0,0,0,0,0,0,GOOD_ENOUGH
GER3,Fortuna Düsseldorf,1376429,COMPLETE,PARTIAL,GOOD_ENOUGH,PARTIAL,PARTIAL,GOOD_ENOUGH,GOOD_ENOUGH,GOOD_ENOUGH,NONE,28,0,0,0,0,0,3,2,0,0,0,2,0,0,PARTIAL
GER3,MSV Duisburg,1376285,COMPLETE,GOOD_ENOUGH,GOOD_ENOUGH,GOOD_ENOUGH,GOOD_ENOUGH,GOOD_ENOUGH,GOOD_ENOUGH,GOOD_ENOUGH,NONE,25,0,0,0,0,0,1,0,0,0,0,0,0,0,GOOD_ENOUGH
GER3,Preußen Münster,1376419,COMPLETE,PARTIAL,GOOD_ENOUGH,PARTIAL,PARTIAL,GOOD_ENOUGH,GOOD_ENOUGH,GOOD_ENOUGH,NONE,28,0,0,0,0,0,0,3,0,0,0,1,0,0,PARTIAL
GER3,Rot-Weiss Essen,1376282,COMPLETE,GOOD_ENOUGH,GOOD_ENOUGH,GOOD_ENOUGH,GOOD_ENOUGH,GOOD_ENOUGH,GOOD_ENOUGH,GOOD_ENOUGH,PROPOSED_READY,25,1,0,0,1,1,1,3,0,0,0,0,0,0,GOOD_ENOUGH
GER3,SC Fortuna Köln,1376444,COMPLETE,GOOD_ENOUGH,GOOD_ENOUGH,GOOD_ENOUGH,GOOD_ENOUGH,GOOD_ENOUGH,GOOD_ENOUGH,GOOD_ENOUGH,NONE,28,0,0,0,0,0,3,0,1,0,1,0,0,0,GOOD_ENOUGH
GER3,SC Verl,1376406,COMPLETE,GOOD_ENOUGH,GOOD_ENOUGH,GOOD_ENOUGH,GOOD_ENOUGH,GOOD_ENOUGH,GOOD_ENOUGH,GOOD_ENOUGH,NONE,25,0,0,0,0,0,1,1,0,0,0,0,0,0,GOOD_ENOUGH
GER3,SG Sonnenhof Großaspach,1376306,COMPLETE,GOOD_ENOUGH,GOOD_ENOUGH,GOOD_ENOUGH,GOOD_ENOUGH,GOOD_ENOUGH,GOOD_ENOUGH,GOOD_ENOUGH,PROPOSED_READY,27,2,0,0,2,2,1,0,0,0,0,0,0,0,GOOD_ENOUGH
GER3,SSV Jahn Regensburg,1376436,COMPLETE,GOOD_ENOUGH,GOOD_ENOUGH,GOOD_ENOUGH,GOOD_ENOUGH,GOOD_ENOUGH,GOOD_ENOUGH,GOOD_ENOUGH,NONE,28,0,0,0,0,0,1,1,0,0,0,0,0,0,GOOD_ENOUGH
GER3,SV Meppen,1376347,COMPLETE,GOOD_ENOUGH,GOOD_ENOUGH,GOOD_ENOUGH,GOOD_ENOUGH,GOOD_ENOUGH,GOOD_ENOUGH,GOOD_ENOUGH,NONE,26,0,0,0,0,0,1,1,0,0,0,0,0,0,GOOD_ENOUGH
GER3,SV Waldhof Mannheim,1376301,COMPLETE,GOOD_ENOUGH,GOOD_ENOUGH,GOOD_ENOUGH,GOOD_ENOUGH,GOOD_ENOUGH,GOOD_ENOUGH,GOOD_ENOUGH,NONE,30,0,0,0,0,0,3,0,0,0,0,0,0,0,GOOD_ENOUGH
GER3,SV Wehen Wiesbaden,1376439,COMPLETE,GOOD_ENOUGH,GOOD_ENOUGH,GOOD_ENOUGH,GOOD_ENOUGH,GOOD_ENOUGH,GOOD_ENOUGH,GOOD_ENOUGH,NONE,27,0,0,0,0,0,0,0,0,0,0,0,0,0,GOOD_ENOUGH
GER3,TSG 1899 Hoffenheim II,1376433,COMPLETE,GOOD_ENOUGH,GOOD_ENOUGH,GOOD_ENOUGH,GOOD_ENOUGH,GOOD_ENOUGH,GOOD_ENOUGH,GOOD_ENOUGH,NONE,32,0,0,0,0,0,5,3,0,1,1,0,0,0,GOOD_ENOUGH
GER3,TSV Havelse,1376539,COMPLETE,PARTIAL,GOOD_ENOUGH,PARTIAL,PARTIAL,GOOD_ENOUGH,GOOD_ENOUGH,GOOD_ENOUGH,PROPOSED_READY,29,2,0,0,2,2,2,1,2,0,2,1,0,0,PARTIAL
GER3,VfB Stuttgart II,1376272,COMPLETE,PARTIAL,GOOD_ENOUGH,PARTIAL,PARTIAL,GOOD_ENOUGH,GOOD_ENOUGH,GOOD_ENOUGH,NONE,29,0,0,0,0,0,2,3,0,0,0,1,0,0,PARTIAL
GER3,Würzburger Kickers,1376540,COMPLETE,GOOD_ENOUGH,GOOD_ENOUGH,GOOD_ENOUGH,GOOD_ENOUGH,GOOD_ENOUGH,GOOD_ENOUGH,GOOD_ENOUGH,NONE,29,0,0,0,0,0,1,0,1,0,1,0,0,0,GOOD_ENOUGH
