league,season,snapshot_date,club_name,external_club_id,native_club_id,team_type,status,source_url,source_sha256
ENG1,2026/27,2026-09-12,AFC Bournemouth,989,917553,FIRST,CONFIRMED,https://www.premierleague.com/en/news/4675097/all-380-fixtures-for-202627-premier-league-season,27455262c832f50308fd7fc027d942cd4027c6db94f8f77a03153b36cf097867
ENG1,2026/27,2026-09-12,AFC Sunderland,289,917524,FIRST,CONFIRMED,https://www.premierleague.com/en/news/4675097/all-380-fixtures-for-202627-premier-league-season,27455262c832f50308fd7fc027d942cd4027c6db94f8f77a03153b36cf097867
ENG1,2026/27,2026-09-12,Aston Villa,405,917506,FIRST,CONFIRMED,https://www.premierleague.com/en/news/4675097/all-380-fixtures-for-202627-premier-league-season,27455262c832f50308fd7fc027d942cd4027c6db94f8f77a03153b36cf097867
ENG1,2026/27,2026-09-12,Brighton & Hove Albion,1237,917529,FIRST,CONFIRMED,https://www.premierleague.com/en/news/4675097/all-380-fixtures-for-202627-premier-league-season,27455262c832f50308fd7fc027d942cd4027c6db94f8f77a03153b36cf097867
ENG1,2026/27,2026-09-12,Coventry City,990,917530,FIRST,CONFIRMED,https://www.premierleague.com/en/news/4675097/all-380-fixtures-for-202627-premier-league-season,27455262c832f50308fd7fc027d942cd4027c6db94f8f77a03153b36cf097867
ENG1,2026/27,2026-09-12,Crystal Palace,873,917535,FIRST,CONFIRMED,https://www.premierleague.com/en/news/4675097/all-380-fixtures-for-202627-premier-league-season,27455262c832f50308fd7fc027d942cd4027c6db94f8f77a03153b36cf097867
ENG1,2026/27,2026-09-12,FC Arsenal,11,917505,FIRST,CONFIRMED,https://www.premierleague.com/en/news/4675097/all-380-fixtures-for-202627-premier-league-season,27455262c832f50308fd7fc027d942cd4027c6db94f8f77a03153b36cf097867
ENG1,2026/27,2026-09-12,FC Brentford,1148,917569,FIRST,CONFIRMED,https://www.premierleague.com/en/news/4675097/all-380-fixtures-for-202627-premier-league-season,27455262c832f50308fd7fc027d942cd4027c6db94f8f77a03153b36cf097867
ENG1,2026/27,2026-09-12,FC Chelsea,631,917513,FIRST,CONFIRMED,https://www.premierleague.com/en/news/4675097/all-380-fixtures-for-202627-premier-league-season,27455262c832f50308fd7fc027d942cd4027c6db94f8f77a03153b36cf097867
ENG1,2026/27,2026-09-12,FC Everton,29,917517,FIRST,CONFIRMED,https://www.premierleague.com/en/news/4675097/all-380-fixtures-for-202627-premier-league-season,27455262c832f50308fd7fc027d942cd4027c6db94f8f77a03153b36cf097867
ENG1,2026/27,2026-09-12,FC Fulham,931,917521,FIRST,CONFIRMED,https://www.premierleague.com/en/news/4675097/all-380-fixtures-for-202627-premier-league-season,27455262c832f50308fd7fc027d942cd4027c6db94f8f77a03153b36cf097867
ENG1,2026/27,2026-09-12,FC Liverpool,31,917509,FIRST,CONFIRMED,https://www.premierleague.com/en/news/4675097/all-380-fixtures-for-202627-premier-league-season,27455262c832f50308fd7fc027d942cd4027c6db94f8f77a03153b36cf097867
ENG1,2026/27,2026-09-12,Hull City,3008,917532,FIRST,CONFIRMED,https://www.premierleague.com/en/news/4675097/all-380-fixtures-for-202627-premier-league-season,27455262c832f50308fd7fc027d942cd4027c6db94f8f77a03153b36cf097867
ENG1,2026/27,2026-09-12,Ipswich Town,677,917538,FIRST,CONFIRMED,https://www.premierleague.com/en/news/4675097/all-380-fixtures-for-202627-premier-league-season,27455262c832f50308fd7fc027d942cd4027c6db94f8f77a03153b36cf097867
ENG1,2026/27,2026-09-12,Leeds United,399,917545,FIRST,CONFIRMED,https://www.premierleague.com/en/news/4675097/all-380-fixtures-for-202627-premier-league-season,27455262c832f50308fd7fc027d942cd4027c6db94f8f77a03153b36cf097867
ENG1,2026/27,2026-09-12,Manchester City,281,917518,FIRST,CONFIRMED,https://www.premierleague.com/en/news/4675097/all-380-fixtures-for-202627-premier-league-season,27455262c832f50308fd7fc027d942cd4027c6db94f8f77a03153b36cf097867
ENG1,2026/27,2026-09-12,Manchester United,985,917519,FIRST,CONFIRMED,https://www.premierleague.com/en/news/4675097/all-380-fixtures-for-202627-premier-league-season,27455262c832f50308fd7fc027d942cd4027c6db94f8f77a03153b36cf097867
ENG1,2026/27,2026-09-12,Newcastle United,762,917523,FIRST,CONFIRMED,https://www.premierleague.com/en/news/4675097/all-380-fixtures-for-202627-premier-league-season,27455262c832f50308fd7fc027d942cd4027c6db94f8f77a03153b36cf097867
ENG1,2026/27,2026-09-12,Nottingham Forest,703,917549,FIRST,CONFIRMED,https://www.premierleague.com/en/news/4675097/all-380-fixtures-for-202627-premier-league-season,27455262c832f50308fd7fc027d942cd4027c6db94f8f77a03153b36cf097867
ENG1,2026/27,2026-09-12,Tottenham Hotspur,148,917514,FIRST,CONFIRMED,https://www.premierleague.com/en/news/4675097/all-380-fixtures-for-202627-premier-league-season,27455262c832f50308fd7fc027d942cd4027c6db94f8f77a03153b36cf097867
ITA1,2026/27,2026-09-12,AC Florenz,430,1769492,FIRST,CONFIRMED,https://en.legaseriea.it/serie-a/news/looking-forward-to-the-2026-27-serie-a-fixture-list,0395f45310e6fd7abde7558dd76ba589fd764ddb5be1df9d44e97a1a3b4e151a
ITA1,2026/27,2026-09-12,AC Mailand,5,1769474,FIRST,CONFIRMED,https://en.legaseriea.it/serie-a/news/looking-forward-to-the-2026-27-serie-a-fixture-list,0395f45310e6fd7abde7558dd76ba589fd764ddb5be1df9d44e97a1a3b4e151a
ITA1,2026/27,2026-09-12,AC Monza,2919,1769533,FIRST,CONFIRMED,https://en.legaseriea.it/serie-a/news/looking-forward-to-the-2026-27-serie-a-fixture-list,0395f45310e6fd7abde7558dd76ba589fd764ddb5be1df9d44e97a1a3b4e151a
ITA1,2026/27,2026-09-12,AS Rom,12,1769476,FIRST,CONFIRMED,https://en.legaseriea.it/serie-a/news/looking-forward-to-the-2026-27-serie-a-fixture-list,0395f45310e6fd7abde7558dd76ba589fd764ddb5be1df9d44e97a1a3b4e151a
ITA1,2026/27,2026-09-12,Atalanta Bergamo,800,1769477,FIRST,CONFIRMED,https://en.legaseriea.it/serie-a/news/looking-forward-to-the-2026-27-serie-a-fixture-list,0395f45310e6fd7abde7558dd76ba589fd764ddb5be1df9d44e97a1a3b4e151a
ITA1,2026/27,2026-09-12,Cagliari Calcio,1390,1769480,FIRST,CONFIRMED,https://en.legaseriea.it/serie-a/news/looking-forward-to-the-2026-27-serie-a-fixture-list,0395f45310e6fd7abde7558dd76ba589fd764ddb5be1df9d44e97a1a3b4e151a
ITA1,2026/27,2026-09-12,Como 1907,1047,1769516,FIRST,CONFIRMED,https://en.legaseriea.it/serie-a/news/looking-forward-to-the-2026-27-serie-a-fixture-list,0395f45310e6fd7abde7558dd76ba589fd764ddb5be1df9d44e97a1a3b4e151a
ITA1,2026/27,2026-09-12,FC Bologna,1025,1769478,FIRST,CONFIRMED,https://en.legaseriea.it/serie-a/news/looking-forward-to-the-2026-27-serie-a-fixture-list,0395f45310e6fd7abde7558dd76ba589fd764ddb5be1df9d44e97a1a3b4e151a
ITA1,2026/27,2026-09-12,FC Turin,416,1769499,FIRST,CONFIRMED,https://en.legaseriea.it/serie-a/news/looking-forward-to-the-2026-27-serie-a-fixture-list,0395f45310e6fd7abde7558dd76ba589fd764ddb5be1df9d44e97a1a3b4e151a
ITA1,2026/27,2026-09-12,Frosinone Calcio,8970,1769528,FIRST,CONFIRMED,https://en.legaseriea.it/serie-a/news/looking-forward-to-the-2026-27-serie-a-fixture-list,0395f45310e6fd7abde7558dd76ba589fd764ddb5be1df9d44e97a1a3b4e151a
ITA1,2026/27,2026-09-12,Genua CFC,252,1769510,FIRST,CONFIRMED,https://en.legaseriea.it/serie-a/news/looking-forward-to-the-2026-27-serie-a-fixture-list,0395f45310e6fd7abde7558dd76ba589fd764ddb5be1df9d44e97a1a3b4e151a
ITA1,2026/27,2026-09-12,Inter Mailand,46,1769481,FIRST,CONFIRMED,https://en.legaseriea.it/serie-a/news/looking-forward-to-the-2026-27-serie-a-fixture-list,0395f45310e6fd7abde7558dd76ba589fd764ddb5be1df9d44e97a1a3b4e151a
ITA1,2026/27,2026-09-12,Juventus Turin,506,1769482,FIRST,CONFIRMED,https://en.legaseriea.it/serie-a/news/looking-forward-to-the-2026-27-serie-a-fixture-list,0395f45310e6fd7abde7558dd76ba589fd764ddb5be1df9d44e97a1a3b4e151a
ITA1,2026/27,2026-09-12,Lazio Rom,398,1769487,FIRST,CONFIRMED,https://en.legaseriea.it/serie-a/news/looking-forward-to-the-2026-27-serie-a-fixture-list,0395f45310e6fd7abde7558dd76ba589fd764ddb5be1df9d44e97a1a3b4e151a
ITA1,2026/27,2026-09-12,Parma Calcio 1913,130,1769475,FIRST,CONFIRMED,https://en.legaseriea.it/serie-a/news/looking-forward-to-the-2026-27-serie-a-fixture-list,0395f45310e6fd7abde7558dd76ba589fd764ddb5be1df9d44e97a1a3b4e151a
ITA1,2026/27,2026-09-12,SSC Neapel,6195,1769517,FIRST,CONFIRMED,https://en.legaseriea.it/serie-a/news/looking-forward-to-the-2026-27-serie-a-fixture-list,0395f45310e6fd7abde7558dd76ba589fd764ddb5be1df9d44e97a1a3b4e151a
ITA1,2026/27,2026-09-12,US Lecce,1005,1769483,FIRST,CONFIRMED,https://en.legaseriea.it/serie-a/news/looking-forward-to-the-2026-27-serie-a-fixture-list,0395f45310e6fd7abde7558dd76ba589fd764ddb5be1df9d44e97a1a3b4e151a
ITA1,2026/27,2026-09-12,US Sassuolo,6574,1769542,FIRST,CONFIRMED,https://en.legaseriea.it/serie-a/news/looking-forward-to-the-2026-27-serie-a-fixture-list,0395f45310e6fd7abde7558dd76ba589fd764ddb5be1df9d44e97a1a3b4e151a
ITA1,2026/27,2026-09-12,Udinese Calcio,410,1769488,FIRST,CONFIRMED,https://en.legaseriea.it/serie-a/news/looking-forward-to-the-2026-27-serie-a-fixture-list,0395f45310e6fd7abde7558dd76ba589fd764ddb5be1df9d44e97a1a3b4e151a
ITA1,2026/27,2026-09-12,Venezia FC,607,1769500,FIRST,CONFIRMED,https://en.legaseriea.it/serie-a/news/looking-forward-to-the-2026-27-serie-a-fixture-list,0395f45310e6fd7abde7558dd76ba589fd764ddb5be1df9d44e97a1a3b4e151a
ESP1,2026/27,2026-09-12,Athletic Bilbao,621,2949121,FIRST,CONFIRMED,https://www.laliga.com/laliga-easports/clubes,7dc21d905da42305ef7100901e7bda02619b96c2e8826d91ed8b94979b7e7456
ESP1,2026/27,2026-09-12,Atlético Madrid,13,2949122,FIRST,CONFIRMED,https://www.laliga.com/laliga-easports/clubes,7dc21d905da42305ef7100901e7bda02619b96c2e8826d91ed8b94979b7e7456
ESP1,2026/27,2026-09-12,CA Osasuna,331,2949132,FIRST,CONFIRMED,https://www.laliga.com/laliga-easports/clubes,7dc21d905da42305ef7100901e7bda02619b96c2e8826d91ed8b94979b7e7456
ESP1,2026/27,2026-09-12,Celta Vigo,940,2949159,FIRST,CONFIRMED,https://www.laliga.com/laliga-easports/clubes,7dc21d905da42305ef7100901e7bda02619b96c2e8826d91ed8b94979b7e7456
ESP1,2026/27,2026-09-12,Deportivo A Coruña,897,2949127,FIRST,CONFIRMED,https://www.laliga.com/laliga-easports/clubes,7dc21d905da42305ef7100901e7bda02619b96c2e8826d91ed8b94979b7e7456
ESP1,2026/27,2026-09-12,Deportivo Alavés,1108,2949141,FIRST,CONFIRMED,https://www.laliga.com/laliga-easports/clubes,7dc21d905da42305ef7100901e7bda02619b96c2e8826d91ed8b94979b7e7456
ESP1,2026/27,2026-09-12,Espanyol Barcelona,714,2949125,FIRST,CONFIRMED,https://www.laliga.com/laliga-easports/clubes,7dc21d905da42305ef7100901e7bda02619b96c2e8826d91ed8b94979b7e7456
ESP1,2026/27,2026-09-12,FC Barcelona,131,2949124,FIRST,CONFIRMED,https://www.laliga.com/laliga-easports/clubes,7dc21d905da42305ef7100901e7bda02619b96c2e8826d91ed8b94979b7e7456
ESP1,2026/27,2026-09-12,FC Elche,1531,2949148,FIRST,CONFIRMED,https://www.laliga.com/laliga-easports/clubes,7dc21d905da42305ef7100901e7bda02619b96c2e8826d91ed8b94979b7e7456
ESP1,2026/27,2026-09-12,FC Getafe,3709,2949126,FIRST,CONFIRMED,https://www.laliga.com/laliga-easports/clubes,7dc21d905da42305ef7100901e7bda02619b96c2e8826d91ed8b94979b7e7456
ESP1,2026/27,2026-09-12,FC Málaga,1084,2949129,FIRST,CONFIRMED,https://www.laliga.com/laliga-easports/clubes,7dc21d905da42305ef7100901e7bda02619b96c2e8826d91ed8b94979b7e7456
ESP1,2026/27,2026-09-12,FC Sevilla,368,2949138,FIRST,CONFIRMED,https://www.laliga.com/laliga-easports/clubes,7dc21d905da42305ef7100901e7bda02619b96c2e8826d91ed8b94979b7e7456
ESP1,2026/27,2026-09-12,FC Valencia,1049,2949139,FIRST,CONFIRMED,https://www.laliga.com/laliga-easports/clubes,7dc21d905da42305ef7100901e7bda02619b96c2e8826d91ed8b94979b7e7456
ESP1,2026/27,2026-09-12,FC Villarreal,1050,2949140,FIRST,CONFIRMED,https://www.laliga.com/laliga-easports/clubes,7dc21d905da42305ef7100901e7bda02619b96c2e8826d91ed8b94979b7e7456
ESP1,2026/27,2026-09-12,Racing Santander,630,2949137,FIRST,CONFIRMED,https://www.laliga.com/laliga-easports/clubes,7dc21d905da42305ef7100901e7bda02619b96c2e8826d91ed8b94979b7e7456
ESP1,2026/27,2026-09-12,Rayo Vallecano,367,2949171,FIRST,CONFIRMED,https://www.laliga.com/laliga-easports/clubes,7dc21d905da42305ef7100901e7bda02619b96c2e8826d91ed8b94979b7e7456
ESP1,2026/27,2026-09-12,Real Betis Sevilla,150,2949133,FIRST,CONFIRMED,https://www.laliga.com/laliga-easports/clubes,7dc21d905da42305ef7100901e7bda02619b96c2e8826d91ed8b94979b7e7456
ESP1,2026/27,2026-09-12,Real Madrid,418,2949134,FIRST,CONFIRMED,https://www.laliga.com/laliga-easports/clubes,7dc21d905da42305ef7100901e7bda02619b96c2e8826d91ed8b94979b7e7456
ESP1,2026/27,2026-09-12,Real Sociedad San Sebastián,681,2949135,FIRST,CONFIRMED,https://www.laliga.com/laliga-easports/clubes,7dc21d905da42305ef7100901e7bda02619b96c2e8826d91ed8b94979b7e7456
ESP1,2026/27,2026-09-12,UD Levante,3368,2949128,FIRST,CONFIRMED,https://www.laliga.com/laliga-easports/clubes,7dc21d905da42305ef7100901e7bda02619b96c2e8826d91ed8b94979b7e7456
GER1,2026/27,2026-09-12,1.FC Köln,3,1376275,FIRST,CONFIRMED,https://www.bundesliga.com/de/bundesliga/clubs?firsttab=kader,412ffdeb06c1d77fcf37c1f21e59412b59a0f519c7fa61732fffcb7d5fb5b8e5
GER1,2026/27,2026-09-12,1.FC Union Berlin,89,1376348,FIRST,CONFIRMED,https://www.bundesliga.com/de/bundesliga/clubs?firsttab=kader,412ffdeb06c1d77fcf37c1f21e59412b59a0f519c7fa61732fffcb7d5fb5b8e5
GER1,2026/27,2026-09-12,1.FSV Mainz 05,39,1376259,FIRST,CONFIRMED,https://www.bundesliga.com/de/bundesliga/clubs?firsttab=kader,412ffdeb06c1d77fcf37c1f21e59412b59a0f519c7fa61732fffcb7d5fb5b8e5
GER1,2026/27,2026-09-12,Bayer 04 Leverkusen,15,1376261,FIRST,CONFIRMED,https://www.bundesliga.com/de/bundesliga/clubs?firsttab=kader,412ffdeb06c1d77fcf37c1f21e59412b59a0f519c7fa61732fffcb7d5fb5b8e5
GER1,2026/27,2026-09-12,Borussia Dortmund,16,1376262,FIRST,CONFIRMED,https://www.bundesliga.com/de/bundesliga/clubs?firsttab=kader,412ffdeb06c1d77fcf37c1f21e59412b59a0f519c7fa61732fffcb7d5fb5b8e5
GER1,2026/27,2026-09-12,Borussia Mönchengladbach,18,1376263,FIRST,CONFIRMED,https://www.bundesliga.com/de/bundesliga/clubs?firsttab=kader,412ffdeb06c1d77fcf37c1f21e59412b59a0f519c7fa61732fffcb7d5fb5b8e5
GER1,2026/27,2026-09-12,Eintracht Frankfurt,24,1376279,FIRST,CONFIRMED,https://www.bundesliga.com/de/bundesliga/clubs?firsttab=kader,412ffdeb06c1d77fcf37c1f21e59412b59a0f519c7fa61732fffcb7d5fb5b8e5
GER1,2026/27,2026-09-12,FC Augsburg,167,1376431,FIRST,CONFIRMED,https://www.bundesliga.com/de/bundesliga/clubs?firsttab=kader,412ffdeb06c1d77fcf37c1f21e59412b59a0f519c7fa61732fffcb7d5fb5b8e5
GER1,2026/27,2026-09-12,FC Bayern München,27,1376264,FIRST,CONFIRMED,https://www.bundesliga.com/de/bundesliga/clubs?firsttab=kader,412ffdeb06c1d77fcf37c1f21e59412b59a0f519c7fa61732fffcb7d5fb5b8e5
GER1,2026/27,2026-09-12,FC Schalke 04,33,1376266,FIRST,CONFIRMED,https://www.bundesliga.com/de/bundesliga/clubs?firsttab=kader,412ffdeb06c1d77fcf37c1f21e59412b59a0f519c7fa61732fffcb7d5fb5b8e5
GER1,2026/27,2026-09-12,Hamburger SV,41,1376267,FIRST,CONFIRMED,https://www.bundesliga.com/de/bundesliga/clubs?firsttab=kader,412ffdeb06c1d77fcf37c1f21e59412b59a0f519c7fa61732fffcb7d5fb5b8e5
GER1,2026/27,2026-09-12,RB Leipzig,23826,1376555,FIRST,CONFIRMED,https://www.bundesliga.com/de/bundesliga/clubs?firsttab=kader,412ffdeb06c1d77fcf37c1f21e59412b59a0f519c7fa61732fffcb7d5fb5b8e5
GER1,2026/27,2026-09-12,SC Freiburg,60,1376270,FIRST,CONFIRMED,https://www.bundesliga.com/de/bundesliga/clubs?firsttab=kader,412ffdeb06c1d77fcf37c1f21e59412b59a0f519c7fa61732fffcb7d5fb5b8e5
GER1,2026/27,2026-09-12,SC Paderborn 07,127,1376421,FIRST,CONFIRMED,https://www.bundesliga.com/de/bundesliga/clubs?firsttab=kader,412ffdeb06c1d77fcf37c1f21e59412b59a0f519c7fa61732fffcb7d5fb5b8e5
GER1,2026/27,2026-09-12,SV 07 Elversberg,64,1376432,FIRST,CONFIRMED,https://www.bundesliga.com/de/bundesliga/clubs?firsttab=kader,412ffdeb06c1d77fcf37c1f21e59412b59a0f519c7fa61732fffcb7d5fb5b8e5
GER1,2026/27,2026-09-12,SV Werder Bremen,86,1376271,FIRST,CONFIRMED,https://www.bundesliga.com/de/bundesliga/clubs?firsttab=kader,412ffdeb06c1d77fcf37c1f21e59412b59a0f519c7fa61732fffcb7d5fb5b8e5
GER1,2026/27,2026-09-12,TSG 1899 Hoffenheim,533,1376433,FIRST,CONFIRMED,https://www.bundesliga.com/de/bundesliga/clubs?firsttab=kader,412ffdeb06c1d77fcf37c1f21e59412b59a0f519c7fa61732fffcb7d5fb5b8e5
GER1,2026/27,2026-09-12,VfB Stuttgart,79,1376272,FIRST,CONFIRMED,https://www.bundesliga.com/de/bundesliga/clubs?firsttab=kader,412ffdeb06c1d77fcf37c1f21e59412b59a0f519c7fa61732fffcb7d5fb5b8e5
FRA1,2026/27,2026-09-12,AJ Auxerre,290,1179654,FIRST,CONFIRMED,https://ligue1.com/fr/articles/l1_article_5284-,9405a33e7f9c2435db67bfbc806ca4eac7cd73463ba2032bc589f13d442f0685
FRA1,2026/27,2026-09-12,AS Monaco,162,1179655,FIRST,CONFIRMED,https://ligue1.com/fr/articles/l1_article_5284-,9405a33e7f9c2435db67bfbc806ca4eac7cd73463ba2032bc589f13d442f0685
FRA1,2026/27,2026-09-12,Angers SCO,1420,1179782,FIRST,CONFIRMED,https://ligue1.com/fr/articles/l1_article_5284-,9405a33e7f9c2435db67bfbc806ca4eac7cd73463ba2032bc589f13d442f0685
FRA1,2026/27,2026-09-12,ESTAC Troyes,1095,1179683,FIRST,CONFIRMED,https://ligue1.com/fr/articles/l1_article_5284-,9405a33e7f9c2435db67bfbc806ca4eac7cd73463ba2032bc589f13d442f0685
FRA1,2026/27,2026-09-12,FC Le Mans,1164,1179682,FIRST,CONFIRMED,https://ligue1.com/fr/articles/l1_article_5284-,9405a33e7f9c2435db67bfbc806ca4eac7cd73463ba2032bc589f13d442f0685
FRA1,2026/27,2026-09-12,FC Lorient,1158,1179673,FIRST,CONFIRMED,https://ligue1.com/fr/articles/l1_article_5284-,9405a33e7f9c2435db67bfbc806ca4eac7cd73463ba2032bc589f13d442f0685
FRA1,2026/27,2026-09-12,FC Stade Rennes,273,1179656,FIRST,CONFIRMED,https://ligue1.com/fr/articles/l1_article_5284-,9405a33e7f9c2435db67bfbc806ca4eac7cd73463ba2032bc589f13d442f0685
FRA1,2026/27,2026-09-12,FC Toulouse,415,1179657,FIRST,CONFIRMED,https://ligue1.com/fr/articles/l1_article_5284-,9405a33e7f9c2435db67bfbc806ca4eac7cd73463ba2032bc589f13d442f0685
FRA1,2026/27,2026-09-12,LOSC Lille,1082,1179665,FIRST,CONFIRMED,https://ligue1.com/fr/articles/l1_article_5284-,9405a33e7f9c2435db67bfbc806ca4eac7cd73463ba2032bc589f13d442f0685
FRA1,2026/27,2026-09-12,Le Havre AC,738,1179681,FIRST,CONFIRMED,https://ligue1.com/fr/articles/l1_article_5284-,9405a33e7f9c2435db67bfbc806ca4eac7cd73463ba2032bc589f13d442f0685
FRA1,2026/27,2026-09-12,OGC Nizza,417,1179666,FIRST,CONFIRMED,https://ligue1.com/fr/articles/l1_article_5284-,9405a33e7f9c2435db67bfbc806ca4eac7cd73463ba2032bc589f13d442f0685
FRA1,2026/27,2026-09-12,Olympique Lyon,1041,1179661,FIRST,CONFIRMED,https://ligue1.com/fr/articles/l1_article_5284-,9405a33e7f9c2435db67bfbc806ca4eac7cd73463ba2032bc589f13d442f0685
FRA1,2026/27,2026-09-12,Olympique Marseille,244,1179662,FIRST,CONFIRMED,https://ligue1.com/fr/articles/l1_article_5284-,9405a33e7f9c2435db67bfbc806ca4eac7cd73463ba2032bc589f13d442f0685
FRA1,2026/27,2026-09-12,Paris FC,10004,1179855,FIRST,CONFIRMED,https://ligue1.com/fr/articles/l1_article_5284-,9405a33e7f9c2435db67bfbc806ca4eac7cd73463ba2032bc589f13d442f0685
FRA1,2026/27,2026-09-12,Paris Saint-Germain,583,1179663,FIRST,CONFIRMED,https://ligue1.com/fr/articles/l1_article_5284-,9405a33e7f9c2435db67bfbc806ca4eac7cd73463ba2032bc589f13d442f0685
FRA1,2026/27,2026-09-12,RC Lens,826,1179664,FIRST,CONFIRMED,https://ligue1.com/fr/articles/l1_article_5284-,9405a33e7f9c2435db67bfbc806ca4eac7cd73463ba2032bc589f13d442f0685
FRA1,2026/27,2026-09-12,Racing Straßburg,667,1179667,FIRST,CONFIRMED,https://ligue1.com/fr/articles/l1_article_5284-,9405a33e7f9c2435db67bfbc806ca4eac7cd73463ba2032bc589f13d442f0685
FRA1,2026/27,2026-09-12,Stade Brest 29,3911,1179685,FIRST,CONFIRMED,https://ligue1.com/fr/articles/l1_article_5284-,9405a33e7f9c2435db67bfbc806ca4eac7cd73463ba2032bc589f13d442f0685
POR1,2026/27,2026-09-12,Académico Viseu FC,7788,2494468,FIRST,CONFIRMED,https://www.ligaportugal.pt/news/28294/media-kits-1.a-jornada-liga-portugal-betclic,61d16d815700a558bb7a99a47462ccd09b2ce17b92eb65eade6f52eba9359077
POR1,2026/27,2026-09-12,Benfica Lissabon,294,2490372,FIRST,CONFIRMED,https://www.ligaportugal.pt/news/28294/media-kits-1.a-jornada-liga-portugal-betclic,61d16d815700a558bb7a99a47462ccd09b2ce17b92eb65eade6f52eba9359077
POR1,2026/27,2026-09-12,CD Nacional,982,2490378,FIRST,CONFIRMED,https://www.ligaportugal.pt/news/28294/media-kits-1.a-jornada-liga-portugal-betclic,61d16d815700a558bb7a99a47462ccd09b2ce17b92eb65eade6f52eba9359077
POR1,2026/27,2026-09-12,CD Santa Clara,2423,2490388,FIRST,CONFIRMED,https://www.ligaportugal.pt/news/28294/media-kits-1.a-jornada-liga-portugal-betclic,61d16d815700a558bb7a99a47462ccd09b2ce17b92eb65eade6f52eba9359077
POR1,2026/27,2026-09-12,CF Estrela Amadora,2431,2490394,FIRST,CONFIRMED,https://www.ligaportugal.pt/news/28294/media-kits-1.a-jornada-liga-portugal-betclic,61d16d815700a558bb7a99a47462ccd09b2ce17b92eb65eade6f52eba9359077
POR1,2026/27,2026-09-12,CS Marítimo,1301,2490376,FIRST,CONFIRMED,https://www.ligaportugal.pt/news/28294/media-kits-1.a-jornada-liga-portugal-betclic,61d16d815700a558bb7a99a47462ccd09b2ce17b92eb65eade6f52eba9359077
POR1,2026/27,2026-09-12,Casa Pia AC,3268,2494469,FIRST,CONFIRMED,https://www.ligaportugal.pt/news/28294/media-kits-1.a-jornada-liga-portugal-betclic,61d16d815700a558bb7a99a47462ccd09b2ce17b92eb65eade6f52eba9359077
POR1,2026/27,2026-09-12,FC Alverca,2521,2490393,FIRST,CONFIRMED,https://www.ligaportugal.pt/news/28294/media-kits-1.a-jornada-liga-portugal-betclic,61d16d815700a558bb7a99a47462ccd09b2ce17b92eb65eade6f52eba9359077
POR1,2026/27,2026-09-12,FC Arouca,8024,2494470,FIRST,CONFIRMED,https://www.ligaportugal.pt/news/28294/media-kits-1.a-jornada-liga-portugal-betclic,61d16d815700a558bb7a99a47462ccd09b2ce17b92eb65eade6f52eba9359077
POR1,2026/27,2026-09-12,FC Famalicão,3329,2490398,FIRST,CONFIRMED,https://www.ligaportugal.pt/news/28294/media-kits-1.a-jornada-liga-portugal-betclic,61d16d815700a558bb7a99a47462ccd09b2ce17b92eb65eade6f52eba9359077
POR1,2026/27,2026-09-12,FC Porto,720,2490380,FIRST,CONFIRMED,https://www.ligaportugal.pt/news/28294/media-kits-1.a-jornada-liga-portugal-betclic,61d16d815700a558bb7a99a47462ccd09b2ce17b92eb65eade6f52eba9359077
POR1,2026/27,2026-09-12,GD Estoril Praia,1465,2490386,FIRST,CONFIRMED,https://www.ligaportugal.pt/news/28294/media-kits-1.a-jornada-liga-portugal-betclic,61d16d815700a558bb7a99a47462ccd09b2ce17b92eb65eade6f52eba9359077
POR1,2026/27,2026-09-12,Gil Vicente FC,2424,2490375,FIRST,CONFIRMED,https://www.ligaportugal.pt/news/28294/media-kits-1.a-jornada-liga-portugal-betclic,61d16d815700a558bb7a99a47462ccd09b2ce17b92eb65eade6f52eba9359077
POR1,2026/27,2026-09-12,Moreirense FC,979,2490377,FIRST,CONFIRMED,https://www.ligaportugal.pt/news/28294/media-kits-1.a-jornada-liga-portugal-betclic,61d16d815700a558bb7a99a47462ccd09b2ce17b92eb65eade6f52eba9359077
POR1,2026/27,2026-09-12,Rio Ave FC,2425,2490381,FIRST,CONFIRMED,https://www.ligaportugal.pt/news/28294/media-kits-1.a-jornada-liga-portugal-betclic,61d16d815700a558bb7a99a47462ccd09b2ce17b92eb65eade6f52eba9359077
POR1,2026/27,2026-09-12,SC Braga,1075,2490374,FIRST,CONFIRMED,https://www.ligaportugal.pt/news/28294/media-kits-1.a-jornada-liga-portugal-betclic,61d16d815700a558bb7a99a47462ccd09b2ce17b92eb65eade6f52eba9359077
POR1,2026/27,2026-09-12,Sporting Lissabon,336,2490382,FIRST,CONFIRMED,https://www.ligaportugal.pt/news/28294/media-kits-1.a-jornada-liga-portugal-betclic,61d16d815700a558bb7a99a47462ccd09b2ce17b92eb65eade6f52eba9359077
POR1,2026/27,2026-09-12,Vitória Guimarães SC,2420,2490397,FIRST,CONFIRMED,https://www.ligaportugal.pt/news/28294/media-kits-1.a-jornada-liga-portugal-betclic,61d16d815700a558bb7a99a47462ccd09b2ce17b92eb65eade6f52eba9359077
NED1,2026/27,2026-09-12,ADO Den Haag,1268,2228225,FIRST,CONFIRMED,https://eredivisie.nl/nieuws/definitief-programma-2026-27/,5b02ea39f1324dcd660e19e3aa06b7dd12368b2f0ca7351f5f004214391bbbb7
NED1,2026/27,2026-09-12,AZ Alkmaar,1090,2228226,FIRST,CONFIRMED,https://eredivisie.nl/nieuws/definitief-programma-2026-27/,5b02ea39f1324dcd660e19e3aa06b7dd12368b2f0ca7351f5f004214391bbbb7
NED1,2026/27,2026-09-12,Ajax Amsterdam,610,2228227,FIRST,CONFIRMED,https://eredivisie.nl/nieuws/definitief-programma-2026-27/,5b02ea39f1324dcd660e19e3aa06b7dd12368b2f0ca7351f5f004214391bbbb7
NED1,2026/27,2026-09-12,Excelsior Rotterdam,798,2228244,FIRST,CONFIRMED,https://eredivisie.nl/nieuws/definitief-programma-2026-27/,5b02ea39f1324dcd660e19e3aa06b7dd12368b2f0ca7351f5f004214391bbbb7
NED1,2026/27,2026-09-12,FC Groningen,202,2228233,FIRST,CONFIRMED,https://eredivisie.nl/nieuws/definitief-programma-2026-27/,5b02ea39f1324dcd660e19e3aa06b7dd12368b2f0ca7351f5f004214391bbbb7
NED1,2026/27,2026-09-12,FC Twente Enschede,317,2228240,FIRST,CONFIRMED,https://eredivisie.nl/nieuws/definitief-programma-2026-27/,5b02ea39f1324dcd660e19e3aa06b7dd12368b2f0ca7351f5f004214391bbbb7
NED1,2026/27,2026-09-12,FC Utrecht,200,2228241,FIRST,CONFIRMED,https://eredivisie.nl/nieuws/definitief-programma-2026-27/,5b02ea39f1324dcd660e19e3aa06b7dd12368b2f0ca7351f5f004214391bbbb7
NED1,2026/27,2026-09-12,Feyenoord Rotterdam,234,2228232,FIRST,CONFIRMED,https://eredivisie.nl/nieuws/definitief-programma-2026-27/,5b02ea39f1324dcd660e19e3aa06b7dd12368b2f0ca7351f5f004214391bbbb7
NED1,2026/27,2026-09-12,Fortuna Sittard,385,2228247,FIRST,CONFIRMED,https://eredivisie.nl/nieuws/definitief-programma-2026-27/,5b02ea39f1324dcd660e19e3aa06b7dd12368b2f0ca7351f5f004214391bbbb7
NED1,2026/27,2026-09-12,Go Ahead Eagles Deventer,1435,2228248,FIRST,CONFIRMED,https://eredivisie.nl/nieuws/definitief-programma-2026-27/,5b02ea39f1324dcd660e19e3aa06b7dd12368b2f0ca7351f5f004214391bbbb7
NED1,2026/27,2026-09-12,NEC Nijmegen,467,2228235,FIRST,CONFIRMED,https://eredivisie.nl/nieuws/definitief-programma-2026-27/,5b02ea39f1324dcd660e19e3aa06b7dd12368b2f0ca7351f5f004214391bbbb7
NED1,2026/27,2026-09-12,PEC Zwolle,1269,2228260,FIRST,CONFIRMED,https://eredivisie.nl/nieuws/definitief-programma-2026-27/,5b02ea39f1324dcd660e19e3aa06b7dd12368b2f0ca7351f5f004214391bbbb7
NED1,2026/27,2026-09-12,PSV Eindhoven,383,2228236,FIRST,CONFIRMED,https://eredivisie.nl/nieuws/definitief-programma-2026-27/,5b02ea39f1324dcd660e19e3aa06b7dd12368b2f0ca7351f5f004214391bbbb7
NED1,2026/27,2026-09-12,SC Cambuur Leeuwarden,133,2228253,FIRST,CONFIRMED,https://eredivisie.nl/nieuws/definitief-programma-2026-27/,5b02ea39f1324dcd660e19e3aa06b7dd12368b2f0ca7351f5f004214391bbbb7
NED1,2026/27,2026-09-12,SC Heerenveen,306,2228234,FIRST,CONFIRMED,https://eredivisie.nl/nieuws/definitief-programma-2026-27/,5b02ea39f1324dcd660e19e3aa06b7dd12368b2f0ca7351f5f004214391bbbb7
NED1,2026/27,2026-09-12,SC Telstar,1434,2228252,FIRST,CONFIRMED,https://eredivisie.nl/nieuws/definitief-programma-2026-27/,5b02ea39f1324dcd660e19e3aa06b7dd12368b2f0ca7351f5f004214391bbbb7
NED1,2026/27,2026-09-12,Sparta Rotterdam,468,2228256,FIRST,CONFIRMED,https://eredivisie.nl/nieuws/definitief-programma-2026-27/,5b02ea39f1324dcd660e19e3aa06b7dd12368b2f0ca7351f5f004214391bbbb7
NED1,2026/27,2026-09-12,Willem II Tilburg,403,2228239,FIRST,CONFIRMED,https://eredivisie.nl/nieuws/definitief-programma-2026-27/,5b02ea39f1324dcd660e19e3aa06b7dd12368b2f0ca7351f5f004214391bbbb7
BEL1,2026/27,2026-09-12,Cercle Brügge,520,458755,FIRST,CONFIRMED,https://www.proleague.be/jpl-clubs,0a77b79bd718cfbbe545d18334177e3c460c15dd5a98a53a59430147320f25a1
BEL1,2026/27,2026-09-12,Club Brügge,2282,458756,FIRST,CONFIRMED,https://www.proleague.be/jpl-clubs,0a77b79bd718cfbbe545d18334177e3c460c15dd5a98a53a59430147320f25a1
BEL1,2026/27,2026-09-12,KAA Gent,157,458753,FIRST,CONFIRMED,https://www.proleague.be/jpl-clubs,0a77b79bd718cfbbe545d18334177e3c460c15dd5a98a53a59430147320f25a1
BEL1,2026/27,2026-09-12,KRC Genk,1184,458768,FIRST,CONFIRMED,https://www.proleague.be/jpl-clubs,0a77b79bd718cfbbe545d18334177e3c460c15dd5a98a53a59430147320f25a1
BEL1,2026/27,2026-09-12,KV Kortrijk,601,458781,FIRST,CONFIRMED,https://www.proleague.be/jpl-clubs,0a77b79bd718cfbbe545d18334177e3c460c15dd5a98a53a59430147320f25a1
BEL1,2026/27,2026-09-12,KV Mechelen,354,458787,FIRST,CONFIRMED,https://www.proleague.be/jpl-clubs,0a77b79bd718cfbbe545d18334177e3c460c15dd5a98a53a59430147320f25a1
BEL1,2026/27,2026-09-12,KVC Westerlo,968,458763,FIRST,CONFIRMED,https://www.proleague.be/jpl-clubs,0a77b79bd718cfbbe545d18334177e3c460c15dd5a98a53a59430147320f25a1
BEL1,2026/27,2026-09-12,Lommel SK,5026,458783,FIRST,CONFIRMED,https://www.proleague.be/jpl-clubs,0a77b79bd718cfbbe545d18334177e3c460c15dd5a98a53a59430147320f25a1
BEL1,2026/27,2026-09-12,Oud-Heverlee Leuven,2727,458775,FIRST,CONFIRMED,https://www.proleague.be/jpl-clubs,0a77b79bd718cfbbe545d18334177e3c460c15dd5a98a53a59430147320f25a1
BEL1,2026/27,2026-09-12,RAAL La Louvière,3901,471041,FIRST,CONFIRMED,https://www.proleague.be/jpl-clubs,0a77b79bd718cfbbe545d18334177e3c460c15dd5a98a53a59430147320f25a1
BEL1,2026/27,2026-09-12,RSC Anderlecht,58,458766,FIRST,CONFIRMED,https://www.proleague.be/jpl-clubs,0a77b79bd718cfbbe545d18334177e3c460c15dd5a98a53a59430147320f25a1
BEL1,2026/27,2026-09-12,Royal Antwerpen FC,1096,458785,FIRST,CONFIRMED,https://www.proleague.be/jpl-clubs,0a77b79bd718cfbbe545d18334177e3c460c15dd5a98a53a59430147320f25a1
BEL1,2026/27,2026-09-12,Royal Charleroi SC,172,458761,FIRST,CONFIRMED,https://www.proleague.be/jpl-clubs,0a77b79bd718cfbbe545d18334177e3c460c15dd5a98a53a59430147320f25a1
BEL1,2026/27,2026-09-12,SK Beveren,28643,458788,FIRST,CONFIRMED,https://www.proleague.be/jpl-clubs,0a77b79bd718cfbbe545d18334177e3c460c15dd5a98a53a59430147320f25a1
BEL1,2026/27,2026-09-12,Standard Lüttich,3057,458760,FIRST,CONFIRMED,https://www.proleague.be/jpl-clubs,0a77b79bd718cfbbe545d18334177e3c460c15dd5a98a53a59430147320f25a1
BEL1,2026/27,2026-09-12,Union Saint-Gilloise,3948,458780,FIRST,CONFIRMED,https://www.proleague.be/jpl-clubs,0a77b79bd718cfbbe545d18334177e3c460c15dd5a98a53a59430147320f25a1
BEL1,2026/27,2026-09-12,VV St. Truiden,475,458759,FIRST,CONFIRMED,https://www.proleague.be/jpl-clubs,0a77b79bd718cfbbe545d18334177e3c460c15dd5a98a53a59430147320f25a1
BEL1,2026/27,2026-09-12,Zulte Waregem,3508,458782,FIRST,CONFIRMED,https://www.proleague.be/jpl-clubs,0a77b79bd718cfbbe545d18334177e3c460c15dd5a98a53a59430147320f25a1
TUR1,2026/27,2026-09-12,Alanyaspor,11282,3145783,FIRST,CONFIRMED,https://www.tff.org/?pageID=198,a0423b95de5880b4b95bf009b18d42f5fa5927b59f7bb735eca4ae265266fa2f
TUR1,2026/27,2026-09-12,Amed SK,12382,3145856,FIRST,CONFIRMED,https://www.tff.org/?pageID=198,a0423b95de5880b4b95bf009b18d42f5fa5927b59f7bb735eca4ae265266fa2f
TUR1,2026/27,2026-09-12,Basaksehir FK,6890,3145841,FIRST,CONFIRMED,https://www.tff.org/?pageID=198,a0423b95de5880b4b95bf009b18d42f5fa5927b59f7bb735eca4ae265266fa2f
TUR1,2026/27,2026-09-12,Besiktas JK,114,3145824,FIRST,CONFIRMED,https://www.tff.org/?pageID=198,a0423b95de5880b4b95bf009b18d42f5fa5927b59f7bb735eca4ae265266fa2f
TUR1,2026/27,2026-09-12,Caykur Rizespor,126,3145837,FIRST,CONFIRMED,https://www.tff.org/?pageID=198,a0423b95de5880b4b95bf009b18d42f5fa5927b59f7bb735eca4ae265266fa2f
TUR1,2026/27,2026-09-12,Corum FK,37951,3149867,FIRST,CONFIRMED,https://www.tff.org/?pageID=198,a0423b95de5880b4b95bf009b18d42f5fa5927b59f7bb735eca4ae265266fa2f
TUR1,2026/27,2026-09-12,Erzurumspor FK,39722,3145765,FIRST,CONFIRMED,https://www.tff.org/?pageID=198,a0423b95de5880b4b95bf009b18d42f5fa5927b59f7bb735eca4ae265266fa2f
TUR1,2026/27,2026-09-12,Eyüpspor,7160,3145777,FIRST,CONFIRMED,https://www.tff.org/?pageID=198,a0423b95de5880b4b95bf009b18d42f5fa5927b59f7bb735eca4ae265266fa2f
TUR1,2026/27,2026-09-12,Fenerbahce,36,3145823,FIRST,CONFIRMED,https://www.tff.org/?pageID=198,a0423b95de5880b4b95bf009b18d42f5fa5927b59f7bb735eca4ae265266fa2f
TUR1,2026/27,2026-09-12,Galatasaray,141,3145825,FIRST,CONFIRMED,https://www.tff.org/?pageID=198,a0423b95de5880b4b95bf009b18d42f5fa5927b59f7bb735eca4ae265266fa2f
TUR1,2026/27,2026-09-12,Gaziantep FK,2832,3145773,FIRST,CONFIRMED,https://www.tff.org/?pageID=198,a0423b95de5880b4b95bf009b18d42f5fa5927b59f7bb735eca4ae265266fa2f
TUR1,2026/27,2026-09-12,Genclerbirligi Ankara,820,3145836,FIRST,CONFIRMED,https://www.tff.org/?pageID=198,a0423b95de5880b4b95bf009b18d42f5fa5927b59f7bb735eca4ae265266fa2f
TUR1,2026/27,2026-09-12,Göztepe,1467,3145820,FIRST,CONFIRMED,https://www.tff.org/?pageID=198,a0423b95de5880b4b95bf009b18d42f5fa5927b59f7bb735eca4ae265266fa2f
TUR1,2026/27,2026-09-12,Kasimpasa,10484,3145843,FIRST,CONFIRMED,https://www.tff.org/?pageID=198,a0423b95de5880b4b95bf009b18d42f5fa5927b59f7bb735eca4ae265266fa2f
TUR1,2026/27,2026-09-12,Kocaelispor,120,3145754,FIRST,CONFIRMED,https://www.tff.org/?pageID=198,a0423b95de5880b4b95bf009b18d42f5fa5927b59f7bb735eca4ae265266fa2f
TUR1,2026/27,2026-09-12,Konyaspor,2293,3145839,FIRST,CONFIRMED,https://www.tff.org/?pageID=198,a0423b95de5880b4b95bf009b18d42f5fa5927b59f7bb735eca4ae265266fa2f
TUR1,2026/27,2026-09-12,Samsunspor,152,3145745,FIRST,CONFIRMED,https://www.tff.org/?pageID=198,a0423b95de5880b4b95bf009b18d42f5fa5927b59f7bb735eca4ae265266fa2f
TUR1,2026/27,2026-09-12,Trabzonspor,449,3145826,FIRST,CONFIRMED,https://www.tff.org/?pageID=198,a0423b95de5880b4b95bf009b18d42f5fa5927b59f7bb735eca4ae265266fa2f
CZE1,2026/27,2026-09-12,1.FC Slovacko,5544,786461,FIRST,CONFIRMED,https://www.chanceliga.cz/Start,dbad9f08f35c7ce79a4a69e97ba9d9ff48d817d45c65fe327512f7902067603a
CZE1,2026/27,2026-09-12,AC Sparta Prag,197,786442,FIRST,CONFIRMED,https://www.chanceliga.cz/Start,dbad9f08f35c7ce79a4a69e97ba9d9ff48d817d45c65fe327512f7902067603a
CZE1,2026/27,2026-09-12,Bohemians Prag 1905,715,786453,FIRST,CONFIRMED,https://www.chanceliga.cz/Start,dbad9f08f35c7ce79a4a69e97ba9d9ff48d817d45c65fe327512f7902067603a
CZE1,2026/27,2026-09-12,FC Banik Ostrau,377,786446,FIRST,CONFIRMED,https://www.chanceliga.cz/Start,dbad9f08f35c7ce79a4a69e97ba9d9ff48d817d45c65fe327512f7902067603a
CZE1,2026/27,2026-09-12,FC Hradec Kralove,1897,790530,FIRST,CONFIRMED,https://www.chanceliga.cz/Start,dbad9f08f35c7ce79a4a69e97ba9d9ff48d817d45c65fe327512f7902067603a
CZE1,2026/27,2026-09-12,FC Slovan Liberec,697,786438,FIRST,CONFIRMED,https://www.chanceliga.cz/Start,dbad9f08f35c7ce79a4a69e97ba9d9ff48d817d45c65fe327512f7902067603a
CZE1,2026/27,2026-09-12,FC Viktoria Pilsen,941,786450,FIRST,CONFIRMED,https://www.chanceliga.cz/Start,dbad9f08f35c7ce79a4a69e97ba9d9ff48d817d45c65fe327512f7902067603a
CZE1,2026/27,2026-09-12,FC Zbrojovka Brünn,5225,786447,FIRST,CONFIRMED,https://www.chanceliga.cz/Start,dbad9f08f35c7ce79a4a69e97ba9d9ff48d817d45c65fe327512f7902067603a
CZE1,2026/27,2026-09-12,FC Zlin,5545,786445,FIRST,CONFIRMED,https://www.chanceliga.cz/Start,dbad9f08f35c7ce79a4a69e97ba9d9ff48d817d45c65fe327512f7902067603a
CZE1,2026/27,2026-09-12,FK Jablonec,1322,786437,FIRST,CONFIRMED,https://www.chanceliga.cz/Start,dbad9f08f35c7ce79a4a69e97ba9d9ff48d817d45c65fe327512f7902067603a
CZE1,2026/27,2026-09-12,FK Mlada Boleslav,5546,786434,FIRST,CONFIRMED,https://www.chanceliga.cz/Start,dbad9f08f35c7ce79a4a69e97ba9d9ff48d817d45c65fe327512f7902067603a
CZE1,2026/27,2026-09-12,FK Pardubice,1496,790538,FIRST,CONFIRMED,https://www.chanceliga.cz/Start,dbad9f08f35c7ce79a4a69e97ba9d9ff48d817d45c65fe327512f7902067603a
CZE1,2026/27,2026-09-12,FK Teplice,814,786443,FIRST,CONFIRMED,https://www.chanceliga.cz/Start,dbad9f08f35c7ce79a4a69e97ba9d9ff48d817d45c65fe327512f7902067603a
CZE1,2026/27,2026-09-12,SK Artis Brünn,24325,790564,FIRST,CONFIRMED,https://www.chanceliga.cz/Start,dbad9f08f35c7ce79a4a69e97ba9d9ff48d817d45c65fe327512f7902067603a
CZE1,2026/27,2026-09-12,SK Sigma Olmütz,2311,786439,FIRST,CONFIRMED,https://www.chanceliga.cz/Start,dbad9f08f35c7ce79a4a69e97ba9d9ff48d817d45c65fe327512f7902067603a
CZE1,2026/27,2026-09-12,SK Slavia Prag,62,786441,FIRST,CONFIRMED,https://www.chanceliga.cz/Start,dbad9f08f35c7ce79a4a69e97ba9d9ff48d817d45c65fe327512f7902067603a
GER2,2026/27,2026-09-12,1.FC Heidenheim 1846,2036,1376302,FIRST,CONFIRMED,https://www.bundesliga.com/de/2bundesliga/clubs,b4947004f58f5c89e12823d3842288cd274c7c9ab4faee8d750fa35ff077a966
GER2,2026/27,2026-09-12,1.FC Kaiserslautern,2,1376257,FIRST,CONFIRMED,https://www.bundesliga.com/de/2bundesliga/clubs,b4947004f58f5c89e12823d3842288cd274c7c9ab4faee8d750fa35ff077a966
GER2,2026/27,2026-09-12,1.FC Magdeburg,187,1376373,FIRST,CONFIRMED,https://www.bundesliga.com/de/2bundesliga/clubs,b4947004f58f5c89e12823d3842288cd274c7c9ab4faee8d750fa35ff077a966
GER2,2026/27,2026-09-12,1.FC Nürnberg,4,1376258,FIRST,CONFIRMED,https://www.bundesliga.com/de/2bundesliga/clubs,b4947004f58f5c89e12823d3842288cd274c7c9ab4faee8d750fa35ff077a966
GER2,2026/27,2026-09-12,Arminia Bielefeld,10,1376260,FIRST,CONFIRMED,https://www.bundesliga.com/de/2bundesliga/clubs,b4947004f58f5c89e12823d3842288cd274c7c9ab4faee8d750fa35ff077a966
GER2,2026/27,2026-09-12,Eintracht Braunschweig,23,1376426,FIRST,CONFIRMED,https://www.bundesliga.com/de/2bundesliga/clubs,b4947004f58f5c89e12823d3842288cd274c7c9ab4faee8d750fa35ff077a966
GER2,2026/27,2026-09-12,FC Energie Cottbus,25,1376280,FIRST,CONFIRMED,https://www.bundesliga.com/de/2bundesliga/clubs,b4947004f58f5c89e12823d3842288cd274c7c9ab4faee8d750fa35ff077a966
GER2,2026/27,2026-09-12,FC St. Pauli,35,1376425,FIRST,CONFIRMED,https://www.bundesliga.com/de/2bundesliga/clubs,b4947004f58f5c89e12823d3842288cd274c7c9ab4faee8d750fa35ff077a966
GER2,2026/27,2026-09-12,Hannover 96,42,1376268,FIRST,CONFIRMED,https://www.bundesliga.com/de/2bundesliga/clubs,b4947004f58f5c89e12823d3842288cd274c7c9ab4faee8d750fa35ff077a966
GER2,2026/27,2026-09-12,Hertha BSC,44,1376269,FIRST,CONFIRMED,https://www.bundesliga.com/de/2bundesliga/clubs,b4947004f58f5c89e12823d3842288cd274c7c9ab4faee8d750fa35ff077a966
GER2,2026/27,2026-09-12,Holstein Kiel,269,1376418,FIRST,CONFIRMED,https://www.bundesliga.com/de/2bundesliga/clubs,b4947004f58f5c89e12823d3842288cd274c7c9ab4faee8d750fa35ff077a966
GER2,2026/27,2026-09-12,Karlsruher SC,48,1376283,FIRST,CONFIRMED,https://www.bundesliga.com/de/2bundesliga/clubs,b4947004f58f5c89e12823d3842288cd274c7c9ab4faee8d750fa35ff077a966
GER2,2026/27,2026-09-12,SG Dynamo Dresden,129,1376278,FIRST,CONFIRMED,https://www.bundesliga.com/de/2bundesliga/clubs,b4947004f58f5c89e12823d3842288cd274c7c9ab4faee8d750fa35ff077a966
GER2,2026/27,2026-09-12,SV Darmstadt 98,105,1376442,FIRST,CONFIRMED,https://www.bundesliga.com/de/2bundesliga/clubs,b4947004f58f5c89e12823d3842288cd274c7c9ab4faee8d750fa35ff077a966
GER2,2026/27,2026-09-12,SpVgg Greuther Fürth,65,1376288,FIRST,CONFIRMED,https://www.bundesliga.com/de/2bundesliga/clubs,b4947004f58f5c89e12823d3842288cd274c7c9ab4faee8d750fa35ff077a966
GER2,2026/27,2026-09-12,VfL Bochum,80,1376273,FIRST,CONFIRMED,https://www.bundesliga.com/de/2bundesliga/clubs,b4947004f58f5c89e12823d3842288cd274c7c9ab4faee8d750fa35ff077a966
GER2,2026/27,2026-09-12,VfL Osnabrück,81,1376420,FIRST,CONFIRMED,https://www.bundesliga.com/de/2bundesliga/clubs,b4947004f58f5c89e12823d3842288cd274c7c9ab4faee8d750fa35ff077a966
GER2,2026/27,2026-09-12,VfL Wolfsburg,82,1376274,FIRST,CONFIRMED,https://www.bundesliga.com/de/2bundesliga/clubs,b4947004f58f5c89e12823d3842288cd274c7c9ab4faee8d750fa35ff077a966
GER3,2026/27,2026-09-12,1.FC Saarbrücken,1,1376287,FIRST,CONFIRMED,https://datencenter.dfb.de/competitions/4/seasons/current,952520fbfcc60f1802def3ec1bf2248f8c565db74cf4e27d9ac47e73b969186c
GER3,2026/27,2026-09-12,Alemannia Aachen,8,1376276,FIRST,CONFIRMED,https://datencenter.dfb.de/competitions/4/seasons/current,952520fbfcc60f1802def3ec1bf2248f8c565db74cf4e27d9ac47e73b969186c
GER3,2026/27,2026-09-12,FC Hansa Rostock,30,1376265,FIRST,CONFIRMED,https://datencenter.dfb.de/competitions/4/seasons/current,952520fbfcc60f1802def3ec1bf2248f8c565db74cf4e27d9ac47e73b969186c
GER3,2026/27,2026-09-12,FC Ingolstadt 04,4795,1376315,FIRST,CONFIRMED,https://datencenter.dfb.de/competitions/4/seasons/current,952520fbfcc60f1802def3ec1bf2248f8c565db74cf4e27d9ac47e73b969186c
GER3,2026/27,2026-09-12,FC Viktoria Köln,1622,1376446,FIRST,CONFIRMED,https://datencenter.dfb.de/competitions/4/seasons/current,952520fbfcc60f1802def3ec1bf2248f8c565db74cf4e27d9ac47e73b969186c
GER3,2026/27,2026-09-12,Fortuna Düsseldorf,38,1376429,FIRST,CONFIRMED,https://datencenter.dfb.de/competitions/4/seasons/current,952520fbfcc60f1802def3ec1bf2248f8c565db74cf4e27d9ac47e73b969186c
GER3,2026/27,2026-09-12,MSV Duisburg,52,1376285,FIRST,CONFIRMED,https://datencenter.dfb.de/competitions/4/seasons/current,952520fbfcc60f1802def3ec1bf2248f8c565db74cf4e27d9ac47e73b969186c
GER3,2026/27,2026-09-12,Preußen Münster,91,1376419,FIRST,CONFIRMED,https://datencenter.dfb.de/competitions/4/seasons/current,952520fbfcc60f1802def3ec1bf2248f8c565db74cf4e27d9ac47e73b969186c
GER3,2026/27,2026-09-12,Rot-Weiss Essen,56,1376282,FIRST,CONFIRMED,https://datencenter.dfb.de/competitions/4/seasons/current,952520fbfcc60f1802def3ec1bf2248f8c565db74cf4e27d9ac47e73b969186c
GER3,2026/27,2026-09-12,SC Fortuna Köln,92,1376444,FIRST,CONFIRMED,https://datencenter.dfb.de/competitions/4/seasons/current,952520fbfcc60f1802def3ec1bf2248f8c565db74cf4e27d9ac47e73b969186c
GER3,2026/27,2026-09-12,SC Verl,93,1376406,FIRST,CONFIRMED,https://datencenter.dfb.de/competitions/4/seasons/current,952520fbfcc60f1802def3ec1bf2248f8c565db74cf4e27d9ac47e73b969186c
GER3,2026/27,2026-09-12,SG Sonnenhof Großaspach,2589,1376306,FIRST,CONFIRMED,https://datencenter.dfb.de/competitions/4/seasons/current,952520fbfcc60f1802def3ec1bf2248f8c565db74cf4e27d9ac47e73b969186c
GER3,2026/27,2026-09-12,SSV Jahn Regensburg,109,1376436,FIRST,CONFIRMED,https://datencenter.dfb.de/competitions/4/seasons/current,952520fbfcc60f1802def3ec1bf2248f8c565db74cf4e27d9ac47e73b969186c
GER3,2026/27,2026-09-12,SV Meppen,247,1376347,FIRST,CONFIRMED,https://datencenter.dfb.de/competitions/4/seasons/current,952520fbfcc60f1802def3ec1bf2248f8c565db74cf4e27d9ac47e73b969186c
GER3,2026/27,2026-09-12,SV Waldhof Mannheim,85,1376301,FIRST,CONFIRMED,https://datencenter.dfb.de/competitions/4/seasons/current,952520fbfcc60f1802def3ec1bf2248f8c565db74cf4e27d9ac47e73b969186c
GER3,2026/27,2026-09-12,SV Wehen Wiesbaden,108,1376439,FIRST,CONFIRMED,https://datencenter.dfb.de/competitions/4/seasons/current,952520fbfcc60f1802def3ec1bf2248f8c565db74cf4e27d9ac47e73b969186c
GER3,2026/27,2026-09-12,TSG 1899 Hoffenheim II,983,1376433,RESERVE,CONFIRMED,https://datencenter.dfb.de/competitions/4/seasons/current,952520fbfcc60f1802def3ec1bf2248f8c565db74cf4e27d9ac47e73b969186c
GER3,2026/27,2026-09-12,TSV Havelse,476,1376539,FIRST,CONFIRMED,https://datencenter.dfb.de/competitions/4/seasons/current,952520fbfcc60f1802def3ec1bf2248f8c565db74cf4e27d9ac47e73b969186c
GER3,2026/27,2026-09-12,VfB Stuttgart II,102,1376272,RESERVE,CONFIRMED,https://datencenter.dfb.de/competitions/4/seasons/current,952520fbfcc60f1802def3ec1bf2248f8c565db74cf4e27d9ac47e73b969186c
GER3,2026/27,2026-09-12,Würzburger Kickers,1557,1376540,FIRST,CONFIRMED,https://datencenter.dfb.de/competitions/4/seasons/current,952520fbfcc60f1802def3ec1bf2248f8c565db74cf4e27d9ac47e73b969186c
