league,club_name,external_club_id,player_name,external_player_id,fm_id,fifa_id,native_club_id,loan_owner_external_club_id,loan_owner_native_club_id,source_joined,projected_begin,loan_end,preservation_status,source_url,source_sha256
ENG1,Aston Villa,405,Aaron Wan-Bissaka,477758,263483,229880,917506,379,917511,2026-08-21,2026-07-01,2027-06-30,PRESERVE_NATIVE08_PROJECTED_BEGIN,https://www.transfermarkt.de/aston-villa/kader/verein/405/saison_id/2026/plus/1,66b9b7fdd741084e821d291249f5bdc0fe382243be248d861c1137a95e82f15d
ENG1,Aston Villa,405,Alejandro Garnacho,811779,23306,268438,917506,631,917513,2026-07-23,2026-07-01,2027-06-30,PRESERVE_NATIVE08_PROJECTED_BEGIN,https://www.transfermarkt.de/aston-villa/kader/verein/405/saison_id/2026/plus/1,66b9b7fdd741084e821d291249f5bdc0fe382243be248d861c1137a95e82f15d
ENG1,AFC Bournemouth,989,Michele Di Gregorio,301238,278349,235840,917553,506,1769482,2026-08-25,2026-07-01,2027-06-30,PRESERVE_NATIVE08_PROJECTED_BEGIN,https://www.transfermarkt.de/afc-bournemouth/kader/verein/989/saison_id/2026/plus/1,147ac73d9a94a634b365ebf6ee82ee4655d46b0d4aa0cba07b481ccc27a62359
ENG1,Brighton & Hove Albion,1237,Promise David,888785,234972,73070,917529,3948,458780,2026-08-18,2026-07-01,2027-06-30,PRESERVE_NATIVE08_PROJECTED_BEGIN,https://www.transfermarkt.de/brighton-hove-albion/kader/verein/1237/saison_id/2026/plus/1,f2cf90d26295bb03b7a9f88ddd237a671bfa8ea7b8601dc2dd42f6c052d76dbc
ENG1,Coventry City,990,Stephen Mfuni,1049020,274809,0,917530,9265,917518,2026-08-30,2026-07-01,2027-06-30,PRESERVE_NATIVE08_PROJECTED_BEGIN,https://www.transfermarkt.de/coventry-city/kader/verein/990/saison_id/2026/plus/1,f8b6df3a235487785b5388c90b2e9ed50f43a330cba1ff3e2ab5138484452aae
ENG1,Crystal Palace,873,Honest Ahanor,1077175,282292,74483,917535,800,1769477,2026-09-01,2026-07-01,2027-06-30,PRESERVE_NATIVE08_PROJECTED_BEGIN,https://www.transfermarkt.de/crystal-palace/kader/verein/873/saison_id/2026/plus/1,5b0d8110693231bc9cfcbf4e744171ea18f83dc20ff4c35e294cf84c098ae7ac
ENG1,Crystal Palace,873,Axel Disasi,386047,23302,229942,917535,631,917513,2026-08-26,2026-07-01,2027-06-30,PRESERVE_NATIVE08_PROJECTED_BEGIN,https://www.transfermarkt.de/crystal-palace/kader/verein/873/saison_id/2026/plus/1,5b0d8110693231bc9cfcbf4e744171ea18f83dc20ff4c35e294cf84c098ae7ac
ENG1,Crystal Palace,873,Evann Guessand,500689,261112,258444,917535,,917506,2026-01-30,2026-07-01,2027-06-30,PRESERVE_NATIVE08_PROJECTED_BEGIN,https://www.transfermarkt.de/crystal-palace/kader/verein/873/saison_id/2026/plus/1,5b0d8110693231bc9cfcbf4e744171ea18f83dc20ff4c35e294cf84c098ae7ac
ENG1,Crystal Palace,873,Darío Osorio,881116,285963,278012,917535,865,851973,2026-09-01,2026-07-01,2027-06-30,PRESERVE_NATIVE08_PROJECTED_BEGIN,https://www.transfermarkt.de/crystal-palace/kader/verein/873/saison_id/2026/plus/1,5b0d8110693231bc9cfcbf4e744171ea18f83dc20ff4c35e294cf84c098ae7ac
ENG1,Everton,29,Jack Grealish,203460,259145,206517,917517,281,917518,2026-09-01,2026-07-01,2027-06-30,PRESERVE_NATIVE08_PROJECTED_BEGIN,https://www.transfermarkt.de/fc-everton/kader/verein/29/saison_id/2026/plus/1,42b6f20b51ab963f490c0c9e3fce8d8e64beae01bd82a8476a0462feb2ef546d
ENG1,Fulham,931,Hugo Larsson,931838,277145,268896,917521,24,1376279,2026-09-01,2026-07-01,2027-06-30,PRESERVE_NATIVE08_PROJECTED_BEGIN,https://www.transfermarkt.de/fc-fulham/kader/verein/931/saison_id/2026/plus/1,abc9ef5d8dbb5849dcf6d123a562b6a7cc7afc983fc84b62fadedbe7ab430fe0
ENG1,Hull City,3008,Robinio Vaz,1131161,283989,76410,917532,12,1179662,2026-09-01,2026-07-01,2027-06-30,PRESERVE_NATIVE08_PROJECTED_BEGIN,https://www.transfermarkt.de/hull-city/kader/verein/3008/saison_id/2026/plus/1,95d27e3b77eef2306101f2b6eab92a02d56308a31e0d34299be2fa82dcf331db
ENG1,Leeds United,399,Melvin Bard,532775,285266,254548,917545,417,1179666,2026-09-01,2026-07-01,2027-06-30,PRESERVE_NATIVE08_PROJECTED_BEGIN,https://www.transfermarkt.de/leeds-united/kader/verein/399/saison_id/2026/plus/1,8641181efead6b745e037ec49edb34f1c7ca3a066d41825076ee3196fb4eedd5
ENG1,Leeds United,399,Jean-Mattéo Bahoya,939964,277149,269728,917545,24,1376279,2026-09-01,2026-07-01,2027-06-30,PRESERVE_NATIVE08_PROJECTED_BEGIN,https://www.transfermarkt.de/leeds-united/kader/verein/399/saison_id/2026/plus/1,8641181efead6b745e037ec49edb34f1c7ca3a066d41825076ee3196fb4eedd5
ENG1,Liverpool,31,Ronald Araujo,480267,283341,253163,917509,131,2949124,2026-08-10,2026-07-01,2027-06-30,PRESERVE_NATIVE08_PROJECTED_BEGIN,https://www.transfermarkt.de/fc-liverpool/kader/verein/31/saison_id/2026/plus/1,03f6f6108aec08d5028c45b59b341f94eb0a4ac80c8d3246a9cf1767419f8789
ENG1,Sunderland,289,Kevin Danso,263236,265414,237985,917524,148,917514,2026-09-01,2026-07-01,2027-06-30,PRESERVE_NATIVE08_PROJECTED_BEGIN,https://www.transfermarkt.de/afc-sunderland/kader/verein/289/saison_id/2026/plus/1,bd74ae0019b88eeaf201f5b09382a2f264e6feab18e637371f9e43576b711509
ENG1,Tottenham Hotspur,148,Mykhaylo Mudryk,537860,23316,246340,917514,631,917513,2026-09-01,2026-07-01,2027-06-30,PRESERVE_NATIVE08_PROJECTED_BEGIN,https://www.transfermarkt.de/tottenham-hotspur/kader/verein/148/saison_id/2026/plus/1,007fc11048dc50b4cfd2c580b82958bb7cc02f984af0af71c4079e53b5c71390
ENG1,Tottenham Hotspur,148,Omar Marmoush,445939,262597,256675,917514,281,917518,2026-08-27,2026-07-01,2027-06-30,PRESERVE_NATIVE08_PROJECTED_BEGIN,https://www.transfermarkt.de/tottenham-hotspur/kader/verein/148/saison_id/2026/plus/1,007fc11048dc50b4cfd2c580b82958bb7cc02f984af0af71c4079e53b5c71390
GER1,Borussia Dortmund,16,Ethan Nwaneri,890719,257423,271807,1376262,11,917505,2026-09-01,2026-07-01,2027-06-30,PRESERVE_NATIVE08_PROJECTED_BEGIN,https://www.transfermarkt.de/borussia-dortmund/kader/verein/16/saison_id/2026/plus/1,927453550675aa19e2e1770ec753efb040ae08d849fa3f9549ef9d993044efb7
GER1,RasenBallsport Leipzig,23826,Neil El Aynaoui,901019,278489,262745,1376555,12,1769476,2026-09-01,2026-07-01,2027-06-30,PRESERVE_NATIVE08_PROJECTED_BEGIN,https://www.transfermarkt.de/rb-leipzig/kader/verein/23826/saison_id/2026/plus/1,97283d90f2a9e564bd064da4fa47fa71d7ad3661db6e1e1a6f768776682c54ff
GER1,RasenBallsport Leipzig,23826,Brajan Gruda,700106,23579,272612,1376555,,917529,2026-02-02,2026-07-01,2027-06-30,PRESERVE_NATIVE08_PROJECTED_BEGIN,https://www.transfermarkt.de/rb-leipzig/kader/verein/23826/saison_id/2026/plus/1,97283d90f2a9e564bd064da4fa47fa71d7ad3661db6e1e1a6f768776682c54ff
GER1,RasenBallsport Leipzig,23826,Christopher Nkunku,344381,278211,232411,1376555,5,1769474,2026-08-25,2026-07-01,2027-06-30,PRESERVE_NATIVE08_PROJECTED_BEGIN,https://www.transfermarkt.de/rb-leipzig/kader/verein/23826/saison_id/2026/plus/1,97283d90f2a9e564bd064da4fa47fa71d7ad3661db6e1e1a6f768776682c54ff
GER1,Eintracht Frankfurt,24,Noah Atubolu,526845,277853,262659,1376279,60,1376270,2026-08-28,2026-07-01,2027-06-30,PRESERVE_NATIVE08_PROJECTED_BEGIN,https://www.transfermarkt.de/eintracht-frankfurt/kader/verein/24/saison_id/2026/plus/1,b45935ddcd2a6095f6ba7722a68fe41a24ae9eab482678ab594edfe3149e642f
GER1,FC Augsburg,167,Juma Bah,1121298,285283,75148,1376431,281,917518,2026-09-01,2026-07-01,2027-06-30,PRESERVE_NATIVE08_PROJECTED_BEGIN,https://www.transfermarkt.de/fc-augsburg/kader/verein/167/saison_id/2026/plus/1,323d986d5d073658ccfd8af3d4978da6e4a9845c0cdcce47798096a26f016833
GER1,FC Augsburg,167,Yannik Keitel,342039,277656,256118,1376431,,1376272,2026-01-03,2026-07-01,2027-06-30,PRESERVE_NATIVE08_PROJECTED_BEGIN,https://www.transfermarkt.de/fc-augsburg/kader/verein/167/saison_id/2026/plus/1,323d986d5d073658ccfd8af3d4978da6e4a9845c0cdcce47798096a26f016833
GER1,FC Augsburg,167,Arijon Ibrahimovic,744728,281243,266236,1376431,27,1376302,2026-09-01,2026-07-01,2027-06-30,PRESERVE_NATIVE08_PROJECTED_BEGIN,https://www.transfermarkt.de/fc-augsburg/kader/verein/167/saison_id/2026/plus/1,323d986d5d073658ccfd8af3d4978da6e4a9845c0cdcce47798096a26f016833
GER1,1. FC Union Berlin,89,Emmanuel Latte Lath,392964,300580,237295,1376348,51663,6234441,2026-08-02,2026-07-01,2027-06-30,PRESERVE_NATIVE08_PROJECTED_BEGIN,https://www.transfermarkt.de/1-fc-union-berlin/kader/verein/89/saison_id/2026/plus/1,09ae9c47f64c54ef97da615c30d6aa9ae9d953e1a3e18c00b87ea902f5a73e34
GER1,Borussia Mönchengladbach,18,Daiki Hashioka,387191,295796,242006,1376263,62,786441,2026-07-30,2026-07-01,2027-06-30,PRESERVE_NATIVE08_PROJECTED_BEGIN,https://www.transfermarkt.de/borussia-monchengladbach/kader/verein/18/saison_id/2026/plus/1,93aeb3d082cba6ceafd5d994cd6c62a394304bd2c6b1a3d5db6e9a807ca2f1d1
GER1,Borussia Mönchengladbach,18,Nicolas Kühn,336012,283726,239977,1376263,1047,1769516,2026-09-01,2026-07-01,2027-06-30,PRESERVE_NATIVE08_PROJECTED_BEGIN,https://www.transfermarkt.de/borussia-monchengladbach/kader/verein/18/saison_id/2026/plus/1,93aeb3d082cba6ceafd5d994cd6c62a394304bd2c6b1a3d5db6e9a807ca2f1d1
GER1,Hamburger SV,41,Sebastiaan Bornauw,338629,23829,242663,1376267,399,917545,2026-08-19,2026-07-01,2027-06-30,PRESERVE_NATIVE08_PROJECTED_BEGIN,https://www.transfermarkt.de/hamburger-sv/kader/verein/41/saison_id/2026/plus/1,b64691692e6ee125bc166e1e2f2766b5b1648b8f0d8bf0281ff1575f23bed386
GER1,Hamburger SV,41,David Møller Wolfe,661427,23749,262135,1376267,543,917547,2026-09-01,2026-07-01,2027-06-30,PRESERVE_NATIVE08_PROJECTED_BEGIN,https://www.transfermarkt.de/hamburger-sv/kader/verein/41/saison_id/2026/plus/1,b64691692e6ee125bc166e1e2f2766b5b1648b8f0d8bf0281ff1575f23bed386
GER1,1. FC Köln,3,Borna Sosa,293194,265166,243388,1376275,873,917535,2026-09-01,2026-07-01,2027-06-30,PRESERVE_NATIVE08_PROJECTED_BEGIN,https://www.transfermarkt.de/1-fc-koln/kader/verein/3/saison_id/2026/plus/1,12a14d27346ee235b404e134f85a38d7a6bdd54c78b986e25f49d9688db94c53
GER1,1. FC Köln,3,Mikey Moore,1011147,288892,72159,1376275,9254,917514,2026-08-31,2026-07-01,2027-06-30,PRESERVE_NATIVE08_PROJECTED_BEGIN,https://www.transfermarkt.de/1-fc-koln/kader/verein/3/saison_id/2026/plus/1,12a14d27346ee235b404e134f85a38d7a6bdd54c78b986e25f49d9688db94c53
GER1,1. FC Köln,3,Thijs Dallinga,538964,283136,252021,1376275,1025,1769478,2026-08-17,2026-07-01,2027-06-30,PRESERVE_NATIVE08_PROJECTED_BEGIN,https://www.transfermarkt.de/1-fc-koln/kader/verein/3/saison_id/2026/plus/1,12a14d27346ee235b404e134f85a38d7a6bdd54c78b986e25f49d9688db94c53
GER1,SV Werder Bremen,86,Moussa Ndiaye,649022,235252,271563,1376271,58,458766,2026-09-01,2026-07-01,2027-06-30,PRESERVE_NATIVE08_PROJECTED_BEGIN,https://www.transfermarkt.de/sv-werder-bremen/kader/verein/86/saison_id/2026/plus/1,0a7e36159d0c7ffd555ab7f3ffa226b0cf286e7a1a009e2dca794bd509bbd26e
GER1,SV Werder Bremen,86,Arthur,977464,277069,275028,1376271,15,1376261,2026-09-01,2026-07-01,2027-06-30,PRESERVE_NATIVE08_PROJECTED_BEGIN,https://www.transfermarkt.de/sv-werder-bremen/kader/verein/86/saison_id/2026/plus/1,0a7e36159d0c7ffd555ab7f3ffa226b0cf286e7a1a009e2dca794bd509bbd26e
GER1,SV Werder Bremen,86,Youri Regeer,559324,295674,265390,1376271,610,2228227,2026-08-31,2026-07-01,2027-06-30,PRESERVE_NATIVE08_PROJECTED_BEGIN,https://www.transfermarkt.de/sv-werder-bremen/kader/verein/86/saison_id/2026/plus/1,0a7e36159d0c7ffd555ab7f3ffa226b0cf286e7a1a009e2dca794bd509bbd26e
GER1,SV Werder Bremen,86,Eren Dinkçi,645774,277861,258316,1376271,60,1376270,2026-08-17,2026-07-01,2027-06-30,PRESERVE_NATIVE08_PROJECTED_BEGIN,https://www.transfermarkt.de/sv-werder-bremen/kader/verein/86/saison_id/2026/plus/1,0a7e36159d0c7ffd555ab7f3ffa226b0cf286e7a1a009e2dca794bd509bbd26e
GER1,SV Werder Bremen,86,Niclas Füllkrug,75489,263481,205431,1376271,379,917511,2026-08-18,2026-07-01,2027-06-30,PRESERVE_NATIVE08_PROJECTED_BEGIN,https://www.transfermarkt.de/sv-werder-bremen/kader/verein/86/saison_id/2026/plus/1,0a7e36159d0c7ffd555ab7f3ffa226b0cf286e7a1a009e2dca794bd509bbd26e
GER1,FC Schalke 04,33,Robin Gosens,273132,282471,223697,1376266,430,1769492,2026-07-17,2026-07-01,2027-06-30,PRESERVE_NATIVE08_PROJECTED_BEGIN,https://www.transfermarkt.de/fc-schalke-04/kader/verein/33/saison_id/2026/plus/1,a9ed4724b397b1d2e983c42cd58b22eee88dad2e22e96a26bd8a21ee813c34b7
GER1,FC Schalke 04,33,Hee-chan Hwang,292246,23747,226380,1376266,543,917547,2026-09-01,2026-07-01,2027-06-30,PRESERVE_NATIVE08_PROJECTED_BEGIN,https://www.transfermarkt.de/fc-schalke-04/kader/verein/33/saison_id/2026/plus/1,a9ed4724b397b1d2e983c42cd58b22eee88dad2e22e96a26bd8a21ee813c34b7
GER1,SV Elversberg,64,Francis Onyeka,929943,275301,70037,1376432,15,1376261,2026-07-01,2026-07-01,2027-06-30,PRESERVE_NATIVE08_PROJECTED_BEGIN,https://www.transfermarkt.de/sv-07-elversberg/kader/verein/64/saison_id/2026/plus/1,ac54bb8cfcfed8b072f1b208573d831ba987c384a94a38fe45024bff098be56e
GER1,SV Elversberg,64,Noah Darvich,897480,277667,275436,1376432,79,1376272,2026-07-01,2026-07-01,2027-06-30,PRESERVE_NATIVE08_PROJECTED_BEGIN,https://www.transfermarkt.de/sv-07-elversberg/kader/verein/64/saison_id/2026/plus/1,ac54bb8cfcfed8b072f1b208573d831ba987c384a94a38fe45024bff098be56e
GER1,SV Elversberg,64,Noel Futkeu,675535,275406,276660,1376432,24,1376288,2026-08-15,2026-07-01,2027-06-30,PRESERVE_NATIVE08_PROJECTED_BEGIN,https://www.transfermarkt.de/sv-07-elversberg/kader/verein/64/saison_id/2026/plus/1,ac54bb8cfcfed8b072f1b208573d831ba987c384a94a38fe45024bff098be56e
GER1,SC Paderborn 07,127,Nahuel Noll,600942,275750,262322,1376421,533,1376433,2026-07-01,2026-07-01,2027-06-30,PRESERVE_NATIVE08_PROJECTED_BEGIN,https://www.transfermarkt.de/sc-paderborn-07/kader/verein/127/saison_id/2026/plus/1,2bc1c2dc6af19cdfe4c15f929f45c9c1b3aeb6d1349fe49c0cbceca9a06d7cde
GER1,SC Paderborn 07,127,Laurin Ulrich,717465,276313,270901,1376421,79,1376272,2026-08-16,2026-07-01,2027-06-30,PRESERVE_NATIVE08_PROJECTED_BEGIN,https://www.transfermarkt.de/sc-paderborn-07/kader/verein/127/saison_id/2026/plus/1,2bc1c2dc6af19cdfe4c15f929f45c9c1b3aeb6d1349fe49c0cbceca9a06d7cde
GER1,SC Paderborn 07,127,Deniz Zeitler,1108022,280198,279116,1376421,533,1376433,2026-08-10,2026-07-01,2027-06-30,PRESERVE_NATIVE08_PROJECTED_BEGIN,https://www.transfermarkt.de/sc-paderborn-07/kader/verein/127/saison_id/2026/plus/1,2bc1c2dc6af19cdfe4c15f929f45c9c1b3aeb6d1349fe49c0cbceca9a06d7cde
GER1,SC Paderborn 07,127,Rayan Philippe,694507,275632,251961,1376421,41,1376267,2026-09-01,2026-07-01,2027-06-30,PRESERVE_NATIVE08_PROJECTED_BEGIN,https://www.transfermarkt.de/sc-paderborn-07/kader/verein/127/saison_id/2026/plus/1,2bc1c2dc6af19cdfe4c15f929f45c9c1b3aeb6d1349fe49c0cbceca9a06d7cde
GER2,1. FC Heidenheim 1846,2036,Alessandro Vogt,987770,194128,75654,1376302,533,1376433,2026-08-31,2026-07-01,2027-06-30,PRESERVE_NATIVE08_PROJECTED_BEGIN,https://www.transfermarkt.de/1-fc-heidenheim-1846/kader/verein/2036/saison_id/2026/plus/1,36e24e4c10d034372cc86f2815daf3eafd1f3551697053d3716bf14e8bbbab12
GER2,FC St. Pauli,35,Gísli Thórdarson,825960,148093,76294,1376425,238,2424836,2026-08-07,2026-07-01,2027-06-30,PRESERVE_NATIVE08_PROJECTED_BEGIN,https://www.transfermarkt.de/fc-st-pauli/kader/verein/35/saison_id/2026/plus/1,cb3581752f3910c559c9f42a6cbb09551a6187c6a88b14cfcc35019d0c02bc47
GER2,FC St. Pauli,35,Youssoupha Niang,944331,289754,235312,1376425,3,1376275,2026-08-27,2026-07-01,2027-06-30,PRESERVE_NATIVE08_PROJECTED_BEGIN,https://www.transfermarkt.de/fc-st-pauli/kader/verein/35/saison_id/2026/plus/1,cb3581752f3910c559c9f42a6cbb09551a6187c6a88b14cfcc35019d0c02bc47
GER2,Hannover 96,42,Karl Steinmann,907082,290146,80776,1376268,60,1376270,2026-08-25,2026-07-01,2027-06-30,PRESERVE_NATIVE08_PROJECTED_BEGIN,https://www.transfermarkt.de/hannover-96/kader/verein/42/saison_id/2026/plus/1,1215cddc874fab7e50402cb82ad6c5ca92f8ced09d37a9d8569043058176a32f
GER2,SV Darmstadt 98,105,Milan Smit,703772,294395,268820,1376442,512,917544,2026-08-14,2026-07-01,2027-06-30,PRESERVE_NATIVE08_PROJECTED_BEGIN,https://www.transfermarkt.de/sv-darmstadt-98/kader/verein/105/saison_id/2026/plus/1,807e79c80e44c91b1d4926d0fb6534a3276b98489473cc35d4238a5a660a95f9
GER2,1. FC Kaiserslautern,2,Kelven Frees,934529,280209,78436,1376257,533,1376433,2026-07-07,2026-07-01,2027-06-30,PRESERVE_NATIVE08_PROJECTED_BEGIN,https://www.transfermarkt.de/1-fc-kaiserslautern/kader/verein/2/saison_id/2026/plus/1,f57ab040dd8126f8fe2d4d84bbf8f3d5dee76ffc0d0c490223335ff120a69dd1
GER2,1. FC Kaiserslautern,2,Alex Murphy,900601,23423,270617,1376257,762,917523,2026-08-11,2026-07-01,2027-06-30,PRESERVE_NATIVE08_PROJECTED_BEGIN,https://www.transfermarkt.de/1-fc-kaiserslautern/kader/verein/2/saison_id/2026/plus/1,f57ab040dd8126f8fe2d4d84bbf8f3d5dee76ffc0d0c490223335ff120a69dd1
GER2,1. FC Kaiserslautern,2,Mário Sauer,710885,291081,79390,1376257,415,1179657,2026-08-26,2026-07-01,2027-06-30,PRESERVE_NATIVE08_PROJECTED_BEGIN,https://www.transfermarkt.de/1-fc-kaiserslautern/kader/verein/2/saison_id/2026/plus/1,f57ab040dd8126f8fe2d4d84bbf8f3d5dee76ffc0d0c490223335ff120a69dd1
GER2,1. FC Kaiserslautern,2,Ibrahim Kanaté,1132628,235273,0,1376257,58,458766,2026-07-01,2026-07-01,2027-06-30,PRESERVE_NATIVE08_PROJECTED_BEGIN,https://www.transfermarkt.de/1-fc-kaiserslautern/kader/verein/2/saison_id/2026/plus/1,f57ab040dd8126f8fe2d4d84bbf8f3d5dee76ffc0d0c490223335ff120a69dd1
GER2,1. FC Kaiserslautern,2,Milos Lukovic,845872,284173,69992,1376257,667,1179667,2026-08-27,2026-07-01,2027-06-30,PRESERVE_NATIVE08_PROJECTED_BEGIN,https://www.transfermarkt.de/1-fc-kaiserslautern/kader/verein/2/saison_id/2026/plus/1,f57ab040dd8126f8fe2d4d84bbf8f3d5dee76ffc0d0c490223335ff120a69dd1
GER2,1. FC Kaiserslautern,2,Erencan Yardımcı,618898,275167,252846,1376257,533,1376433,2026-07-18,2026-07-01,2027-06-30,PRESERVE_NATIVE08_PROJECTED_BEGIN,https://www.transfermarkt.de/1-fc-kaiserslautern/kader/verein/2/saison_id/2026/plus/1,f57ab040dd8126f8fe2d4d84bbf8f3d5dee76ffc0d0c490223335ff120a69dd1
GER2,Hertha BSC,44,Oluwaseun Adewumi,982081,236118,74864,1376269,1132,917526,2026-07-24,2026-07-01,2027-06-30,PRESERVE_NATIVE08_PROJECTED_BEGIN,https://www.transfermarkt.de/hertha-bsc/kader/verein/44/saison_id/2026/plus/1,ef58d9277a7c8472efef0e1196d30918a7a6beed8d2cadd9f3cdca341e9a64b2
GER2,Hertha BSC,44,Farid Alfa-Ruprecht,897402,275304,80163,1376269,15,1376261,2026-08-20,2026-07-01,2027-06-30,PRESERVE_NATIVE08_PROJECTED_BEGIN,https://www.transfermarkt.de/hertha-bsc/kader/verein/44/saison_id/2026/plus/1,ef58d9277a7c8472efef0e1196d30918a7a6beed8d2cadd9f3cdca341e9a64b2
GER2,Hertha BSC,44,Gustaf Nilsson,320440,235061,223933,1376269,2282,458756,2026-08-31,2026-07-01,2027-06-30,PRESERVE_NATIVE08_PROJECTED_BEGIN,https://www.transfermarkt.de/hertha-bsc/kader/verein/44/saison_id/2026/plus/1,ef58d9277a7c8472efef0e1196d30918a7a6beed8d2cadd9f3cdca341e9a64b2
GER2,1. FC Nürnberg,4,Mikayil Faye,666974,288251,277118,1376258,273,1179656,2026-07-23,2026-07-01,2027-06-30,PRESERVE_NATIVE08_PROJECTED_BEGIN,https://www.transfermarkt.de/1-fc-nurnberg/kader/verein/4/saison_id/2026/plus/1,1d02eebfb6b905a4b771fed6091258b15847c4bfb1b6d4bd643980220ba21ebd
GER2,1. FC Nürnberg,4,Javier Fernández,937952,289049,0,1376258,,1376264,2026-01-31,2026-07-01,2027-06-30,PRESERVE_NATIVE08_PROJECTED_BEGIN,https://www.transfermarkt.de/1-fc-nurnberg/kader/verein/4/saison_id/2026/plus/1,1d02eebfb6b905a4b771fed6091258b15847c4bfb1b6d4bd643980220ba21ebd
GER2,1. FC Nürnberg,4,William Bøving,610400,280312,256127,1376258,39,1376259,2026-08-28,2026-07-01,2027-06-30,PRESERVE_NATIVE08_PROJECTED_BEGIN,https://www.transfermarkt.de/1-fc-nurnberg/kader/verein/4/saison_id/2026/plus/1,1d02eebfb6b905a4b771fed6091258b15847c4bfb1b6d4bd643980220ba21ebd
GER2,VfL Bochum 1848,80,Charlie Patiño,581674,289888,260144,1376273,897,2949127,2026-08-31,2026-07-01,2027-06-30,PRESERVE_NATIVE08_PROJECTED_BEGIN,https://www.transfermarkt.de/vfl-bochum/kader/verein/80/saison_id/2026/plus/1,46a6a42e333b793b20bad6d9e1b77f42c8ca39e91c8c69a2bf0dbb6aa5adc64a
GER2,VfL Bochum 1848,80,Jarne Steuckers,707159,235155,260570,1376273,1184,458768,2026-09-01,2026-07-01,2027-06-30,PRESERVE_NATIVE08_PROJECTED_BEGIN,https://www.transfermarkt.de/vfl-bochum/kader/verein/80/saison_id/2026/plus/1,46a6a42e333b793b20bad6d9e1b77f42c8ca39e91c8c69a2bf0dbb6aa5adc64a
GER2,Karlsruher SC,48,Deniz Ofli,1081907,276856,0,1376283,28,1376264,2026-07-04,2026-07-01,2027-06-30,PRESERVE_NATIVE08_PROJECTED_BEGIN,https://www.transfermarkt.de/karlsruher-sc/kader/verein/48/saison_id/2026/plus/1,502be878e53560db93a5e23bc70c24b09c8a3f9aa264941d3a29a99a7083b789
GER2,Karlsruher SC,48,Louey Ben Farhat,1045852,276197,71474,1376283,60,1376270,2026-09-01,2026-07-01,2027-06-30,PRESERVE_NATIVE08_PROJECTED_BEGIN,https://www.transfermarkt.de/karlsruher-sc/kader/verein/48/saison_id/2026/plus/1,502be878e53560db93a5e23bc70c24b09c8a3f9aa264941d3a29a99a7083b789
GER2,Karlsruher SC,48,Moritz Broschinski,406973,295334,243960,1376283,26,3080195,2026-07-02,2026-07-01,2027-06-30,PRESERVE_NATIVE08_PROJECTED_BEGIN,https://www.transfermarkt.de/karlsruher-sc/kader/verein/48/saison_id/2026/plus/1,502be878e53560db93a5e23bc70c24b09c8a3f9aa264941d3a29a99a7083b789
GER2,SG Dynamo Dresden,129,Till Neininger,1070022,100013,74562,1376278,82,1376274,2026-07-14,2026-07-01,2027-06-30,PRESERVE_NATIVE08_PROJECTED_BEGIN,https://www.transfermarkt.de/sg-dynamo-dresden/kader/verein/129/saison_id/2026/plus/1,e7de409708fb7109444d4f9163d9959ec24a63b876d33dbfb1a3f2afff6bb65f
GER2,SG Dynamo Dresden,129,Patrice Covic,1114155,280808,76111,1376278,86,1376271,2026-09-01,2026-07-01,2027-06-30,PRESERVE_NATIVE08_PROJECTED_BEGIN,https://www.transfermarkt.de/sg-dynamo-dresden/kader/verein/129/saison_id/2026/plus/1,e7de409708fb7109444d4f9163d9959ec24a63b876d33dbfb1a3f2afff6bb65f
GER2,SG Dynamo Dresden,129,Kennedy Okpala,1104418,272084,274999,1376278,127,1376301,2026-09-01,2026-07-01,2027-06-30,PRESERVE_NATIVE08_PROJECTED_BEGIN,https://www.transfermarkt.de/sg-dynamo-dresden/kader/verein/129/saison_id/2026/plus/1,e7de409708fb7109444d4f9163d9959ec24a63b876d33dbfb1a3f2afff6bb65f
GER2,Holstein Kiel,269,Niko Takahashi,834465,57755,0,1376418,1022,10682373,2026-08-12,2026-07-01,2027-06-30,PRESERVE_NATIVE08_PROJECTED_BEGIN,https://www.transfermarkt.de/holstein-kiel/kader/verein/269/saison_id/2026/plus/1,a21383144033c3b6f3673ba9e2f837be3941ac96cf75125b24654477c6bc1716
GER2,Holstein Kiel,269,Hiroki Sekine,1137808,272582,76449,1376418,1421,1179686,2026-07-01,2026-07-01,2027-06-30,PRESERVE_NATIVE08_PROJECTED_BEGIN,https://www.transfermarkt.de/holstein-kiel/kader/verein/269/saison_id/2026/plus/1,a21383144033c3b6f3673ba9e2f837be3941ac96cf75125b24654477c6bc1716
GER2,Holstein Kiel,269,Taisei Abe,814489,193911,80094,1376418,23581,10682424,2026-07-01,2026-07-01,2027-06-30,PRESERVE_NATIVE08_PROJECTED_BEGIN,https://www.transfermarkt.de/holstein-kiel/kader/verein/269/saison_id/2026/plus/1,a21383144033c3b6f3673ba9e2f837be3941ac96cf75125b24654477c6bc1716
GER2,DSC Arminia Bielefeld,10,David Min,604813,294887,257959,1376260,200,2228241,2026-08-30,2026-07-01,2027-06-30,PRESERVE_NATIVE08_PROJECTED_BEGIN,https://www.transfermarkt.de/arminia-bielefeld/kader/verein/10/saison_id/2026/plus/1,6bf7304bb5b98268f93279c205b7358b904316470f2c43947fcad0ff2680d083
GER2,1. FC Magdeburg,187,Felipe Chávez,1009441,289046,79927,1376373,27,1376264,2026-08-26,2026-07-01,2027-06-30,PRESERVE_NATIVE08_PROJECTED_BEGIN,https://www.transfermarkt.de/1-fc-magdeburg/kader/verein/187/saison_id/2026/plus/1,d0ff31a4349276164899e3293cd9c2c30e400169104ef2ece40cfdb9b3d70c93
GER2,1. FC Magdeburg,187,Do-young Yoon,1015959,295914,71205,1376373,1237,917529,2026-07-05,2026-07-01,2027-06-30,PRESERVE_NATIVE08_PROJECTED_BEGIN,https://www.transfermarkt.de/1-fc-magdeburg/kader/verein/187/saison_id/2026/plus/1,d0ff31a4349276164899e3293cd9c2c30e400169104ef2ece40cfdb9b3d70c93
GER2,1. FC Magdeburg,187,Roko Simic,658693,276194,263413,1376373,603,917528,2026-08-19,2026-07-01,2027-06-30,PRESERVE_NATIVE08_PROJECTED_BEGIN,https://www.transfermarkt.de/1-fc-magdeburg/kader/verein/187/saison_id/2026/plus/1,d0ff31a4349276164899e3293cd9c2c30e400169104ef2ece40cfdb9b3d70c93
GER2,Braunschweig TSV Eintracht,23,Noah Katterbach,469949,275642,246666,1376426,41,1376267,2026-07-01,2026-07-01,2027-06-30,PRESERVE_NATIVE08_PROJECTED_BEGIN,https://www.transfermarkt.de/eintracht-braunschweig/kader/verein/23/saison_id/2026/plus/1,4dcb46d8b8a7e777d024f2983d9ebc008ec793f5ecc0c3f4c8db4cd20b3b5982
GER2,Braunschweig TSV Eintracht,23,Jovan Mijatovic,673432,235945,71191,1376426,,458775,2026-01-29,2026-07-01,2026-12-31,PRESERVE_NATIVE08_PROJECTED_BEGIN,https://www.transfermarkt.de/eintracht-braunschweig/kader/verein/23/saison_id/2026/plus/1,4dcb46d8b8a7e777d024f2983d9ebc008ec793f5ecc0c3f4c8db4cd20b3b5982
GER2,Braunschweig TSV Eintracht,23,Jan Urbich,820723,279853,81726,1376426,18,1376263,2026-07-02,2026-07-01,2027-06-30,PRESERVE_NATIVE08_PROJECTED_BEGIN,https://www.transfermarkt.de/eintracht-braunschweig/kader/verein/23/saison_id/2026/plus/1,4dcb46d8b8a7e777d024f2983d9ebc008ec793f5ecc0c3f4c8db4cd20b3b5982
GER2,SpVgg Greuther Fürth,65,Florian Hellstern,1009438,277677,79286,1376288,79,1376272,2026-07-01,2026-07-01,2027-06-30,PRESERVE_NATIVE08_PROJECTED_BEGIN,https://www.transfermarkt.de/spvgg-greuther-furth/kader/verein/65/saison_id/2026/plus/1,582a3d28fdc7b95bf59c3bf33f2d9b2847185d2a8fd3682db98bcd5e3a81d68b
GER2,SpVgg Greuther Fürth,65,Hendry Blank,804831,275759,276052,1376288,409,262150,2026-09-01,2026-07-01,2027-06-30,PRESERVE_NATIVE08_PROJECTED_BEGIN,https://www.transfermarkt.de/spvgg-greuther-furth/kader/verein/65/saison_id/2026/plus/1,582a3d28fdc7b95bf59c3bf33f2d9b2847185d2a8fd3682db98bcd5e3a81d68b
GER2,SpVgg Greuther Fürth,65,Krisztián Keresztes,626472,289036,79923,1376288,6058,2752515,2026-07-25,2026-07-01,2027-06-30,PRESERVE_NATIVE08_PROJECTED_BEGIN,https://www.transfermarkt.de/spvgg-greuther-furth/kader/verein/65/saison_id/2026/plus/1,582a3d28fdc7b95bf59c3bf33f2d9b2847185d2a8fd3682db98bcd5e3a81d68b
GER2,SpVgg Greuther Fürth,65,Elias Benkara,931668,289648,0,1376288,17,1376262,2026-08-28,2026-07-01,2027-06-30,PRESERVE_NATIVE08_PROJECTED_BEGIN,https://www.transfermarkt.de/spvgg-greuther-furth/kader/verein/65/saison_id/2026/plus/1,582a3d28fdc7b95bf59c3bf33f2d9b2847185d2a8fd3682db98bcd5e3a81d68b
GER2,SpVgg Greuther Fürth,65,Loris Giandomenico,911223,194440,80145,1376288,504,3080199,2026-09-01,2026-07-01,2027-06-30,PRESERVE_NATIVE08_PROJECTED_BEGIN,https://www.transfermarkt.de/spvgg-greuther-furth/kader/verein/65/saison_id/2026/plus/1,582a3d28fdc7b95bf59c3bf33f2d9b2847185d2a8fd3682db98bcd5e3a81d68b
GER2,SpVgg Greuther Fürth,65,Mika Wallentowitz,1148239,275081,81991,1376288,33,1376266,2026-07-24,2026-07-01,2027-06-30,PRESERVE_NATIVE08_PROJECTED_BEGIN,https://www.transfermarkt.de/spvgg-greuther-furth/kader/verein/65/saison_id/2026/plus/1,582a3d28fdc7b95bf59c3bf33f2d9b2847185d2a8fd3682db98bcd5e3a81d68b
GER2,VfL Osnabrück,81,Jonas Krumrey,531637,100105,262516,1376420,269,1376418,2026-07-01,2026-07-01,2027-06-30,PRESERVE_NATIVE08_PROJECTED_BEGIN,https://www.transfermarkt.de/vfl-osnabruck/kader/verein/81/saison_id/2026/plus/1,e705d735d9e41aeb7a7781affacb5ed1a2f31cc8fd9e319c826182a9e12937a6
GER2,VfL Osnabrück,81,Elias Bakatukanda,795762,268794,273931,1376420,3,1376275,2026-09-01,2026-07-01,2027-06-30,PRESERVE_NATIVE08_PROJECTED_BEGIN,https://www.transfermarkt.de/vfl-osnabruck/kader/verein/81/saison_id/2026/plus/1,e705d735d9e41aeb7a7781affacb5ed1a2f31cc8fd9e319c826182a9e12937a6
GER2,VfL Osnabrück,81,Jonathan Gómez,674501,290718,266118,1376420,1091,1441802,2026-09-01,2026-07-01,2027-06-30,PRESERVE_NATIVE08_PROJECTED_BEGIN,https://www.transfermarkt.de/vfl-osnabruck/kader/verein/81/saison_id/2026/plus/1,e705d735d9e41aeb7a7781affacb5ed1a2f31cc8fd9e319c826182a9e12937a6
GER2,VfL Osnabrück,81,Leon Flach,391929,148222,252859,1376420,2300,2424854,2026-09-01,2026-07-01,2027-06-30,PRESERVE_NATIVE08_PROJECTED_BEGIN,https://www.transfermarkt.de/vfl-osnabruck/kader/verein/81/saison_id/2026/plus/1,e705d735d9e41aeb7a7781affacb5ed1a2f31cc8fd9e319c826182a9e12937a6
GER2,VfL Osnabrück,81,Leon Opitz,825073,276198,274924,1376420,86,1376271,2026-07-01,2026-07-01,2027-06-30,PRESERVE_NATIVE08_PROJECTED_BEGIN,https://www.transfermarkt.de/vfl-osnabruck/kader/verein/81/saison_id/2026/plus/1,e705d735d9e41aeb7a7781affacb5ed1a2f31cc8fd9e319c826182a9e12937a6
GER2,VfL Osnabrück,81,Adrian Beck,273669,281239,253133,1376420,2036,1376302,2026-08-23,2026-07-01,2027-06-30,PRESERVE_NATIVE08_PROJECTED_BEGIN,https://www.transfermarkt.de/vfl-osnabruck/kader/verein/81/saison_id/2026/plus/1,e705d735d9e41aeb7a7781affacb5ed1a2f31cc8fd9e319c826182a9e12937a6
GER2,FC Energie Cottbus,25,Fousseny Doumbia,782187,277170,81535,1376280,177,1376279,2026-07-01,2026-07-01,2027-06-30,PRESERVE_NATIVE08_PROJECTED_BEGIN,https://www.transfermarkt.de/fc-energie-cottbus/kader/verein/25/saison_id/2026/plus/1,bfac2c82e9908a44ea8264f2a591d43d8ad627ceaeb5639879d980dcab166809
GER2,FC Energie Cottbus,25,Luca Erlein,1009442,280204,0,1376280,15,1376261,2026-07-27,2026-07-01,2027-06-30,PRESERVE_NATIVE08_PROJECTED_BEGIN,https://www.transfermarkt.de/fc-energie-cottbus/kader/verein/25/saison_id/2026/plus/1,bfac2c82e9908a44ea8264f2a591d43d8ad627ceaeb5639879d980dcab166809
GER2,FC Energie Cottbus,25,Lukas Michelbrink,878796,273099,76122,1376280,,1376280,2025-07-02,2026-07-01,2027-06-30,PRESERVE_NATIVE08_PROJECTED_BEGIN,https://www.transfermarkt.de/fc-energie-cottbus/kader/verein/25/saison_id/2026/plus/1,bfac2c82e9908a44ea8264f2a591d43d8ad627ceaeb5639879d980dcab166809
GER2,FC Energie Cottbus,25,Dmytro Bogdanov,1045446,277780,278229,1376280,89,1376348,2026-08-19,2026-07-01,2027-06-30,PRESERVE_NATIVE08_PROJECTED_BEGIN,https://www.transfermarkt.de/fc-energie-cottbus/kader/verein/25/saison_id/2026/plus/1,bfac2c82e9908a44ea8264f2a591d43d8ad627ceaeb5639879d980dcab166809
GER3,Fortuna Düsseldorf 1895,38,Lasse Rieß,490609,280320,263116,1376429,39,1376259,2026-07-06,2026-07-01,2027-06-30,PRESERVE_NATIVE08_PROJECTED_BEGIN,https://www.transfermarkt.de/fortuna-dusseldorf/kader/verein/38/saison_id/2026/plus/1,05373c5cfa7534d6542a7839a6b4faf710e30f1746f3272457fd8dbea4ba1976
GER3,Fortuna Düsseldorf 1895,38,Lukas Bornschein,910590,287864,0,1376429,81,1376267,2026-08-31,2026-07-01,2027-06-30,PRESERVE_NATIVE08_PROJECTED_BEGIN,https://www.transfermarkt.de/fortuna-dusseldorf/kader/verein/38/saison_id/2026/plus/1,05373c5cfa7534d6542a7839a6b4faf710e30f1746f3272457fd8dbea4ba1976
GER3,Fortuna Düsseldorf 1895,38,Andreas Müller,438315,276193,257283,1376429,48,1376283,2026-08-11,2026-07-01,2027-06-30,PRESERVE_NATIVE08_PROJECTED_BEGIN,https://www.transfermarkt.de/fortuna-dusseldorf/kader/verein/38/saison_id/2026/plus/1,05373c5cfa7534d6542a7839a6b4faf710e30f1746f3272457fd8dbea4ba1976
GER3,SC Preußen Münster,91,Wesley Adeh,1074523,280811,75461,1376419,86,1376271,2026-07-01,2026-07-01,2027-06-30,PRESERVE_NATIVE08_PROJECTED_BEGIN,https://www.transfermarkt.de/preussen-munster/kader/verein/91/saison_id/2026/plus/1,358c233225c0f06e8cc0ea5bfec52949f3501471b53e29edc807611cd04332ae
GER3,Rot-Weiss Essen 1907,56,Tony Menzel,824940,274802,277509,1376282,129,1376278,2026-07-01,2026-07-01,2027-06-30,PRESERVE_NATIVE08_PROJECTED_BEGIN,https://www.transfermarkt.de/rot-weiss-essen/kader/verein/56/saison_id/2026/plus/1,428b980f8718cfe610b74c6ed65b6316eaa3b91941d20a4def68f9bfec3ccdb3
GER3,Rot-Weiss Essen 1907,56,Aiman Dardari,904723,279704,80755,1376282,167,1376431,2026-07-01,2026-07-01,2027-06-30,PRESERVE_NATIVE08_PROJECTED_BEGIN,https://www.transfermarkt.de/rot-weiss-essen/kader/verein/56/saison_id/2026/plus/1,428b980f8718cfe610b74c6ed65b6316eaa3b91941d20a4def68f9bfec3ccdb3
GER3,Rot-Weiss Essen 1907,56,Semir Telalovic,583767,274310,273771,1376282,4,1376258,2026-07-11,2026-07-01,2027-06-30,PRESERVE_NATIVE08_PROJECTED_BEGIN,https://www.transfermarkt.de/rot-weiss-essen/kader/verein/56/saison_id/2026/plus/1,428b980f8718cfe610b74c6ed65b6316eaa3b91941d20a4def68f9bfec3ccdb3
GER3,Rot-Weiss Essen 1907,56,Jaka Cuber Potocnik,940198,271923,74003,1376282,,1376282,2025-07-09,2026-07-01,2027-06-30,PRESERVE_NATIVE08_PROJECTED_BEGIN,https://www.transfermarkt.de/rot-weiss-essen/kader/verein/56/saison_id/2026/plus/1,428b980f8718cfe610b74c6ed65b6316eaa3b91941d20a4def68f9bfec3ccdb3
GER3,MSV Duisburg,52,Martin Ens,606220,271440,279530,1376285,127,1376421,2026-07-15,2026-07-01,2027-06-30,PRESERVE_NATIVE08_PROJECTED_BEGIN,https://www.transfermarkt.de/msv-duisburg/kader/verein/52/saison_id/2026/plus/1,18d4d26950b4b7ad041e50ae2365995e7a92e62db4daa0e38fdb65d1224bbf52
GER3,MSV Duisburg,52,Peter Remmert,987122,275058,72965,1376285,33,1376266,2026-07-01,2026-07-01,2027-06-30,PRESERVE_NATIVE08_PROJECTED_BEGIN,https://www.transfermarkt.de/msv-duisburg/kader/verein/52/saison_id/2026/plus/1,18d4d26950b4b7ad041e50ae2365995e7a92e62db4daa0e38fdb65d1224bbf52
GER3,FC Hansa Rostock,30,Jaaso Jantunen,741578,277876,274568,1376265,245,1376270,2026-08-27,2026-07-01,2027-06-30,PRESERVE_NATIVE08_PROJECTED_BEGIN,https://www.transfermarkt.de/fc-hansa-rostock/kader/verein/30/saison_id/2026/plus/1,6da33a7ccf32faa9ebb0b7823a0ee5537fb70bfe8ee363795199b5de4015e0f1
GER3,FC Hansa Rostock,30,Ouassim Karada,906968,279592,235553,1376265,177,1376434,2026-07-09,2026-07-01,2027-06-30,PRESERVE_NATIVE08_PROJECTED_BEGIN,https://www.transfermarkt.de/fc-hansa-rostock/kader/verein/30/saison_id/2026/plus/1,6da33a7ccf32faa9ebb0b7823a0ee5537fb70bfe8ee363795199b5de4015e0f1
GER3,SC Verl,93,Timo Schlieck,897425,275420,270965,1376406,23826,1376555,2026-07-03,2026-07-01,2027-06-30,PRESERVE_NATIVE08_PROJECTED_BEGIN,https://www.transfermarkt.de/sc-verl/kader/verein/93/saison_id/2026/plus/1,bd69b9b6c3fd17e062c0bf50a17563b42a98d2c42534eeab1330ee7efa38071a
GER3,SC Verl,93,Noah König,685487,275419,264223,1376406,65,1376288,2026-09-01,2026-07-01,2027-06-30,PRESERVE_NATIVE08_PROJECTED_BEGIN,https://www.transfermarkt.de/sc-verl/kader/verein/93/saison_id/2026/plus/1,bd69b9b6c3fd17e062c0bf50a17563b42a98d2c42534eeab1330ee7efa38071a
GER3,SC Verl,93,Janne Berner,907468,272210,78130,1376406,44,1376269,2026-07-29,2026-07-01,2027-06-30,PRESERVE_NATIVE08_PROJECTED_BEGIN,https://www.transfermarkt.de/sc-verl/kader/verein/93/saison_id/2026/plus/1,bd69b9b6c3fd17e062c0bf50a17563b42a98d2c42534eeab1330ee7efa38071a
GER3,SC Verl,93,André Leipold,828356,136790,266156,1376406,1496,790538,2026-07-23,2026-07-01,2027-06-30,PRESERVE_NATIVE08_PROJECTED_BEGIN,https://www.transfermarkt.de/sc-verl/kader/verein/93/saison_id/2026/plus/1,bd69b9b6c3fd17e062c0bf50a17563b42a98d2c42534eeab1330ee7efa38071a
GER3,TSV Alemannia Aachen,8,Dylan Leonard,1188989,275066,73098,1376276,33,1376266,2026-09-01,2026-07-01,2027-06-30,PRESERVE_NATIVE08_PROJECTED_BEGIN,https://www.transfermarkt.de/alemannia-aachen/kader/verein/8/saison_id/2026/plus/1,d50319c6c39283dd66c83e32c0e53c0fbab8eb26ba138f0fe6e86b3dfc2b9c0b
GER3,TSV Alemannia Aachen,8,Kacper Koscierski,1058515,275305,78776,1376276,80,1376273,2026-08-12,2026-07-01,2027-06-30,PRESERVE_NATIVE08_PROJECTED_BEGIN,https://www.transfermarkt.de/alemannia-aachen/kader/verein/8/saison_id/2026/plus/1,d50319c6c39283dd66c83e32c0e53c0fbab8eb26ba138f0fe6e86b3dfc2b9c0b
GER3,TSV Alemannia Aachen,8,Justin von der Hitz,944335,274329,79216,1376276,4,1376258,2026-08-29,2026-07-01,2027-06-30,PRESERVE_NATIVE08_PROJECTED_BEGIN,https://www.transfermarkt.de/alemannia-aachen/kader/verein/8/saison_id/2026/plus/1,d50319c6c39283dd66c83e32c0e53c0fbab8eb26ba138f0fe6e86b3dfc2b9c0b
GER3,TSV Alemannia Aachen,8,Georg Ermolaev,930020,288101,79506,1376276,6604,1376421,2026-08-04,2026-07-01,2027-06-30,PRESERVE_NATIVE08_PROJECTED_BEGIN,https://www.transfermarkt.de/alemannia-aachen/kader/verein/8/saison_id/2026/plus/1,d50319c6c39283dd66c83e32c0e53c0fbab8eb26ba138f0fe6e86b3dfc2b9c0b
GER3,TSV Alemannia Aachen,8,Fabio Torsiello,917015,272753,270940,1376276,,1376276,2025-07-01,2026-07-01,2027-06-30,PRESERVE_NATIVE08_PROJECTED_BEGIN,https://www.transfermarkt.de/alemannia-aachen/kader/verein/8/saison_id/2026/plus/1,d50319c6c39283dd66c83e32c0e53c0fbab8eb26ba138f0fe6e86b3dfc2b9c0b
GER3,SV Wehen Wiesbaden,108,Ayoub Chaikhoun,938946,274327,79267,1376439,4,1376258,2026-08-13,2026-07-01,2027-06-30,PRESERVE_NATIVE08_PROJECTED_BEGIN,https://www.transfermarkt.de/sv-wehen-wiesbaden/kader/verein/108/saison_id/2026/plus/1,c5333e619a4ccff973d898b3a9c4668b151ad7106dcb46f85b4726a7ee4c6ef3
GER3,SV Wehen Wiesbaden,108,Roberto Massimo,431561,148614,241689,1376439,428,2424835,2026-08-26,2026-07-01,2027-06-30,PRESERVE_NATIVE08_PROJECTED_BEGIN,https://www.transfermarkt.de/sv-wehen-wiesbaden/kader/verein/108/saison_id/2026/plus/1,c5333e619a4ccff973d898b3a9c4668b151ad7106dcb46f85b4726a7ee4c6ef3
GER3,SV Wehen Wiesbaden,108,Marcus Müller,698523,100106,279220,1376439,269,1376418,2026-08-27,2026-07-01,2027-06-30,PRESERVE_NATIVE08_PROJECTED_BEGIN,https://www.transfermarkt.de/sv-wehen-wiesbaden/kader/verein/108/saison_id/2026/plus/1,c5333e619a4ccff973d898b3a9c4668b151ad7106dcb46f85b4726a7ee4c6ef3
GER3,SV Waldhof Mannheim 07,85,Oluwaseun Ogbemudia,995520,277782,279203,1376301,89,1376348,2026-09-01,2026-07-01,2027-06-30,PRESERVE_NATIVE08_PROJECTED_BEGIN,https://www.transfermarkt.de/sv-waldhof-mannheim/kader/verein/85/saison_id/2026/plus/1,34e998eba6b950fe72d328e27cb46b4a4d1c4b3c218c58557f9db9a44925ae39
GER3,SV Waldhof Mannheim 07,85,Darnell Keumo,1056989,275308,80185,1376301,80,1376273,2026-08-04,2026-07-01,2027-06-30,PRESERVE_NATIVE08_PROJECTED_BEGIN,https://www.transfermarkt.de/sv-waldhof-mannheim/kader/verein/85/saison_id/2026/plus/1,34e998eba6b950fe72d328e27cb46b4a4d1c4b3c218c58557f9db9a44925ae39
GER3,FC Viktoria Köln 1904,1622,Niklas Swider,1009463,279854,76031,1376446,18,1376263,2026-07-01,2026-07-01,2027-06-30,PRESERVE_NATIVE08_PROJECTED_BEGIN,https://www.transfermarkt.de/fc-viktoria-koln/kader/verein/1622/saison_id/2026/plus/1,b7bfc92e8e7c5a16b30c7b0ff346d1259614911747f68b6cb84920bb2afd1606
GER3,FC Viktoria Köln 1904,1622,Noah Maboulou,988243,274325,80346,1376446,4,1376258,2026-07-22,2026-07-01,2027-06-30,PRESERVE_NATIVE08_PROJECTED_BEGIN,https://www.transfermarkt.de/fc-viktoria-koln/kader/verein/1622/saison_id/2026/plus/1,b7bfc92e8e7c5a16b30c7b0ff346d1259614911747f68b6cb84920bb2afd1606
GER3,FC Viktoria Köln 1904,1622,Jakob Sachse,1032922,287293,243169,1376446,,1376266,2026-02-02,2026-07-01,2027-06-30,PRESERVE_NATIVE08_PROJECTED_BEGIN,https://www.transfermarkt.de/fc-viktoria-koln/kader/verein/1622/saison_id/2026/plus/1,b7bfc92e8e7c5a16b30c7b0ff346d1259614911747f68b6cb84920bb2afd1606
GER3,SSV Jahn Regensburg,109,Hannes Hermann,894692,275655,73554,1376436,41,1376267,2026-07-01,2026-07-01,2027-06-30,PRESERVE_NATIVE08_PROJECTED_BEGIN,https://www.transfermarkt.de/ssv-jahn-regensburg/kader/verein/109/saison_id/2026/plus/1,910d9ceb2a6fd8df9083100aef021ed429578cccc99acb9d4ad7d388c93d13bd
GER3,SSV Jahn Regensburg,109,Marco Wörner,793728,275881,274993,1376436,127,1376421,2026-07-07,2026-07-01,2027-06-30,PRESERVE_NATIVE08_PROJECTED_BEGIN,https://www.transfermarkt.de/ssv-jahn-regensburg/kader/verein/109/saison_id/2026/plus/1,910d9ceb2a6fd8df9083100aef021ed429578cccc99acb9d4ad7d388c93d13bd
GER3,VfB Stuttgart,102,Joyeux Masanka Bungi,990146,276959,80096,1376272,23826,1376555,2026-09-01,2026-07-01,2027-06-30,PRESERVE_NATIVE08_PROJECTED_BEGIN,https://www.transfermarkt.de/vfb-stuttgart-ii/kader/verein/102/saison_id/2026/plus/1,282836c83b3d06fc536ab783944214e6762cd5b47e8b5db9908690b0565ef593
GER3,VfB Stuttgart,102,Jonathan Akaegbobi,905404,275318,74561,1376272,446,1376273,2026-09-01,2026-07-01,2027-06-30,PRESERVE_NATIVE08_PROJECTED_BEGIN,https://www.transfermarkt.de/vfb-stuttgart-ii/kader/verein/102/saison_id/2026/plus/1,282836c83b3d06fc536ab783944214e6762cd5b47e8b5db9908690b0565ef593
GER3,1. FC Saarbrücken,1,Mladen Cvjetinovic,688639,100104,263874,1376287,269,1376418,2026-07-01,2026-07-01,2027-06-30,PRESERVE_NATIVE08_PROJECTED_BEGIN,https://www.transfermarkt.de/1-fc-saarbrucken/kader/verein/1/saison_id/2026/plus/1,c2a771ee3b9af8a2a73329774d02f459ed75e0faf23ff6531e00889776b2c7d8
GER3,1. FC Saarbrücken,1,Daniel Gleiber,906969,280324,75280,1376287,39,1376259,2026-07-01,2026-07-01,2027-06-30,PRESERVE_NATIVE08_PROJECTED_BEGIN,https://www.transfermarkt.de/1-fc-saarbrucken/kader/verein/1/saison_id/2026/plus/1,c2a771ee3b9af8a2a73329774d02f459ed75e0faf23ff6531e00889776b2c7d8
GER3,1. FC Saarbrücken,1,Alexander Staff,1045243,289386,256885,1376287,177,1376279,2026-07-01,2026-07-01,2027-06-30,PRESERVE_NATIVE08_PROJECTED_BEGIN,https://www.transfermarkt.de/1-fc-saarbrucken/kader/verein/1/saison_id/2026/plus/1,c2a771ee3b9af8a2a73329774d02f459ed75e0faf23ff6531e00889776b2c7d8
GER3,TSV Havelse 1912,476,Yannick Mausehund,921065,289762,73199,1376539,438,1376275,2026-08-05,2026-07-01,2027-06-30,PRESERVE_NATIVE08_PROJECTED_BEGIN,https://www.transfermarkt.de/tsv-havelse/kader/verein/476/saison_id/2026/plus/1,b4490298444b6e31458c6e927b4ab3fff5378977e083c471be7a43b9938c0f59
GER3,TSV Havelse 1912,476,Eryk Grzywacz,959294,274328,76968,1376539,269,1376418,2026-08-29,2026-07-01,2027-06-30,PRESERVE_NATIVE08_PROJECTED_BEGIN,https://www.transfermarkt.de/tsv-havelse/kader/verein/476/saison_id/2026/plus/1,b4490298444b6e31458c6e927b4ab3fff5378977e083c471be7a43b9938c0f59
GER3,TSV Havelse 1912,476,Yusuf Wardak,1274553,106311,0,1376539,25,1376888,2026-08-28,2026-07-01,2027-06-30,PRESERVE_NATIVE08_PROJECTED_BEGIN,https://www.transfermarkt.de/tsv-havelse/kader/verein/476/saison_id/2026/plus/1,b4490298444b6e31458c6e927b4ab3fff5378977e083c471be7a43b9938c0f59
GER3,TSV Havelse 1912,476,Alexander Guiddir,1292676,106321,0,1376539,34,1376888,2026-07-06,2026-07-01,2027-06-30,PRESERVE_NATIVE08_PROJECTED_BEGIN,https://www.transfermarkt.de/tsv-havelse/kader/verein/476/saison_id/2026/plus/1,b4490298444b6e31458c6e927b4ab3fff5378977e083c471be7a43b9938c0f59
GER3,TSV Havelse 1912,476,Eric Voufack,452563,16802,251323,1376539,12275,856113,2026-07-03,2026-07-01,2027-06-30,PRESERVE_NATIVE08_PROJECTED_BEGIN,https://www.transfermarkt.de/tsv-havelse/kader/verein/476/saison_id/2026/plus/1,b4490298444b6e31458c6e927b4ab3fff5378977e083c471be7a43b9938c0f59
GER3,SV Meppen,247,Jona Borsum,917107,279573,0,1376347,23,1376426,2026-07-25,2026-07-01,2027-06-30,PRESERVE_NATIVE08_PROJECTED_BEGIN,https://www.transfermarkt.de/sv-meppen/kader/verein/247/saison_id/2026/plus/1,bb6dac7a3a8a8d7c79b23424ccb65850442347058ab16c823460c547dc72588a
GER3,SV Meppen,247,Luca Prasse,1030278,100109,273046,1376347,269,1376418,2026-07-01,2026-07-01,2027-06-30,PRESERVE_NATIVE08_PROJECTED_BEGIN,https://www.transfermarkt.de/sv-meppen/kader/verein/247/saison_id/2026/plus/1,bb6dac7a3a8a8d7c79b23424ccb65850442347058ab16c823460c547dc72588a
GER3,SV Meppen,247,Richard Meier,922647,276839,276399,1376347,28,1376264,2026-07-09,2026-07-01,2027-06-30,PRESERVE_NATIVE08_PROJECTED_BEGIN,https://www.transfermarkt.de/sv-meppen/kader/verein/247/saison_id/2026/plus/1,bb6dac7a3a8a8d7c79b23424ccb65850442347058ab16c823460c547dc72588a
GER3,SC Fortuna Köln,92,Kevin Krumme,810293,275879,78040,1376444,6604,1376421,2026-07-01,2026-07-01,2027-06-30,PRESERVE_NATIVE08_PROJECTED_BEGIN,https://www.transfermarkt.de/sc-fortuna-koln/kader/verein/92/saison_id/2026/plus/1,c255b2b753fa967f4c2eb7cdee0e0a6e7bb7b0e3c371fdcdfc7a8694476b2be0
GER3,SC Fortuna Köln,92,Bennit Bröger,897479,275882,72365,1376444,127,1376421,2026-07-03,2026-07-01,2027-06-30,PRESERVE_NATIVE08_PROJECTED_BEGIN,https://www.transfermarkt.de/sc-fortuna-koln/kader/verein/92/saison_id/2026/plus/1,c255b2b753fa967f4c2eb7cdee0e0a6e7bb7b0e3c371fdcdfc7a8694476b2be0
GER3,SC Fortuna Köln,92,Romeo Aigbekaen,795387,277288,76058,1376444,225,1376425,2026-07-01,2026-07-01,2027-06-30,PRESERVE_NATIVE08_PROJECTED_BEGIN,https://www.transfermarkt.de/sc-fortuna-koln/kader/verein/92/saison_id/2026/plus/1,c255b2b753fa967f4c2eb7cdee0e0a6e7bb7b0e3c371fdcdfc7a8694476b2be0
GER3,SG Sonnenhof Großaspach,2589,Franz Xaver Bleicher,859254,291932,0,1376306,5379,1376431,2026-08-17,2026-07-01,2027-06-30,PRESERVE_NATIVE08_PROJECTED_BEGIN,https://www.transfermarkt.de/sg-sonnenhof-grossaspach/kader/verein/2589/saison_id/2026/plus/1,ceb6dce8c3f846bc1688d6ba77daaf4b6d34d1ddb8ca555b2498968bf85c6f78
GER3,SG Sonnenhof Großaspach,2589,Marlon Faß,1046232,278850,257033,1376306,129,1376278,2026-07-01,2026-07-01,2027-06-30,PRESERVE_NATIVE08_PROJECTED_BEGIN,https://www.transfermarkt.de/sg-sonnenhof-grossaspach/kader/verein/2589/saison_id/2026/plus/1,ceb6dce8c3f846bc1688d6ba77daaf4b6d34d1ddb8ca555b2498968bf85c6f78
GER3,FC Würzburger Kickers,1557,Louis Breunig,760069,275170,263077,1376540,23,1376426,2026-09-01,2026-07-01,2027-06-30,PRESERVE_NATIVE08_PROJECTED_BEGIN,https://www.transfermarkt.de/wurzburger-kickers/kader/verein/1557/saison_id/2026/plus/1,9dbdd312708d7d42a15f61c7f3845b1923e56748dcb9145650ba0c4e99195940
GER3,FC Würzburger Kickers,1557,David Abrangao,1024556,275429,81730,1376540,65,1376288,2026-07-21,2026-07-01,2027-06-30,PRESERVE_NATIVE08_PROJECTED_BEGIN,https://www.transfermarkt.de/wurzburger-kickers/kader/verein/1557/saison_id/2026/plus/1,9dbdd312708d7d42a15f61c7f3845b1923e56748dcb9145650ba0c4e99195940
GER3,FC Würzburger Kickers,1557,Xaver Kiefersauer,897059,281883,225116,1376540,4,1376291,2026-07-17,2026-07-01,2027-06-30,PRESERVE_NATIVE08_PROJECTED_BEGIN,https://www.transfermarkt.de/wurzburger-kickers/kader/verein/1557/saison_id/2026/plus/1,9dbdd312708d7d42a15f61c7f3845b1923e56748dcb9145650ba0c4e99195940
