league,club_name,external_club_id,native_club_id,membership_source_status,roster_observations,resolved_observations,review_rows,source_coverage,native_membership_coverage,native_league_status
BEL1,Cercle Brügge,520,458755,CONFIRMED,29,27,5,PASS,APPLIED_NATIVE08,DIFF
BEL1,Club Brügge,2282,458756,CONFIRMED,28,27,1,PASS,APPLIED_NATIVE08,DIFF
BEL1,KAA Gent,157,458753,CONFIRMED,33,32,2,PASS,APPLIED_NATIVE08,DIFF
BEL1,KRC Genk,1184,458768,CONFIRMED,31,30,2,PASS,APPLIED_NATIVE08,DIFF
BEL1,KV Kortrijk,601,458781,CONFIRMED,30,29,2,PASS,PENDING_NATIVE_MEMBERSHIP,DIFF
BEL1,KV Mechelen,354,458787,CONFIRMED,34,32,3,PASS,APPLIED_NATIVE08,DIFF
BEL1,KVC Westerlo,968,458763,CONFIRMED,31,29,6,PASS,APPLIED_NATIVE08,DIFF
BEL1,Lommel SK,5026,458783,CONFIRMED,29,27,5,PASS,PENDING_NATIVE_MEMBERSHIP,DIFF
BEL1,Oud-Heverlee Leuven,2727,458775,CONFIRMED,34,34,5,PASS,APPLIED_NATIVE08,DIFF
BEL1,RAAL La Louvière,3901,471041,CONFIRMED,28,28,3,PASS,APPLIED_NATIVE08,DIFF
BEL1,RSC Anderlecht,58,458766,CONFIRMED,33,33,0,PASS,APPLIED_NATIVE08,DIFF
BEL1,Royal Antwerpen FC,1096,458785,CONFIRMED,31,28,8,PASS,APPLIED_NATIVE08,DIFF
BEL1,Royal Charleroi SC,172,458761,CONFIRMED,25,22,8,PASS,APPLIED_NATIVE08,DIFF
BEL1,SK Beveren,28643,458788,CONFIRMED,29,28,5,PASS,PENDING_NATIVE_MEMBERSHIP,DIFF
BEL1,Standard Lüttich,3057,458760,CONFIRMED,27,27,1,PASS,APPLIED_NATIVE08,DIFF
BEL1,Union Saint-Gilloise,3948,458780,CONFIRMED,26,26,2,PASS,APPLIED_NATIVE08,DIFF
BEL1,VV St. Truiden,475,458759,CONFIRMED,27,26,5,PASS,APPLIED_NATIVE08,DIFF
BEL1,Zulte Waregem,3508,458782,CONFIRMED,27,27,3,PASS,APPLIED_NATIVE08,DIFF
CZE1,1.FC Slovacko,5544,786461,CONFIRMED,30,29,4,PASS,APPLIED_NATIVE08,MATCH
CZE1,AC Sparta Prag,197,786442,CONFIRMED,30,28,11,PASS,APPLIED_NATIVE08,MATCH
CZE1,Bohemians Prag 1905,715,786453,CONFIRMED,30,30,5,PASS,APPLIED_NATIVE08,MATCH
CZE1,FC Banik Ostrau,377,786446,CONFIRMED,26,25,7,PASS,APPLIED_NATIVE08,MATCH
CZE1,FC Hradec Kralove,1897,790530,CONFIRMED,27,27,4,PASS,APPLIED_NATIVE08,MATCH
CZE1,FC Slovan Liberec,697,786438,CONFIRMED,31,31,2,PASS,APPLIED_NATIVE08,MATCH
CZE1,FC Viktoria Pilsen,941,786450,CONFIRMED,29,29,2,PASS,APPLIED_NATIVE08,MATCH
CZE1,FC Zbrojovka Brünn,5225,786447,CONFIRMED,31,30,10,PASS,APPLIED_NATIVE08,MATCH
CZE1,FC Zlin,5545,786445,CONFIRMED,33,32,4,PASS,APPLIED_NATIVE08,MATCH
CZE1,FK Jablonec,1322,786437,CONFIRMED,29,29,7,PASS,APPLIED_NATIVE08,MATCH
CZE1,FK Mlada Boleslav,5546,786434,CONFIRMED,30,27,14,PASS,APPLIED_NATIVE08,MATCH
CZE1,FK Pardubice,1496,790538,CONFIRMED,32,30,12,PASS,APPLIED_NATIVE08,MATCH
CZE1,FK Teplice,814,786443,CONFIRMED,32,32,7,PASS,APPLIED_NATIVE08,MATCH
CZE1,SK Artis Brünn,24325,790564,CONFIRMED,34,33,12,PASS,APPLIED_NATIVE08,MATCH
CZE1,SK Sigma Olmütz,2311,786439,CONFIRMED,32,31,7,PASS,APPLIED_NATIVE08,MATCH
CZE1,SK Slavia Prag,62,786441,CONFIRMED,29,29,5,PASS,APPLIED_NATIVE08,MATCH
ENG1,AFC Bournemouth,989,917553,CONFIRMED,29,29,3,PASS,APPLIED_NATIVE08,MATCH
ENG1,AFC Sunderland,289,917524,CONFIRMED,29,29,2,PASS,APPLIED_NATIVE08,MATCH
ENG1,Aston Villa,405,917506,CONFIRMED,28,27,4,PASS,APPLIED_NATIVE08,MATCH
ENG1,Brighton & Hove Albion,1237,917529,CONFIRMED,30,30,0,PASS,APPLIED_NATIVE08,MATCH
ENG1,Coventry City,990,917530,CONFIRMED,29,29,2,PASS,APPLIED_NATIVE08,MATCH
ENG1,Crystal Palace,873,917535,CONFIRMED,28,28,2,PASS,APPLIED_NATIVE08,MATCH
ENG1,FC Arsenal,11,917505,CONFIRMED,24,24,1,PASS,APPLIED_NATIVE08,MATCH
ENG1,FC Brentford,1148,917569,CONFIRMED,29,28,1,PASS,APPLIED_NATIVE08,MATCH
ENG1,FC Chelsea,631,917513,CONFIRMED,27,26,1,PASS,APPLIED_NATIVE08,MATCH
ENG1,FC Everton,29,917517,CONFIRMED,21,21,0,PASS,APPLIED_NATIVE08,MATCH
ENG1,FC Fulham,931,917521,CONFIRMED,26,26,0,PASS,APPLIED_NATIVE08,MATCH
ENG1,FC Liverpool,31,917509,CONFIRMED,27,26,1,PASS,APPLIED_NATIVE08,MATCH
ENG1,Hull City,3008,917532,CONFIRMED,33,32,6,PASS,APPLIED_NATIVE08,MATCH
ENG1,Ipswich Town,677,917538,CONFIRMED,28,28,1,PASS,APPLIED_NATIVE08,MATCH
ENG1,Leeds United,399,917545,CONFIRMED,24,24,0,PASS,APPLIED_NATIVE08,MATCH
ENG1,Manchester City,281,917518,CONFIRMED,25,25,1,PASS,APPLIED_NATIVE08,MATCH
ENG1,Manchester United,985,917519,CONFIRMED,30,30,0,PASS,APPLIED_NATIVE08,MATCH
ENG1,Newcastle United,762,917523,CONFIRMED,25,25,0,PASS,APPLIED_NATIVE08,MATCH
ENG1,Nottingham Forest,703,917549,CONFIRMED,24,24,0,PASS,APPLIED_NATIVE08,MATCH
ENG1,Tottenham Hotspur,148,917514,CONFIRMED,28,27,2,PASS,APPLIED_NATIVE08,MATCH
ESP1,Athletic Bilbao,621,2949121,CONFIRMED,26,26,0,PASS,APPLIED_NATIVE08,MATCH
ESP1,Atlético Madrid,13,2949122,CONFIRMED,25,24,1,PASS,APPLIED_NATIVE08,MATCH
ESP1,CA Osasuna,331,2949132,CONFIRMED,23,23,0,PASS,APPLIED_NATIVE08,MATCH
ESP1,Celta Vigo,940,2949159,CONFIRMED,25,24,1,PASS,APPLIED_NATIVE08,MATCH
ESP1,Deportivo A Coruña,897,2949127,CONFIRMED,28,28,3,PASS,APPLIED_NATIVE08,MATCH
ESP1,Deportivo Alavés,1108,2949141,CONFIRMED,24,23,2,PASS,APPLIED_NATIVE08,MATCH
ESP1,Espanyol Barcelona,714,2949125,CONFIRMED,25,25,1,PASS,APPLIED_NATIVE08,MATCH
ESP1,FC Barcelona,131,2949124,CONFIRMED,27,27,0,PASS,APPLIED_NATIVE08,MATCH
ESP1,FC Elche,1531,2949148,CONFIRMED,28,28,1,PASS,APPLIED_NATIVE08,MATCH
ESP1,FC Getafe,3709,2949126,CONFIRMED,23,22,1,PASS,APPLIED_NATIVE08,MATCH
ESP1,FC Málaga,1084,2949129,CONFIRMED,28,28,1,PASS,APPLIED_NATIVE08,MATCH
ESP1,FC Sevilla,368,2949138,CONFIRMED,26,24,3,PASS,APPLIED_NATIVE08,MATCH
ESP1,FC Valencia,1049,2949139,CONFIRMED,27,27,1,PASS,APPLIED_NATIVE08,MATCH
ESP1,FC Villarreal,1050,2949140,CONFIRMED,24,24,0,PASS,APPLIED_NATIVE08,MATCH
ESP1,Racing Santander,630,2949137,CONFIRMED,24,24,4,PASS,APPLIED_NATIVE08,MATCH
ESP1,Rayo Vallecano,367,2949171,CONFIRMED,27,27,0,PASS,APPLIED_NATIVE08,MATCH
ESP1,Real Betis Sevilla,150,2949133,CONFIRMED,25,24,2,PASS,APPLIED_NATIVE08,MATCH
ESP1,Real Madrid,418,2949134,CONFIRMED,27,27,0,PASS,APPLIED_NATIVE08,MATCH
ESP1,Real Sociedad San Sebastián,681,2949135,CONFIRMED,24,24,0,PASS,APPLIED_NATIVE08,MATCH
ESP1,UD Levante,3368,2949128,CONFIRMED,25,22,5,PASS,APPLIED_NATIVE08,MATCH
FRA1,AJ Auxerre,290,1179654,CONFIRMED,32,31,3,PASS,APPLIED_NATIVE08,MATCH
FRA1,AS Monaco,162,1179655,CONFIRMED,26,25,1,PASS,APPLIED_NATIVE08,MATCH
FRA1,Angers SCO,1420,1179782,CONFIRMED,22,22,0,PASS,APPLIED_NATIVE08,MATCH
FRA1,ESTAC Troyes,1095,1179683,CONFIRMED,28,28,2,PASS,APPLIED_NATIVE08,MATCH
FRA1,FC Le Mans,1164,1179682,CONFIRMED,29,29,3,PASS,APPLIED_NATIVE08,MATCH
FRA1,FC Lorient,1158,1179673,CONFIRMED,25,25,2,PASS,APPLIED_NATIVE08,MATCH
FRA1,FC Stade Rennes,273,1179656,CONFIRMED,26,24,2,PASS,APPLIED_NATIVE08,MATCH
FRA1,FC Toulouse,415,1179657,CONFIRMED,24,23,1,PASS,APPLIED_NATIVE08,MATCH
FRA1,LOSC Lille,1082,1179665,CONFIRMED,27,27,0,PASS,APPLIED_NATIVE08,MATCH
FRA1,Le Havre AC,738,1179681,CONFIRMED,26,25,3,PASS,APPLIED_NATIVE08,MATCH
FRA1,OGC Nizza,417,1179666,CONFIRMED,28,28,3,PASS,APPLIED_NATIVE08,MATCH
FRA1,Olympique Lyon,1041,1179661,CONFIRMED,29,29,1,PASS,APPLIED_NATIVE08,MATCH
FRA1,Olympique Marseille,244,1179662,CONFIRMED,22,22,0,PASS,APPLIED_NATIVE08,MATCH
FRA1,Paris FC,10004,1179855,CONFIRMED,25,25,0,PASS,APPLIED_NATIVE08,MATCH
FRA1,Paris Saint-Germain,583,1179663,CONFIRMED,24,22,3,PASS,APPLIED_NATIVE08,MATCH
FRA1,RC Lens,826,1179664,CONFIRMED,29,28,3,PASS,APPLIED_NATIVE08,MATCH
FRA1,Racing Straßburg,667,1179667,CONFIRMED,29,29,1,PASS,APPLIED_NATIVE08,MATCH
FRA1,Stade Brest 29,3911,1179685,CONFIRMED,23,23,2,PASS,APPLIED_NATIVE08,MATCH
GER1,1.FC Köln,3,1376275,CONFIRMED,29,29,0,PASS,APPLIED_NATIVE08,MATCH
GER1,1.FC Union Berlin,89,1376348,CONFIRMED,30,30,4,PASS,APPLIED_NATIVE08,MATCH
GER1,1.FSV Mainz 05,39,1376259,CONFIRMED,27,26,5,PASS,APPLIED_NATIVE08,MATCH
GER1,Bayer 04 Leverkusen,15,1376261,CONFIRMED,28,28,1,PASS,APPLIED_NATIVE08,MATCH
GER1,Borussia Dortmund,16,1376262,CONFIRMED,30,29,1,PASS,APPLIED_NATIVE08,MATCH
GER1,Borussia Mönchengladbach,18,1376263,CONFIRMED,30,30,0,PASS,APPLIED_NATIVE08,MATCH
GER1,Eintracht Frankfurt,24,1376279,CONFIRMED,26,25,1,PASS,APPLIED_NATIVE08,MATCH
GER1,FC Augsburg,167,1376431,CONFIRMED,27,27,2,PASS,APPLIED_NATIVE08,MATCH
GER1,FC Bayern München,27,1376264,CONFIRMED,23,23,1,PASS,APPLIED_NATIVE08,MATCH
GER1,FC Schalke 04,33,1376266,CONFIRMED,27,27,3,PASS,APPLIED_NATIVE08,MATCH
GER1,Hamburger SV,41,1376267,CONFIRMED,27,27,2,PASS,APPLIED_NATIVE08,MATCH
GER1,RB Leipzig,23826,1376555,CONFIRMED,29,29,3,PASS,APPLIED_NATIVE08,MATCH
GER1,SC Freiburg,60,1376270,CONFIRMED,27,27,1,PASS,APPLIED_NATIVE08,MATCH
GER1,SC Paderborn 07,127,1376421,CONFIRMED,32,31,6,PASS,APPLIED_NATIVE08,MATCH
GER1,SV 07 Elversberg,64,1376432,CONFIRMED,27,27,3,PASS,APPLIED_NATIVE08,MATCH
GER1,SV Werder Bremen,86,1376271,CONFIRMED,32,31,6,PASS,APPLIED_NATIVE08,MATCH
GER1,TSG 1899 Hoffenheim,533,1376433,CONFIRMED,27,27,1,PASS,APPLIED_NATIVE08,MATCH
GER1,VfB Stuttgart,79,1376272,CONFIRMED,30,30,0,PASS,APPLIED_NATIVE08,MATCH
GER2,1.FC Heidenheim 1846,2036,1376302,CONFIRMED,26,26,1,PASS,APPLIED_NATIVE08,MATCH
GER2,1.FC Kaiserslautern,2,1376257,CONFIRMED,29,28,6,PASS,APPLIED_NATIVE08,MATCH
GER2,1.FC Magdeburg,187,1376373,CONFIRMED,30,30,9,PASS,APPLIED_NATIVE08,MATCH
GER2,1.FC Nürnberg,4,1376258,CONFIRMED,29,29,5,PASS,APPLIED_NATIVE08,MATCH
GER2,Arminia Bielefeld,10,1376260,CONFIRMED,26,25,3,PASS,APPLIED_NATIVE08,MATCH
GER2,Eintracht Braunschweig,23,1376426,CONFIRMED,27,27,1,PASS,APPLIED_NATIVE08,MATCH
GER2,FC Energie Cottbus,25,1376280,CONFIRMED,28,27,5,PASS,APPLIED_NATIVE08,MATCH
GER2,FC St. Pauli,35,1376425,CONFIRMED,28,27,9,PASS,APPLIED_NATIVE08,MATCH
GER2,Hannover 96,42,1376268,CONFIRMED,30,29,2,PASS,APPLIED_NATIVE08,MATCH
GER2,Hertha BSC,44,1376269,CONFIRMED,27,27,5,PASS,APPLIED_NATIVE08,MATCH
GER2,Holstein Kiel,269,1376418,CONFIRMED,31,31,2,PASS,APPLIED_NATIVE08,MATCH
GER2,Karlsruher SC,48,1376283,CONFIRMED,26,26,10,PASS,APPLIED_NATIVE08,MATCH
GER2,SG Dynamo Dresden,129,1376278,CONFIRMED,29,29,7,PASS,APPLIED_NATIVE08,MATCH
GER2,SV Darmstadt 98,105,1376442,CONFIRMED,32,32,7,PASS,APPLIED_NATIVE08,MATCH
GER2,SpVgg Greuther Fürth,65,1376288,CONFIRMED,28,28,2,PASS,APPLIED_NATIVE08,MATCH
GER2,VfL Bochum,80,1376273,CONFIRMED,28,28,1,PASS,APPLIED_NATIVE08,MATCH
GER2,VfL Osnabrück,81,1376420,CONFIRMED,26,26,4,PASS,APPLIED_NATIVE08,MATCH
GER2,VfL Wolfsburg,82,1376274,CONFIRMED,30,30,4,PASS,APPLIED_NATIVE08,MATCH
GER3,1.FC Saarbrücken,1,1376287,CONFIRMED,28,27,1,PASS,APPLIED_NATIVE08,DIFF
GER3,Alemannia Aachen,8,1376276,CONFIRMED,26,26,3,PASS,APPLIED_NATIVE08,DIFF
GER3,FC Hansa Rostock,30,1376265,CONFIRMED,31,31,3,PASS,APPLIED_NATIVE08,DIFF
GER3,FC Ingolstadt 04,4795,1376315,CONFIRMED,29,29,1,PASS,APPLIED_NATIVE08,DIFF
GER3,FC Viktoria Köln,1622,1376446,CONFIRMED,25,25,2,PASS,APPLIED_NATIVE08,DIFF
GER3,Fortuna Düsseldorf,38,1376429,CONFIRMED,30,30,4,PASS,APPLIED_NATIVE08,DIFF
GER3,MSV Duisburg,52,1376285,CONFIRMED,25,25,0,PASS,APPLIED_NATIVE08,DIFF
GER3,Preußen Münster,91,1376419,CONFIRMED,30,30,1,PASS,APPLIED_NATIVE08,DIFF
GER3,Rot-Weiss Essen,56,1376282,CONFIRMED,25,25,1,PASS,APPLIED_NATIVE08,DIFF
GER3,SC Fortuna Köln,92,1376444,CONFIRMED,29,28,3,PASS,PENDING_NATIVE_MEMBERSHIP,DIFF
GER3,SC Verl,93,1376406,CONFIRMED,26,25,2,PASS,APPLIED_NATIVE08,DIFF
GER3,SG Sonnenhof Großaspach,2589,1376306,CONFIRMED,27,27,2,PASS,PENDING_NATIVE_MEMBERSHIP,DIFF
GER3,SSV Jahn Regensburg,109,1376436,CONFIRMED,28,28,1,PASS,APPLIED_NATIVE08,DIFF
GER3,SV Meppen,247,1376347,CONFIRMED,26,26,1,PASS,PENDING_NATIVE_MEMBERSHIP,DIFF
GER3,SV Waldhof Mannheim,85,1376301,CONFIRMED,31,31,4,PASS,APPLIED_NATIVE08,DIFF
GER3,SV Wehen Wiesbaden,108,1376439,CONFIRMED,27,27,0,PASS,APPLIED_NATIVE08,DIFF
GER3,TSG 1899 Hoffenheim II,983,1376433,CONFIRMED,32,31,8,PASS,APPLIED_NATIVE08,DIFF
GER3,TSV Havelse,476,1376539,CONFIRMED,33,32,6,PASS,APPLIED_NATIVE08,DIFF
GER3,VfB Stuttgart II,102,1376272,CONFIRMED,30,30,5,PASS,APPLIED_NATIVE08,DIFF
GER3,Würzburger Kickers,1557,1376540,CONFIRMED,29,28,2,PASS,PENDING_NATIVE_MEMBERSHIP,DIFF
ITA1,AC Florenz,430,1769492,CONFIRMED,25,24,1,PASS,APPLIED_NATIVE08,MATCH
ITA1,AC Mailand,5,1769474,CONFIRMED,28,27,2,PASS,APPLIED_NATIVE08,MATCH
ITA1,AC Monza,2919,1769533,CONFIRMED,31,30,4,PASS,APPLIED_NATIVE08,MATCH
ITA1,AS Rom,12,1769476,CONFIRMED,25,24,2,PASS,APPLIED_NATIVE08,MATCH
ITA1,Atalanta Bergamo,800,1769477,CONFIRMED,24,24,1,PASS,APPLIED_NATIVE08,MATCH
ITA1,Cagliari Calcio,1390,1769480,CONFIRMED,30,30,3,PASS,APPLIED_NATIVE08,MATCH
ITA1,Como 1907,1047,1769516,CONFIRMED,27,27,1,PASS,APPLIED_NATIVE08,MATCH
ITA1,FC Bologna,1025,1769478,CONFIRMED,27,27,2,PASS,APPLIED_NATIVE08,MATCH
ITA1,FC Turin,416,1769499,CONFIRMED,29,29,0,PASS,APPLIED_NATIVE08,MATCH
ITA1,Frosinone Calcio,8970,1769528,CONFIRMED,30,30,4,PASS,APPLIED_NATIVE08,MATCH
ITA1,Genua CFC,252,1769510,CONFIRMED,31,30,4,PASS,APPLIED_NATIVE08,MATCH
ITA1,Inter Mailand,46,1769481,CONFIRMED,24,23,1,PASS,APPLIED_NATIVE08,MATCH
ITA1,Juventus Turin,506,1769482,CONFIRMED,29,28,2,PASS,APPLIED_NATIVE08,MATCH
ITA1,Lazio Rom,398,1769487,CONFIRMED,34,34,1,PASS,APPLIED_NATIVE08,MATCH
ITA1,Parma Calcio 1913,130,1769475,CONFIRMED,28,28,2,PASS,APPLIED_NATIVE08,MATCH
ITA1,SSC Neapel,6195,1769517,CONFIRMED,27,26,2,PASS,APPLIED_NATIVE08,MATCH
ITA1,US Lecce,1005,1769483,CONFIRMED,34,33,4,PASS,APPLIED_NATIVE08,MATCH
ITA1,US Sassuolo,6574,1769542,CONFIRMED,34,33,4,PASS,APPLIED_NATIVE08,MATCH
ITA1,Udinese Calcio,410,1769488,CONFIRMED,27,27,1,PASS,APPLIED_NATIVE08,MATCH
ITA1,Venezia FC,607,1769500,CONFIRMED,36,35,6,PASS,APPLIED_NATIVE08,MATCH
NED1,ADO Den Haag,1268,2228225,CONFIRMED,28,28,3,PASS,APPLIED_NATIVE08,MATCH
NED1,AZ Alkmaar,1090,2228226,CONFIRMED,29,29,0,PASS,APPLIED_NATIVE08,MATCH
NED1,Ajax Amsterdam,610,2228227,CONFIRMED,27,27,1,PASS,APPLIED_NATIVE08,MATCH
NED1,Excelsior Rotterdam,798,2228244,CONFIRMED,25,25,0,PASS,APPLIED_NATIVE08,MATCH
NED1,FC Groningen,202,2228233,CONFIRMED,28,28,1,PASS,APPLIED_NATIVE08,MATCH
NED1,FC Twente Enschede,317,2228240,CONFIRMED,27,26,1,PASS,APPLIED_NATIVE08,MATCH
NED1,FC Utrecht,200,2228241,CONFIRMED,31,31,4,PASS,APPLIED_NATIVE08,MATCH
NED1,Feyenoord Rotterdam,234,2228232,CONFIRMED,31,31,0,PASS,APPLIED_NATIVE08,MATCH
NED1,Fortuna Sittard,385,2228247,CONFIRMED,23,22,4,PASS,APPLIED_NATIVE08,MATCH
NED1,Go Ahead Eagles Deventer,1435,2228248,CONFIRMED,29,29,1,PASS,APPLIED_NATIVE08,MATCH
NED1,NEC Nijmegen,467,2228235,CONFIRMED,30,29,2,PASS,APPLIED_NATIVE08,MATCH
NED1,PEC Zwolle,1269,2228260,CONFIRMED,26,25,2,PASS,APPLIED_NATIVE08,MATCH
NED1,PSV Eindhoven,383,2228236,CONFIRMED,31,31,0,PASS,APPLIED_NATIVE08,MATCH
NED1,SC Cambuur Leeuwarden,133,2228253,CONFIRMED,28,28,2,PASS,APPLIED_NATIVE08,MATCH
NED1,SC Heerenveen,306,2228234,CONFIRMED,25,24,3,PASS,APPLIED_NATIVE08,MATCH
NED1,SC Telstar,1434,2228252,CONFIRMED,27,26,6,PASS,APPLIED_NATIVE08,MATCH
NED1,Sparta Rotterdam,468,2228256,CONFIRMED,25,25,0,PASS,APPLIED_NATIVE08,MATCH
NED1,Willem II Tilburg,403,2228239,CONFIRMED,29,29,2,PASS,APPLIED_NATIVE08,MATCH
POR1,Académico Viseu FC,7788,2494468,CONFIRMED,30,30,5,PASS,APPLIED_NATIVE08,MATCH
POR1,Benfica Lissabon,294,2490372,CONFIRMED,27,27,3,PASS,APPLIED_NATIVE08,MATCH
POR1,CD Nacional,982,2490378,CONFIRMED,33,28,9,PASS,APPLIED_NATIVE08,MATCH
POR1,CD Santa Clara,2423,2490388,CONFIRMED,27,27,7,PASS,APPLIED_NATIVE08,MATCH
POR1,CF Estrela Amadora,2431,2490394,CONFIRMED,30,30,7,PASS,APPLIED_NATIVE08,MATCH
POR1,CS Marítimo,1301,2490376,CONFIRMED,31,29,5,PASS,APPLIED_NATIVE08,MATCH
POR1,Casa Pia AC,3268,2494469,CONFIRMED,29,27,5,PASS,APPLIED_NATIVE08,MATCH
POR1,FC Alverca,2521,2490393,CONFIRMED,34,33,6,PASS,APPLIED_NATIVE08,MATCH
POR1,FC Arouca,8024,2494470,CONFIRMED,27,27,3,PASS,APPLIED_NATIVE08,MATCH
POR1,FC Famalicão,3329,2490398,CONFIRMED,26,25,3,PASS,APPLIED_NATIVE08,MATCH
POR1,FC Porto,720,2490380,CONFIRMED,28,28,1,PASS,APPLIED_NATIVE08,MATCH
POR1,GD Estoril Praia,1465,2490386,CONFIRMED,29,28,4,PASS,APPLIED_NATIVE08,MATCH
POR1,Gil Vicente FC,2424,2490375,CONFIRMED,30,27,6,PASS,APPLIED_NATIVE08,MATCH
POR1,Moreirense FC,979,2490377,CONFIRMED,30,27,7,PASS,APPLIED_NATIVE08,MATCH
POR1,Rio Ave FC,2425,2490381,CONFIRMED,36,36,2,PASS,APPLIED_NATIVE08,MATCH
POR1,SC Braga,1075,2490374,CONFIRMED,27,26,3,PASS,APPLIED_NATIVE08,MATCH
POR1,Sporting Lissabon,336,2490382,CONFIRMED,29,28,2,PASS,APPLIED_NATIVE08,MATCH
POR1,Vitória Guimarães SC,2420,2490397,CONFIRMED,30,27,3,PASS,APPLIED_NATIVE08,MATCH
TUR1,Alanyaspor,11282,3145783,CONFIRMED,27,27,3,PASS,APPLIED_NATIVE08,MATCH
TUR1,Amed SK,12382,3145856,CONFIRMED,28,27,2,PASS,APPLIED_NATIVE08,MATCH
TUR1,Basaksehir FK,6890,3145841,CONFIRMED,32,31,2,PASS,APPLIED_NATIVE08,MATCH
TUR1,Besiktas JK,114,3145824,CONFIRMED,31,30,2,PASS,APPLIED_NATIVE08,MATCH
TUR1,Caykur Rizespor,126,3145837,CONFIRMED,29,27,2,PASS,APPLIED_NATIVE08,MATCH
TUR1,Corum FK,37951,3149867,CONFIRMED,29,27,5,PASS,APPLIED_NATIVE08,MATCH
TUR1,Erzurumspor FK,39722,3145765,CONFIRMED,28,27,5,PASS,APPLIED_NATIVE08,MATCH
TUR1,Eyüpspor,7160,3145777,CONFIRMED,28,28,12,PASS,APPLIED_NATIVE08,MATCH
TUR1,Fenerbahce,36,3145823,CONFIRMED,28,28,1,PASS,APPLIED_NATIVE08,MATCH
TUR1,Galatasaray,141,3145825,CONFIRMED,32,30,3,PASS,APPLIED_NATIVE08,MATCH
TUR1,Gaziantep FK,2832,3145773,CONFIRMED,33,30,8,PASS,APPLIED_NATIVE08,MATCH
TUR1,Genclerbirligi Ankara,820,3145836,CONFIRMED,30,25,7,PASS,APPLIED_NATIVE08,MATCH
TUR1,Göztepe,1467,3145820,CONFIRMED,26,25,3,PASS,APPLIED_NATIVE08,MATCH
TUR1,Kasimpasa,10484,3145843,CONFIRMED,32,31,4,PASS,APPLIED_NATIVE08,MATCH
TUR1,Kocaelispor,120,3145754,CONFIRMED,29,28,5,PASS,APPLIED_NATIVE08,MATCH
TUR1,Konyaspor,2293,3145839,CONFIRMED,28,27,3,PASS,APPLIED_NATIVE08,MATCH
TUR1,Samsunspor,152,3145745,CONFIRMED,29,27,4,PASS,APPLIED_NATIVE08,MATCH
TUR1,Trabzonspor,449,3145826,CONFIRMED,30,29,2,PASS,APPLIED_NATIVE08,MATCH
