fm_id,fifa_id,player,player_tm_id,dob,raw_file,raw_block_sha256,condition_count,condition_type,condition_name,param0,param1,param2,param3,param4,start_date,end_or_until_date,native_protected_conditions_sha256,source_owner_tm_id,mapped_owner_club_id,source_owner_contract_until,resolution_status,hold_reason
1000013211,199339,Manuel Riemann,40792,1988-09-09,Without.sav,f0163d772dfc3cdfb339cff729cfe653450357d162d06c809940897feef08f0e,1,1,INJURY,2460842,2461056,0,37,0,2025-06-15,2026-01-15,0ba17782700c82fd4c43eb6b87844d7dfeb90678849ce5fc116bde64ba5b973d,,0,,STAGED_SEPARATE_DELTA,
301431,213697,Paddy McNair,167268,1995-04-27,data/CountryData95.sav,0526196dbffd481e97ae8eba3ac3f0ef70c8dbea2d82fb14a325ace243f72634,1,2,LEAGUE_BAN,0,0,0,1,0,,,3595a162eb03a4b5d8ebee7fcc83b14ac4958c89a1c5a6a6b581063fc3401728,,0,,STAGED_SEPARATE_DELTA,
23316,246340,Mykhaylo Mudryk,537860,2001-01-05,data/CountryData14.sav,a158daa152a4fe2a8484eea266731bc9d42f9f4b5998c1ee7805a0bbb80c3e82,1,7,BAN_UNTIL,0,2461223,0,0,0,,2026-07-01,41d6131b4c079318a09c83e77725906c64c8431b2bffba92e27630b5e6093eae,631,917513,2031-06-30,STAGED_SEPARATE_DELTA,
294619,73964,Shiloh 't Zand,595247,2003-05-14,data/CountryData34.sav,15a94c7a37caa0940045a5112a197864f6d4956693385229539a62b98ea57f64,1,1,INJURY,2460786,2460906,0,18,0,2025-04-20,2025-08-18,6339826bb66fcc7c993e7b23b859e93ab38c97bda50bf7ebbc652781947e69e6,24366,,2028-06-30,HOLD_OTHER_TYPED_PREREQUISITE,OWNER_NATIVE_MAPPING_UNPROVEN
277876,274568,Jaaso Jantunen,741578,2005-01-31,data/CountryData21.sav,a069c963f4d188017bc5de8b317b2118c65d30b660d96625803e42393113890b,1,1,INJURY,2460857,2460903,0,81,0,2025-06-30,2025-08-15,f81257d7fb5a780257cf6d7948ad8224e18d27335da7da1fe6deb985ebf8c29a,245,,,HOLD_OTHER_TYPED_PREREQUISITE,OWNER_NATIVE_MAPPING_UNPROVEN
282591,79093,Matteo Dagasso,744621,2004-04-01,data/CountryData27.sav,64f7d18f850bc22609551ff7ef57e5cac2299fe4807af49210f813baa364b830,1,2,LEAGUE_BAN,0,0,0,1,0,,,3595a162eb03a4b5d8ebee7fcc83b14ac4958c89a1c5a6a6b581063fc3401728,,0,,STAGED_SEPARATE_DELTA,
277070,268622,Jeanuël Belocian,919515,2005-02-17,data/CountryData21.sav,4535e8a987ae724d4e62ec5a4c28fac50db119590b92bd9f3f7af703b20090e2,1,1,INJURY,2460682,2460934,0,19,0,2025-01-06,2025-09-15,86d2095e08c4eeef1fad3fc0fa59741f3ce9def0531793a64f3e50623f5acc17,15,1376261,2029-06-30,STAGED_SEPARATE_DELTA,
236277,79497,Lucas Bretelle,941561,2002-04-17,data/CountryData7.sav,1d775360e57c7fb9f187a860d2d66d7d085ae309d569cdebdd77f7ac9add7873,1,1,INJURY,2460739,2460950,0,16,0,2025-03-04,2025-10-01,98cedbe7a683a437cd5365893c7155a3906e4dd3a1eb08ba090304a9e1adbdd9,,0,,STAGED_SEPARATE_DELTA,
212122,275205,Thiago Fernández,1127730,2004-04-03,data/CountryData52.sav,da327e692b11ea2104634480c6b0023e7ce615e2b4861fafdea7e1f189040e01,1,1,INJURY,2460646,2460889,0,19,0,2024-12-01,2025-08-01,cbdffe7b7c1888f19e927925dce9429b9d2ce1ba8a461c894c77382fdb8cb3b2,1050,2949140,2031-06-30,HOLD_OTHER_TYPED_PREREQUISITE,OWNERSHIP_CHAIN_UNPROVEN
