league,club,club_tm_id,target_club_id,player,player_tm_id,dob,age,position,shirt_number,joined,contract_until,nationality,identity_search,profile_complete,disposition,native_create_ready,reason,source,source_sha256,snapshot_date
BEL1,Club Brügge,2282,458756,Gianluca Okon-Engstler,1334900,2009-01-24,17,Defensives Mittelfeld,86,2026-07-01,2029-06-30,Italien Australien,POSSIBLE_NATIVE_CANDIDATE,YES,ACADEMY_EDGE_CASE_GOOD_ENOUGH,NO,Under-20 source roster entry; retain as explicit coverage edge case unless promoted to creation scope,https://www.transfermarkt.de/club-brugge/kader/verein/2282/saison_id/2026/plus/1,1fee205997362283be46f8cb9c009c85aa038ae7b79a372e8ad66b82b032cebd,2026-09-12
BEL1,KRC Genk,1184,458768,Elie Mbavu,1232104,2009-10-20,16,Innenverteidiger,73,2026-07-01,2028-06-30,Belgien,VERIFIED_NONMATCH,YES,ACADEMY_EDGE_CASE_GOOD_ENOUGH,NO,Under-20 source roster entry; retain as explicit coverage edge case unless promoted to creation scope,https://www.transfermarkt.de/krc-genk/kader/verein/1184/saison_id/2026/plus/1,85979abe0c47d79971cc0cee642e1248d1cad9da00ea0a7a7add7591bfc915c0,2026-09-12
BEL1,KV Kortrijk,601,458781,Guust Lamerand,1456177,2008-03-21,18,Linker Verteidiger,45,2026-08-07,2029-06-30,Belgien,VERIFIED_NONMATCH,YES,ACADEMY_EDGE_CASE_GOOD_ENOUGH,NO,Under-20 source roster entry; retain as explicit coverage edge case unless promoted to creation scope,https://www.transfermarkt.de/kv-kortrijk/kader/verein/601/saison_id/2026/plus/1,a4999f54d8da64602d94dda7998adfe30af76e24e0c684550e581e845d6cfc0c,2026-09-12
BEL1,KV Mechelen,354,458787,Amine Ouahabi,1269453,2008-07-04,18,Zentrales Mittelfeld,40,2025-07-01,2028-06-30,Marokko Belgien,VERIFIED_NONMATCH,YES,ACADEMY_EDGE_CASE_GOOD_ENOUGH,NO,Under-20 source roster entry; retain as explicit coverage edge case unless promoted to creation scope,https://www.transfermarkt.de/kv-mechelen/kader/verein/354/saison_id/2026/plus/1,def54d86d9d3b7a97807ef82c6b867bdf78c5b32694c9ea844fc271b85c916a5,2026-09-12
BEL1,KV Mechelen,354,458787,Axel Willockx,1192697,2007-02-07,19,Torwart,32,2025-07-01,2027-06-30,Belgien,VERIFIED_NONMATCH,YES,ACADEMY_EDGE_CASE_GOOD_ENOUGH,NO,Under-20 source roster entry; retain as explicit coverage edge case unless promoted to creation scope,https://www.transfermarkt.de/kv-mechelen/kader/verein/354/saison_id/2026/plus/1,def54d86d9d3b7a97807ef82c6b867bdf78c5b32694c9ea844fc271b85c916a5,2026-09-12
BEL1,KVC Westerlo,968,458763,Philippe Bibout,1577556,2008-06-01,18,Zentrales Mittelfeld,71,2026-08-05,,Kamerun,VERIFIED_NONMATCH,NO,ACADEMY_EDGE_CASE_GOOD_ENOUGH,NO,Under-20 source roster entry; retain as explicit coverage edge case unless promoted to creation scope,https://www.transfermarkt.de/kvc-westerlo/kader/verein/968/saison_id/2026/plus/1,4b321535def794641a57896ea3b395b11fb16964a25bb51fab6f75bf5e2a3382,2026-09-12
BEL1,Lommel SK,5026,458783,Alexander Reumers,1072029,2007-04-27,19,Mittelstürmer,73,2025-07-10,2028-06-30,Belgien,VERIFIED_NONMATCH,YES,ACADEMY_EDGE_CASE_GOOD_ENOUGH,NO,Under-20 source roster entry; retain as explicit coverage edge case unless promoted to creation scope,https://www.transfermarkt.de/lommel-sk/kader/verein/5026/saison_id/2026/plus/1,9ff756a9f65fb1a83d753e141d2c89530fd8a9311bba2096f5846c718c381d8a,2026-09-12
BEL1,Royal Antwerpen FC,1096,458785,Jeff Godelaine,1184725,2007-04-26,19,Mittelstürmer,29,2026-07-01,2029-06-30,Belgien,UNVERIFIED_NONMATCH,YES,ACADEMY_EDGE_CASE_GOOD_ENOUGH,NO,Under-20 source roster entry; retain as explicit coverage edge case unless promoted to creation scope,https://www.transfermarkt.de/royal-antwerpen-fc/kader/verein/1096/saison_id/2026/plus/1,eb2b5eea86d19deaf123189c966bf44bae4a2d94614134be4d229233c58d37aa,2026-09-12
BEL1,Royal Antwerpen FC,1096,458785,Lowie Piselé,1191562,2009-09-17,16,Torwart,61,2026-07-01,2027-06-30,Belgien,VERIFIED_NONMATCH,YES,ACADEMY_EDGE_CASE_GOOD_ENOUGH,NO,Under-20 source roster entry; retain as explicit coverage edge case unless promoted to creation scope,https://www.transfermarkt.de/royal-antwerpen-fc/kader/verein/1096/saison_id/2026/plus/1,eb2b5eea86d19deaf123189c966bf44bae4a2d94614134be4d229233c58d37aa,2026-09-12
BEL1,Royal Antwerpen FC,1096,458785,Luca Schelfhout,1318279,2007-09-17,18,Innenverteidiger,28,2026-07-31,2030-06-30,Belgien,VERIFIED_NONMATCH,YES,ACADEMY_EDGE_CASE_GOOD_ENOUGH,NO,Under-20 source roster entry; retain as explicit coverage edge case unless promoted to creation scope,https://www.transfermarkt.de/royal-antwerpen-fc/kader/verein/1096/saison_id/2026/plus/1,eb2b5eea86d19deaf123189c966bf44bae4a2d94614134be4d229233c58d37aa,2026-09-12
BEL1,Royal Charleroi SC,172,458761,Mory Kera,1308524,2008-06-26,18,Defensives Mittelfeld,51,2025-07-01,2027-06-30,Belgien,VERIFIED_NONMATCH,YES,ACADEMY_EDGE_CASE_GOOD_ENOUGH,NO,Under-20 source roster entry; retain as explicit coverage edge case unless promoted to creation scope,https://www.transfermarkt.de/royal-charleroi-sc/kader/verein/172/saison_id/2026/plus/1,be345af7e14ab40246420c64e873b34283e56e8aafa6f5b344acf44cf11dfec1,2026-09-12
BEL1,Royal Charleroi SC,172,458761,Naël Piron,1318685,2008-09-28,17,Innenverteidiger,54,2026-07-01,2028-06-30,Belgien,VERIFIED_NONMATCH,YES,ACADEMY_EDGE_CASE_GOOD_ENOUGH,NO,Under-20 source roster entry; retain as explicit coverage edge case unless promoted to creation scope,https://www.transfermarkt.de/royal-charleroi-sc/kader/verein/172/saison_id/2026/plus/1,be345af7e14ab40246420c64e873b34283e56e8aafa6f5b344acf44cf11dfec1,2026-09-12
BEL1,VV St. Truiden,475,458759,Yanis Ngoy,1389531,2008-08-24,18,Torwart,30,2026-07-01,2028-06-30,Belgien DR Kongo,VERIFIED_NONMATCH,YES,ACADEMY_EDGE_CASE_GOOD_ENOUGH,NO,Under-20 source roster entry; retain as explicit coverage edge case unless promoted to creation scope,https://www.transfermarkt.de/vv-st-truiden/kader/verein/475/saison_id/2026/plus/1,c0e976a963b2c1507ec52e39bab62ae405f89e7c2149e5b8ecc88e56b4f6ff7a,2026-09-12
CZE1,1.FC Slovacko,5544,786461,Filip Hruska,1339658,2008-08-29,18,Zentrales Mittelfeld,17,2025-09-01,,Tschechien,VERIFIED_NONMATCH,NO,ACADEMY_EDGE_CASE_GOOD_ENOUGH,NO,Under-20 source roster entry; retain as explicit coverage edge case unless promoted to creation scope,https://www.transfermarkt.de/1-fc-slovacko/kader/verein/5544/saison_id/2026/plus/1,42dab36a10cfd13d442ece1bb7499f652fac54d38b8eba2248452673a53bcacf,2026-09-12
CZE1,FC Zlin,5545,786445,Moustapha Toure,1523194,2007-10-04,18,Sturm,18,2026-07-01,,Senegal,VERIFIED_NONMATCH,NO,ACADEMY_EDGE_CASE_GOOD_ENOUGH,NO,Under-20 source roster entry; retain as explicit coverage edge case unless promoted to creation scope,https://www.transfermarkt.de/fc-zlin/kader/verein/5545/saison_id/2026/plus/1,145632bcb3322adba503e23b5de14e7fcaebb0cc067878f73ac83683b3023bd4,2026-09-12
CZE1,SK Artis Brünn,24325,790564,Ismael Sylla,1544985,2008-02-07,18,Zentrales Mittelfeld,13,2026-07-17,,Elfenbeinküste,VERIFIED_NONMATCH,NO,ACADEMY_EDGE_CASE_GOOD_ENOUGH,NO,Under-20 source roster entry; retain as explicit coverage edge case unless promoted to creation scope,https://www.transfermarkt.de/sk-artis-brunn/kader/verein/24325/saison_id/2026/plus/1,587a867b1b6398028de49094330bc2934f1e7245d3ee79f2003e9ffe6410ac9f,2026-09-12
ESP1,UD Levante,3368,2949128,Marc Santos,1476132,2010-11-09,15,Linker Verteidiger,33,2026-07-01,2029-06-30,Spanien,VERIFIED_NONMATCH,YES,ACADEMY_EDGE_CASE_GOOD_ENOUGH,NO,Under-20 source roster entry; retain as explicit coverage edge case unless promoted to creation scope,https://www.transfermarkt.de/ud-levante/kader/verein/3368/saison_id/2026/plus/1,53cacbbeea38cb2a390a7eeec2d36d336b94cb75602793ff1a9bacce28891775,2026-09-12
ESP1,UD Levante,3368,2949128,Nacho Pérez,1371830,2008-08-29,18,Rechter Verteidiger,29,2026-07-01,2028-06-30,Spanien,VERIFIED_NONMATCH,YES,ACADEMY_EDGE_CASE_GOOD_ENOUGH,NO,Under-20 source roster entry; retain as explicit coverage edge case unless promoted to creation scope,https://www.transfermarkt.de/ud-levante/kader/verein/3368/saison_id/2026/plus/1,53cacbbeea38cb2a390a7eeec2d36d336b94cb75602793ff1a9bacce28891775,2026-09-12
FRA1,AJ Auxerre,290,1179654,Xiangxin Wei,1265965,2008-03-05,18,Mittelstürmer,49,2026-07-09,2031-06-30,China,VERIFIED_NONMATCH,YES,ACADEMY_EDGE_CASE_GOOD_ENOUGH,NO,Under-20 source roster entry; retain as explicit coverage edge case unless promoted to creation scope,https://www.transfermarkt.de/aj-auxerre/kader/verein/290/saison_id/2026/plus/1,bc56be6a329e8d45adc245c1a0891dc5af443b78ade6319a110e2ae8c5f635c2,2026-09-12
FRA1,FC Stade Rennes,273,1179656,Elías Legendre Quiñónez,1227106,2008-04-22,18,Rechtsaußen,35,2025-12-03,2029-06-30,Ecuador Frankreich,POSSIBLE_NATIVE_CANDIDATE,YES,ACADEMY_EDGE_CASE_GOOD_ENOUGH,NO,Under-20 source roster entry; retain as explicit coverage edge case unless promoted to creation scope,https://www.transfermarkt.de/fc-stade-rennes/kader/verein/273/saison_id/2026/plus/1,00eacc4de7646d87b15affe96598d94d3f9f10626f41f9831e67065e98b85395,2026-09-12
FRA1,RC Lens,826,1179664,Mezian Mesloub,1297674,2009-11-08,16,Offensives Mittelfeld,38,2026-07-01,,Portugal Frankreich,UNVERIFIED_NONMATCH,NO,ACADEMY_EDGE_CASE_GOOD_ENOUGH,NO,Under-20 source roster entry; retain as explicit coverage edge case unless promoted to creation scope,https://www.transfermarkt.de/rc-lens/kader/verein/826/saison_id/2026/plus/1,7fb4fc29a59ca1fd1875a851a1378fb40304c090e369d517a86f6d13f80ab3c8,2026-09-12
GER1,1. FSV Mainz 05,39,1376259,Alynho Haidara,1392952,2008-07-26,18,Mittelstürmer,39,2026-07-26,,Elfenbeinküste,UNVERIFIED_NONMATCH,NO,ACADEMY_EDGE_CASE_GOOD_ENOUGH,NO,Under-20 source roster entry; retain as explicit coverage edge case unless promoted to creation scope,https://www.transfermarkt.de/1-fsv-mainz-05/kader/verein/39/saison_id/2026/plus/1,a0ac0e0c9eb47a3776e4e43c8257aa032114b35240aadb843dc1c757a5313de7,2026-09-12
GER1,Borussia Dortmund,16,1376262,Enzo dos Santos,1311594,2009-01-28,17,Zentrales Mittelfeld,44,2026-08-19,2029-06-30,Luxemburg Kap Verde,UNVERIFIED_NONMATCH,YES,ACADEMY_EDGE_CASE_GOOD_ENOUGH,NO,Under-20 source roster entry; retain as explicit coverage edge case unless promoted to creation scope,https://www.transfermarkt.de/borussia-dortmund/kader/verein/16/saison_id/2026/plus/1,927453550675aa19e2e1770ec753efb040ae08d849fa3f9549ef9d993044efb7,2026-09-12
GER1,SV Werder Bremen,86,1376271,Paul Erevbenagie,1080555,2007-08-19,19,Rechtsaußen,38,2026-07-04,,Deutschland,UNVERIFIED_NONMATCH,NO,ACADEMY_EDGE_CASE_GOOD_ENOUGH,NO,Under-20 source roster entry; retain as explicit coverage edge case unless promoted to creation scope,https://www.transfermarkt.de/sv-werder-bremen/kader/verein/86/saison_id/2026/plus/1,0a7e36159d0c7ffd555ab7f3ffa226b0cf286e7a1a009e2dca794bd509bbd26e,2026-09-12
GER2,FC Energie Cottbus,25,1376280,Malte Wilke,1157068,2007-06-25,19,Torwart,40,2026-07-01,,Deutschland,UNVERIFIED_NONMATCH,NO,ACADEMY_EDGE_CASE_GOOD_ENOUGH,NO,Under-20 source roster entry; retain as explicit coverage edge case unless promoted to creation scope,https://www.transfermarkt.de/fc-energie-cottbus/kader/verein/25/saison_id/2026/plus/1,bfac2c82e9908a44ea8264f2a591d43d8ad627ceaeb5639879d980dcab166809,2026-09-12
GER2,Hannover 96,42,1376268,Joschua Siewert,1307411,2009-05-24,17,Innenverteidiger,35,2026-07-01,2029-06-30,Deutschland,UNVERIFIED_NONMATCH,YES,ACADEMY_EDGE_CASE_GOOD_ENOUGH,NO,Under-20 source roster entry; retain as explicit coverage edge case unless promoted to creation scope,https://www.transfermarkt.de/hannover-96/kader/verein/42/saison_id/2026/plus/1,1215cddc874fab7e50402cb82ad6c5ca92f8ced09d37a9d8569043058176a32f,2026-09-12
GER3,SC Verl,93,1376406,Emmanuel Bamba,1412872,2007-10-29,18,Linker Verteidiger,29,2026-07-01,2028-06-30,Deutschland,UNVERIFIED_NONMATCH,YES,ACADEMY_EDGE_CASE_GOOD_ENOUGH,NO,Under-20 source roster entry; retain as explicit coverage edge case unless promoted to creation scope,https://www.transfermarkt.de/sc-verl/kader/verein/93/saison_id/2026/plus/1,bd69b9b6c3fd17e062c0bf50a17563b42a98d2c42534eeab1330ee7efa38071a,2026-09-12
ITA1,AC Florenz,430,1769492,Federico Croci,1350478,2010-07-01,16,Linksaußen,70,2026-07-01,2029-06-30,Italien,VERIFIED_NONMATCH,YES,ACADEMY_EDGE_CASE_GOOD_ENOUGH,NO,Under-20 source roster entry; retain as explicit coverage edge case unless promoted to creation scope,https://www.transfermarkt.de/ac-florenz/kader/verein/430/saison_id/2026/plus/1,5857be8fdb4f3fc0db1b4cdc9b4c664d3e7e976dd4b535b833de0fc4b70e26fc,2026-09-12
ITA1,Venezia FC,607,1769500,Ale Gomes,1371198,2008-02-14,18,Innenverteidiger,95,2026-07-09,2031-06-30,,UNVERIFIED_NONMATCH,NO,ACADEMY_EDGE_CASE_GOOD_ENOUGH,NO,Under-20 source roster entry; retain as explicit coverage edge case unless promoted to creation scope,https://www.transfermarkt.de/venezia-fc/kader/verein/607/saison_id/2026/plus/1,d88fc7110893de0f0661e79b4c48d86142d14d93f73bc112159c1995caefb0e9,2026-09-12
NED1,Fortuna Sittard,385,2228247,Gani Büyükhan,1491843,2009-10-07,16,Offensives Mittelfeld,39,2026-07-01,,Belgien Türkei,VERIFIED_NONMATCH,NO,ACADEMY_EDGE_CASE_GOOD_ENOUGH,NO,Under-20 source roster entry; retain as explicit coverage edge case unless promoted to creation scope,https://www.transfermarkt.de/fortuna-sittard/kader/verein/385/saison_id/2026/plus/1,3459b44bdebecde47d2a1440be82d9c09e8f120a342ec34fc969ad1288f64fcd,2026-09-12
NED1,NEC Nijmegen,467,2228235,Dele Thomas,763948,2007-07-23,19,Linksaußen,77,2026-09-01,2030-06-30,,UNVERIFIED_NONMATCH,NO,ACADEMY_EDGE_CASE_GOOD_ENOUGH,NO,Under-20 source roster entry; retain as explicit coverage edge case unless promoted to creation scope,https://www.transfermarkt.de/nec-nijmegen/kader/verein/467/saison_id/2026/plus/1,afaf186de0e68283482d701cbcab4af6ebdee0f811b6b205c1c3767c120d442d,2026-09-12
NED1,PEC Zwolle,1269,2228260,Gilles van der Wal,1146470,2008-06-24,18,Offensives Mittelfeld,37,2026-07-01,,Niederlande,POSSIBLE_NATIVE_CANDIDATE,NO,ACADEMY_EDGE_CASE_GOOD_ENOUGH,NO,Under-20 source roster entry; retain as explicit coverage edge case unless promoted to creation scope,https://www.transfermarkt.de/pec-zwolle/kader/verein/1269/saison_id/2026/plus/1,3c97a5a53b9cc8a25985b1e3597862074bc3460631aa78e06a0c54cb3648771b,2026-09-12
NED1,SC Heerenveen,306,2228234,Kirayno Schaken,1275103,2008-08-08,18,Rechtsaußen,47,2026-07-01,2030-06-30,Niederlande Suriname,VERIFIED_NONMATCH,YES,ACADEMY_EDGE_CASE_GOOD_ENOUGH,NO,Under-20 source roster entry; retain as explicit coverage edge case unless promoted to creation scope,https://www.transfermarkt.de/sc-heerenveen/kader/verein/306/saison_id/2026/plus/1,c5575ac3b7544ec0b6c6c259e7a480f6feb44060499802d16479d9d38d1f4bf6,2026-09-12
POR1,CD Nacional,982,2490378,Matias Silva,1582195,2008-11-21,17,Linker Verteidiger,55,2025-07-01,2027-06-30,Portugal,VERIFIED_NONMATCH,YES,ACADEMY_EDGE_CASE_GOOD_ENOUGH,NO,Under-20 source roster entry; retain as explicit coverage edge case unless promoted to creation scope,https://www.transfermarkt.de/cd-nacional/kader/verein/982/saison_id/2026/plus/1,85c1a326ea7d9109ff431c2a95c9c0488100e0183b1e7c799d926c40ecb8dba6,2026-09-12
POR1,FC Alverca,2521,2490393,Samy Jr. Merheg,1218658,2006-12-06,19,Mittelstürmer,17,2026-07-18,2029-06-30,,UNVERIFIED_NONMATCH,NO,ACADEMY_EDGE_CASE_GOOD_ENOUGH,NO,Under-20 source roster entry; retain as explicit coverage edge case unless promoted to creation scope,https://www.transfermarkt.de/fc-alverca/kader/verein/2521/saison_id/2026/plus/1,7f5d01cde12ec5554a0cdae5ccc699031abd54d7e473e99ebf2c44e9a519b8ae,2026-09-12
POR1,GD Estoril Praia,1465,2490386,Sam Amissah,1026524,2007-03-07,19,Innenverteidiger,35,2026-08-30,2027-05-31,,UNVERIFIED_NONMATCH,NO,ACADEMY_EDGE_CASE_GOOD_ENOUGH,NO,Under-20 source roster entry; retain as explicit coverage edge case unless promoted to creation scope,https://www.transfermarkt.de/gd-estoril-praia/kader/verein/1465/saison_id/2026/plus/1,1f4451857a09faf4bc5a12d1790c126a29e1c7346930e118c1c73d3f15c8f2d8,2026-09-12
POR1,Gil Vicente FC,2424,2490375,Tiago Ferreira,1268194,2009-01-12,17,Torwart,44,2026-07-01,2028-06-30,Portugal,VERIFIED_NONMATCH,YES,ACADEMY_EDGE_CASE_GOOD_ENOUGH,NO,Under-20 source roster entry; retain as explicit coverage edge case unless promoted to creation scope,https://www.transfermarkt.de/gil-vicente-fc/kader/verein/2424/saison_id/2026/plus/1,e615ed113cbf0012df4490859c154266a50a72247c7f67c260f2f4ab6c49e4d1,2026-09-12
POR1,SC Braga,1075,2490374,Tommy Marqués,938156,2006-10-30,19,Defensives Mittelfeld,16,2026-08-21,2031-06-30,,UNVERIFIED_NONMATCH,NO,ACADEMY_EDGE_CASE_GOOD_ENOUGH,NO,Under-20 source roster entry; retain as explicit coverage edge case unless promoted to creation scope,https://www.transfermarkt.de/sc-braga/kader/verein/1075/saison_id/2026/plus/1,a179610f71e6ea7b41b62a1d2448a6aa9ceac20ea3d9356ad08e919d3506e2a7,2026-09-12
POR1,Vitória Guimarães SC,2420,2490397,Santi Verdi,1093061,2008-05-05,18,Zentrales Mittelfeld,56,2026-07-01,2031-06-30,Portugal,UNVERIFIED_NONMATCH,YES,ACADEMY_EDGE_CASE_GOOD_ENOUGH,NO,Under-20 source roster entry; retain as explicit coverage edge case unless promoted to creation scope,https://www.transfermarkt.de/vitoria-guimaraes-sc/kader/verein/2420/saison_id/2026/plus/1,d099b13b522be7fac0425b4aea5d56eb91b99f04255377a276820a33f184d54a,2026-09-12
TUR1,Amed SK,12382,3145856,Muhammed Damar,1583411,2008-02-26,18,Torwart,95,2026-07-01,,Türkei,VERIFIED_NONMATCH,NO,ACADEMY_EDGE_CASE_GOOD_ENOUGH,NO,Under-20 source roster entry; retain as explicit coverage edge case unless promoted to creation scope,https://www.transfermarkt.de/amed-sk/kader/verein/12382/saison_id/2026/plus/1,1c63291a94e83ca8d551f2c91a8979d5cadd6cad24fc5cbcdc3500f54ff03b8e,2026-09-12
TUR1,Basaksehir FK,6890,3145841,Ege Öztürk,1245279,2007-12-04,18,Torwart,80,2026-07-01,,Türkei,VERIFIED_NONMATCH,NO,ACADEMY_EDGE_CASE_GOOD_ENOUGH,NO,Under-20 source roster entry; retain as explicit coverage edge case unless promoted to creation scope,https://www.transfermarkt.de/basaksehir-fk/kader/verein/6890/saison_id/2026/plus/1,ce3135bc2b2b9daa2d2bea05e7e218c5933214f172404552d071997b77f3b230,2026-09-12
TUR1,Besiktas JK,114,3145824,Ahmet Sami Bircan,1076666,2007-01-24,19,Mittelstürmer,70,2026-07-01,2028-06-30,Türkei,UNVERIFIED_NONMATCH,YES,ACADEMY_EDGE_CASE_GOOD_ENOUGH,NO,Under-20 source roster entry; retain as explicit coverage edge case unless promoted to creation scope,https://www.transfermarkt.de/besiktas-jk/kader/verein/114/saison_id/2026/plus/1,f46df64dc3feb409a79ae254926c9517fdba2f5e40a9e4ebf8000fc6f191e791,2026-09-12
TUR1,Caykur Rizespor,126,3145837,Hasan Yağız Döne,1581401,2010-09-17,15,Torwart,31,2026-07-01,,Türkei,VERIFIED_NONMATCH,NO,ACADEMY_EDGE_CASE_GOOD_ENOUGH,NO,Under-20 source roster entry; retain as explicit coverage edge case unless promoted to creation scope,https://www.transfermarkt.de/caykur-rizespor/kader/verein/126/saison_id/2026/plus/1,61fa6e9a84b4e36b36da70c3e8971eaf7870792667b136d236163fc072296fda,2026-09-12
TUR1,Caykur Rizespor,126,3145837,Mustafa Coşkun Tosun,1474364,2009-01-06,17,Mittelstürmer,80,2026-07-01,2029-06-30,Türkei,VERIFIED_NONMATCH,YES,ACADEMY_EDGE_CASE_GOOD_ENOUGH,NO,Under-20 source roster entry; retain as explicit coverage edge case unless promoted to creation scope,https://www.transfermarkt.de/caykur-rizespor/kader/verein/126/saison_id/2026/plus/1,61fa6e9a84b4e36b36da70c3e8971eaf7870792667b136d236163fc072296fda,2026-09-12
TUR1,Corum FK,37951,3149867,Furkan Çetinkaya,1476544,2009-03-03,17,Offensives Mittelfeld,45,2025-12-03,2028-06-30,Türkei,VERIFIED_NONMATCH,YES,ACADEMY_EDGE_CASE_GOOD_ENOUGH,NO,Under-20 source roster entry; retain as explicit coverage edge case unless promoted to creation scope,https://www.transfermarkt.de/corum-fk/kader/verein/37951/saison_id/2026/plus/1,09798c50638e371505f186cb7a6cb29472c2df6e777856de0739225fb6d74803,2026-09-12
TUR1,Corum FK,37951,3149867,Hasanege Akdoğan,1197994,2008-03-08,18,Mittelstürmer,23,2024-07-04,2027-06-30,Türkei,UNVERIFIED_NONMATCH,YES,ACADEMY_EDGE_CASE_GOOD_ENOUGH,NO,Under-20 source roster entry; retain as explicit coverage edge case unless promoted to creation scope,https://www.transfermarkt.de/corum-fk/kader/verein/37951/saison_id/2026/plus/1,09798c50638e371505f186cb7a6cb29472c2df6e777856de0739225fb6d74803,2026-09-12
TUR1,Erzurumspor FK,39722,3145765,Ömer Arda Kara,1296109,2007-10-31,18,Innenverteidiger,25,2024-07-01,2027-06-30,Türkei,UNVERIFIED_NONMATCH,YES,ACADEMY_EDGE_CASE_GOOD_ENOUGH,NO,Under-20 source roster entry; retain as explicit coverage edge case unless promoted to creation scope,https://www.transfermarkt.de/erzurumspor-fk/kader/verein/39722/saison_id/2026/plus/1,aaa2316b00aefef231faf95d7f3e3871f7c712aaa423cb88c256177acd6d2902,2026-09-12
TUR1,Galatasaray,141,3145825,Ada Yüzgeç,1223334,2009-04-03,17,Mittelstürmer,62,2026-07-01,2029-06-30,Türkei,VERIFIED_NONMATCH,YES,ACADEMY_EDGE_CASE_GOOD_ENOUGH,NO,Under-20 source roster entry; retain as explicit coverage edge case unless promoted to creation scope,https://www.transfermarkt.de/galatasaray/kader/verein/141/saison_id/2026/plus/1,66f1195fdd6d32bc947bb726ca4925adf5e39b928cebbb291569108f880a8f16,2026-09-12
TUR1,Gaziantep FK,2832,3145773,Ali Osman Kalın,1261143,2008-03-23,18,Linksaußen,46,2025-07-01,2027-06-30,Türkei,POSSIBLE_NATIVE_CANDIDATE,YES,ACADEMY_EDGE_CASE_GOOD_ENOUGH,NO,Under-20 source roster entry; retain as explicit coverage edge case unless promoted to creation scope,https://www.transfermarkt.de/gaziantep-fk/kader/verein/2832/saison_id/2026/plus/1,81446f340c520f2c5aff4253c251edc727d259530fe5221a6b24ee6cfb9e01e1,2026-09-12
TUR1,Gaziantep FK,2832,3145773,Muhammet Akmelek,1474871,2009-06-06,17,Mittelstürmer,-,2026-01-01,2028-06-30,Türkei,VERIFIED_NONMATCH,YES,ACADEMY_EDGE_CASE_GOOD_ENOUGH,NO,Under-20 source roster entry; retain as explicit coverage edge case unless promoted to creation scope,https://www.transfermarkt.de/gaziantep-fk/kader/verein/2832/saison_id/2026/plus/1,81446f340c520f2c5aff4253c251edc727d259530fe5221a6b24ee6cfb9e01e1,2026-09-12
TUR1,Genclerbirligi Ankara,820,3145836,Ayaz Özcan,1437503,2009-10-01,16,Mittelstürmer,99,2025-07-01,2028-06-30,Türkei,VERIFIED_NONMATCH,YES,ACADEMY_EDGE_CASE_GOOD_ENOUGH,NO,Under-20 source roster entry; retain as explicit coverage edge case unless promoted to creation scope,https://www.transfermarkt.de/genclerbirligi-ankara/kader/verein/820/saison_id/2026/plus/1,9fb824ef54d8cf6c84b7b150acc7ac82c0b5fa7fc8222f7f3c24c366e83db062,2026-09-12
TUR1,Genclerbirligi Ankara,820,3145836,Berk Deniz Çukurcu,1189059,2008-01-02,18,Torwart,61,2025-07-01,2027-06-30,Türkei,UNVERIFIED_NONMATCH,YES,ACADEMY_EDGE_CASE_GOOD_ENOUGH,NO,Under-20 source roster entry; retain as explicit coverage edge case unless promoted to creation scope,https://www.transfermarkt.de/genclerbirligi-ankara/kader/verein/820/saison_id/2026/plus/1,9fb824ef54d8cf6c84b7b150acc7ac82c0b5fa7fc8222f7f3c24c366e83db062,2026-09-12
TUR1,Genclerbirligi Ankara,820,3145836,Erk Aslan,1438144,2008-11-07,17,Linksaußen,17,2026-07-01,,Türkei,VERIFIED_NONMATCH,NO,ACADEMY_EDGE_CASE_GOOD_ENOUGH,NO,Under-20 source roster entry; retain as explicit coverage edge case unless promoted to creation scope,https://www.transfermarkt.de/genclerbirligi-ankara/kader/verein/820/saison_id/2026/plus/1,9fb824ef54d8cf6c84b7b150acc7ac82c0b5fa7fc8222f7f3c24c366e83db062,2026-09-12
TUR1,Genclerbirligi Ankara,820,3145836,Hamza Aydar,1417530,2008-09-20,17,Linker Verteidiger,3,2025-07-01,2028-06-30,Türkei,POSSIBLE_NATIVE_CANDIDATE,YES,ACADEMY_EDGE_CASE_GOOD_ENOUGH,NO,Under-20 source roster entry; retain as explicit coverage edge case unless promoted to creation scope,https://www.transfermarkt.de/genclerbirligi-ankara/kader/verein/820/saison_id/2026/plus/1,9fb824ef54d8cf6c84b7b150acc7ac82c0b5fa7fc8222f7f3c24c366e83db062,2026-09-12
TUR1,Genclerbirligi Ankara,820,3145836,Prince Martor Jr.,1442800,2007-07-09,19,Linksaußen,45,2026-07-01,2028-06-30,Liberia,UNVERIFIED_NONMATCH,YES,ACADEMY_EDGE_CASE_GOOD_ENOUGH,NO,Under-20 source roster entry; retain as explicit coverage edge case unless promoted to creation scope,https://www.transfermarkt.de/genclerbirligi-ankara/kader/verein/820/saison_id/2026/plus/1,9fb824ef54d8cf6c84b7b150acc7ac82c0b5fa7fc8222f7f3c24c366e83db062,2026-09-12
TUR1,Kasimpasa,10484,3145843,Salih Arıcı,1438186,2008-03-27,18,Innenverteidiger,24,2026-07-01,,Türkei,VERIFIED_NONMATCH,NO,ACADEMY_EDGE_CASE_GOOD_ENOUGH,NO,Under-20 source roster entry; retain as explicit coverage edge case unless promoted to creation scope,https://www.transfermarkt.de/kasimpasa/kader/verein/10484/saison_id/2026/plus/1,c67384cb86e5ab0489a71469deab8847f74c6c6c97729fe8853bfdf343f41060,2026-09-12
TUR1,Konyaspor,2293,3145839,Emir Gündoğdu,1347138,2009-10-16,16,Torwart,65,2026-07-01,2029-06-30,Türkei,VERIFIED_NONMATCH,YES,ACADEMY_EDGE_CASE_GOOD_ENOUGH,NO,Under-20 source roster entry; retain as explicit coverage edge case unless promoted to creation scope,https://www.transfermarkt.de/konyaspor/kader/verein/2293/saison_id/2026/plus/1,069dc7281d9365629f14ccbc97a6efb86e052d5f21328d42e8d7b49edfa417e6,2026-09-12
TUR1,Samsunspor,152,3145745,Efe Yiğit Üstün,1237420,2008-05-07,18,Torwart,13,2025-07-01,2028-06-30,Türkei,UNVERIFIED_NONMATCH,YES,ACADEMY_EDGE_CASE_GOOD_ENOUGH,NO,Under-20 source roster entry; retain as explicit coverage edge case unless promoted to creation scope,https://www.transfermarkt.de/samsunspor/kader/verein/152/saison_id/2026/plus/1,4e99640342d6c03de82a839147f9c53a0cc4bc14523c727d2894fc2df5432171,2026-09-12
BEL1,KVC Westerlo,968,458763,Jahnilo Wiegel-Triebel,1047424,2005-03-13,21,Torwart,21,2026-07-01,2027-06-30,Suriname Niederlande,VERIFIED_NONMATCH,YES,CREATE_EVIDENCE_RATING_REQUIRED,NO,"Global Native08 identity search found no safe match; identity/contract evidence complete, but no reviewed native rating row exists",https://www.transfermarkt.de/kvc-westerlo/kader/verein/968/saison_id/2026/plus/1,4b321535def794641a57896ea3b395b11fb16964a25bb51fab6f75bf5e2a3382,2026-09-12
FRA1,FC Lorient,1158,1179673,Nosa Edward Obaretin,704456,2003-01-26,23,Innenverteidiger,55,2026-08-25,2027-06-30,Italien Nigeria,VERIFIED_NONMATCH,YES,CREATE_EVIDENCE_RATING_REQUIRED,NO,"Global Native08 identity search found no safe match; identity/contract evidence complete, but no reviewed native rating row exists",https://www.transfermarkt.de/fc-lorient/kader/verein/1158/saison_id/2026/plus/1,8985aded9368fca7ce5d7744ed4210e43a27554002fd29e32ed7f2454f7c3087,2026-09-12
ITA1,AC Monza,2919,1769533,Eddy Kouadio,957822,2006-05-03,20,Innenverteidiger,60,2026-07-08,2027-06-30,Italien Elfenbeinküste,VERIFIED_NONMATCH,YES,CREATE_EVIDENCE_RATING_REQUIRED,NO,"Global Native08 identity search found no safe match; identity/contract evidence complete, but no reviewed native rating row exists",https://www.transfermarkt.de/ac-monza/kader/verein/2919/saison_id/2026/plus/1,8f193279202724cc57a68a08441deb0fe889b73d8d97804595e81268516bfe10,2026-09-12
POR1,CD Santa Clara,2423,2490388,Dani Borges,1083604,2003-04-06,23,Defensives Mittelfeld,41,2024-01-31,2030-06-30,Brasilien,VERIFIED_NONMATCH,YES,CREATE_EVIDENCE_RATING_REQUIRED,NO,"Global Native08 identity search found no safe match; identity/contract evidence complete, but no reviewed native rating row exists",https://www.transfermarkt.de/cd-santa-clara/kader/verein/2423/saison_id/2026/plus/1,996787cc90623dddfd5c425ca2df6aae95f8fd62b8b5cfb03677a214be6550e2,2026-09-12
POR1,CD Santa Clara,2423,2490388,Fernando,1091608,2005-04-12,21,Mittelstürmer,7,2026-02-02,2029-06-30,Brasilien,VERIFIED_NONMATCH,YES,CREATE_EVIDENCE_RATING_REQUIRED,NO,"Global Native08 identity search found no safe match; identity/contract evidence complete, but no reviewed native rating row exists",https://www.transfermarkt.de/cd-santa-clara/kader/verein/2423/saison_id/2026/plus/1,996787cc90623dddfd5c425ca2df6aae95f8fd62b8b5cfb03677a214be6550e2,2026-09-12
TUR1,Erzurumspor FK,39722,3145765,Nariman Akhundzada,865793,2004-04-23,22,Mittelstürmer,90,2026-08-03,2027-06-30,Aserbaidschan,VERIFIED_NONMATCH,YES,CREATE_EVIDENCE_RATING_REQUIRED,NO,"Global Native08 identity search found no safe match; identity/contract evidence complete, but no reviewed native rating row exists",https://www.transfermarkt.de/erzurumspor-fk/kader/verein/39722/saison_id/2026/plus/1,aaa2316b00aefef231faf95d7f3e3871f7c712aaa423cb88c256177acd6d2902,2026-09-12
TUR1,Gaziantep FK,2832,3145773,Burak Enes Yıkıcı,952093,2004-03-29,22,Offensives Mittelfeld,-,2024-07-01,2027-06-30,Türkei,VERIFIED_NONMATCH,YES,CREATE_EVIDENCE_RATING_REQUIRED,NO,"Global Native08 identity search found no safe match; identity/contract evidence complete, but no reviewed native rating row exists",https://www.transfermarkt.de/gaziantep-fk/kader/verein/2832/saison_id/2026/plus/1,81446f340c520f2c5aff4253c251edc727d259530fe5221a6b24ee6cfb9e01e1,2026-09-12
TUR1,Gaziantep FK,2832,3145773,Taha Güneş,1048119,2006-01-01,20,Offensives Mittelfeld,-,2025-05-05,2027-06-30,Türkei,VERIFIED_NONMATCH,YES,CREATE_EVIDENCE_RATING_REQUIRED,NO,"Global Native08 identity search found no safe match; identity/contract evidence complete, but no reviewed native rating row exists",https://www.transfermarkt.de/gaziantep-fk/kader/verein/2832/saison_id/2026/plus/1,81446f340c520f2c5aff4253c251edc727d259530fe5221a6b24ee6cfb9e01e1,2026-09-12
TUR1,Kasimpasa,10484,3145843,Muhammed Emin Bektaş,1315482,2006-07-01,20,Mittelstürmer,99,2026-08-08,2030-06-30,Türkei,VERIFIED_NONMATCH,YES,CREATE_EVIDENCE_RATING_REQUIRED,NO,"Global Native08 identity search found no safe match; identity/contract evidence complete, but no reviewed native rating row exists",https://www.transfermarkt.de/kasimpasa/kader/verein/10484/saison_id/2026/plus/1,c67384cb86e5ab0489a71469deab8847f74c6c6c97729fe8853bfdf343f41060,2026-09-12
TUR1,Samsunspor,152,3145745,Mustafa Tan,1161013,2005-04-27,21,Rechter Verteidiger,29,2023-12-04,2028-06-30,Türkei,VERIFIED_NONMATCH,YES,CREATE_EVIDENCE_RATING_REQUIRED,NO,"Global Native08 identity search found no safe match; identity/contract evidence complete, but no reviewed native rating row exists",https://www.transfermarkt.de/samsunspor/kader/verein/152/saison_id/2026/plus/1,4e99640342d6c03de82a839147f9c53a0cc4bc14523c727d2894fc2df5432171,2026-09-12
CZE1,FC Zbrojovka Brünn,5225,786447,Colin Andrew,943864,2004-02-25,22,Torwart,30,2026-02-11,,Tschechien Nigeria,VERIFIED_NONMATCH,NO,CREATE_PROFILE_FIELDS_REQUIRED,NO,Global Native08 identity search found no safe match; nationality or contract evidence remains incomplete,https://www.transfermarkt.de/fc-zbrojovka-brunn/kader/verein/5225/saison_id/2026/plus/1,1aeecf841a85ad9d35469b9ba37af49f38aee1b2e160fdd7ebc2df04f3863d83,2026-09-12
CZE1,FK Mlada Boleslav,5546,786434,Bolu Ogungbayi,1048442,2004-05-16,22,Mittelstürmer,90,2026-02-12,,Nigeria,VERIFIED_NONMATCH,NO,CREATE_PROFILE_FIELDS_REQUIRED,NO,Global Native08 identity search found no safe match; nationality or contract evidence remains incomplete,https://www.transfermarkt.de/fk-mlada-boleslav/kader/verein/5546/saison_id/2026/plus/1,5a8600e42926651e56482ac4dac8c6e5e0e3e1754eacf142566e811f0e9bca53,2026-09-12
CZE1,FK Mlada Boleslav,5546,786434,Dominik Mares,941029,2003-02-03,23,Rechtes Mittelfeld,24,2025-01-10,,Tschechien,VERIFIED_NONMATCH,NO,CREATE_PROFILE_FIELDS_REQUIRED,NO,Global Native08 identity search found no safe match; nationality or contract evidence remains incomplete,https://www.transfermarkt.de/fk-mlada-boleslav/kader/verein/5546/saison_id/2026/plus/1,5a8600e42926651e56482ac4dac8c6e5e0e3e1754eacf142566e811f0e9bca53,2026-09-12
CZE1,FK Mlada Boleslav,5546,786434,Jan Jinoch,1166018,2006-05-02,20,Rechtsaußen,41,2025-07-29,,Tschechien,VERIFIED_NONMATCH,NO,CREATE_PROFILE_FIELDS_REQUIRED,NO,Global Native08 identity search found no safe match; nationality or contract evidence remains incomplete,https://www.transfermarkt.de/fk-mlada-boleslav/kader/verein/5546/saison_id/2026/plus/1,5a8600e42926651e56482ac4dac8c6e5e0e3e1754eacf142566e811f0e9bca53,2026-09-12
CZE1,FK Pardubice,1496,790538,Martin Reil,1143628,2006-05-05,20,Rechtsaußen,27,2025-07-01,,Tschechien,VERIFIED_NONMATCH,NO,CREATE_PROFILE_FIELDS_REQUIRED,NO,Global Native08 identity search found no safe match; nationality or contract evidence remains incomplete,https://www.transfermarkt.de/fk-pardubice/kader/verein/1496/saison_id/2026/plus/1,ff994ed3554101d4e2a5377d206e013ac142ca4f73f68a0c406e2cc0d305e0ef,2026-09-12
CZE1,FK Pardubice,1496,790538,Mouhamed Tidjane Traore,1063475,2003-03-21,23,Innenverteidiger,21,2026-07-01,,Elfenbeinküste,VERIFIED_NONMATCH,NO,CREATE_PROFILE_FIELDS_REQUIRED,NO,Global Native08 identity search found no safe match; nationality or contract evidence remains incomplete,https://www.transfermarkt.de/fk-pardubice/kader/verein/1496/saison_id/2026/plus/1,ff994ed3554101d4e2a5377d206e013ac142ca4f73f68a0c406e2cc0d305e0ef,2026-09-12
CZE1,SK Sigma Olmütz,2311,786439,John Paul Dembe,1111684,2005-07-03,21,Mittelstürmer,17,2026-01-18,,Uganda,VERIFIED_NONMATCH,NO,CREATE_PROFILE_FIELDS_REQUIRED,NO,Global Native08 identity search found no safe match; nationality or contract evidence remains incomplete,https://www.transfermarkt.de/sk-sigma-olmutz/kader/verein/2311/saison_id/2026/plus/1,c61d1f22a4e21ac99834db236d5c613fdf98db28632452029778a0c82954b875,2026-09-12
BEL1,KV Mechelen,354,458787,Malcolm Lohunanu-Mbasi,1318352,2008-05-11,18,Mittelstürmer,19,2026-07-01,2028-06-30,Belgien,POSSIBLE_NATIVE_CANDIDATE,YES,CREATE_READY_NATIVE_ACTION_REQUIRED,NO,Global zero-duplicate proof and source fields are complete; native creation action remains required,https://www.transfermarkt.de/kv-mechelen/kader/verein/354/saison_id/2026/plus/1,def54d86d9d3b7a97807ef82c6b867bdf78c5b32694c9ea844fc271b85c916a5,2026-09-12
BEL1,Lommel SK,5026,458783,Djordje Gordic,858324,2004-11-05,21,Zentrales Mittelfeld,22,2023-01-03,2027-06-30,Serbien,VERIFIED_NONMATCH,YES,CREATE_READY_NATIVE_ACTION_REQUIRED,NO,Global zero-duplicate proof and source fields are complete; native creation action remains required,https://www.transfermarkt.de/lommel-sk/kader/verein/5026/saison_id/2026/plus/1,9ff756a9f65fb1a83d753e141d2c89530fd8a9311bba2096f5846c718c381d8a,2026-09-12
BEL1,Royal Antwerpen FC,1096,458785,Mukhammadali Urinboev,763090,2005-04-24,21,Rechtsaußen,19,2025-07-07,2029-06-30,Usbekistan,POSSIBLE_NATIVE_CANDIDATE,YES,CREATE_READY_NATIVE_ACTION_REQUIRED,NO,Global zero-duplicate proof and source fields are complete; native creation action remains required,https://www.transfermarkt.de/royal-antwerpen-fc/kader/verein/1096/saison_id/2026/plus/1,eb2b5eea86d19deaf123189c966bf44bae4a2d94614134be4d229233c58d37aa,2026-09-12
CZE1,1.FC Slovacko,5544,786461,Gibril Sosseh,1372149,2007-01-01,19,Zentrales Mittelfeld,16,2026-07-31,2027-06-30,Gambia,VERIFIED_NONMATCH,YES,CREATE_READY_NATIVE_ACTION_REQUIRED,NO,Global zero-duplicate proof and source fields are complete; native creation action remains required,https://www.transfermarkt.de/1-fc-slovacko/kader/verein/5544/saison_id/2026/plus/1,42dab36a10cfd13d442ece1bb7499f652fac54d38b8eba2248452673a53bcacf,2026-09-12
CZE1,Bohemians Prag 1905,715,786453,Samuel Obinaya,1237999,2005-08-28,21,Zentrales Mittelfeld,-,2026-08-21,2027-06-30,Ukraine,VERIFIED_NONMATCH,YES,CREATE_READY_NATIVE_ACTION_REQUIRED,NO,Global zero-duplicate proof and source fields are complete; native creation action remains required,https://www.transfermarkt.de/bohemians-prag-1905/kader/verein/715/saison_id/2026/plus/1,ebdb6624691ca6718b5ca6df413da8f706167c604575caed018b5bb2940716cb,2026-09-12
CZE1,FC Banik Ostrau,377,786446,Maksym Dyachuk,726014,2003-07-21,23,Innenverteidiger,16,2026-07-10,2027-06-30,Ukraine,VERIFIED_NONMATCH,YES,CREATE_READY_NATIVE_ACTION_REQUIRED,NO,Global zero-duplicate proof and source fields are complete; native creation action remains required,https://www.transfermarkt.de/fc-banik-ostrau/kader/verein/377/saison_id/2026/plus/1,3717000ca143110b9cff7bc66843b5e54104cdaa75d0e196220c4e77c8b4d611,2026-09-12
ESP1,Deportivo Alavés,1108,2949141,Jonny Otto,175446,1994-03-03,32,Rechter Verteidiger,17,2025-07-02,2027-06-30,Spanien,POSSIBLE_NATIVE_CANDIDATE,YES,CREATE_READY_NATIVE_ACTION_REQUIRED,NO,Global zero-duplicate proof and source fields are complete; native creation action remains required,https://www.transfermarkt.de/deportivo-alaves/kader/verein/1108/saison_id/2026/plus/1,06d4598c609cd72aa3bf8bb397dd9ae34b37f736115a6b54149329247d4b6814,2026-09-12
ESP1,FC Sevilla,368,2949138,Peque Fernández,639733,2002-10-04,23,Hängende Spitze,10,2024-07-11,2028-06-30,Spanien,VERIFIED_NONMATCH,YES,CREATE_READY_NATIVE_ACTION_REQUIRED,NO,Global zero-duplicate proof and source fields are complete; native creation action remains required,https://www.transfermarkt.de/fc-sevilla/kader/verein/368/saison_id/2026/plus/1,3d82cb81b17e3c88b8c27f6603b222e965a349dcb68187b46e8ce65da5194abd,2026-09-12
FRA1,Paris Saint-Germain,583,1179663,Lucas Beraldo,872171,2003-11-24,22,Innenverteidiger,4,2024-01-01,2031-06-30,Brasilien,POSSIBLE_NATIVE_CANDIDATE,YES,CREATE_READY_NATIVE_ACTION_REQUIRED,NO,Global zero-duplicate proof and source fields are complete; native creation action remains required,https://www.transfermarkt.de/paris-saint-germain/kader/verein/583/saison_id/2026/plus/1,2452d2a339d5db63bfbc01cd73c713435dedf75dc1ae9d023fcd82491e789d9d,2026-09-12
POR1,Casa Pia AC,3268,2494469,Gabi,567516,2000-04-18,26,Zentrales Mittelfeld,8,2026-07-10,2029-06-30,Portugal,VERIFIED_NONMATCH,YES,CREATE_READY_NATIVE_ACTION_REQUIRED,NO,Global zero-duplicate proof and source fields are complete; native creation action remains required,https://www.transfermarkt.de/casa-pia-ac/kader/verein/3268/saison_id/2026/plus/1,a3e2a5277eff3871e27db7ef969d3905123f5c71aebb08128024f85e9a547b72,2026-09-12
POR1,FC Famalicão,3329,2490398,Georgios Koutsias,724039,2004-02-08,22,Mittelstürmer,70,2026-07-24,2031-06-30,Griechenland,VERIFIED_NONMATCH,YES,CREATE_READY_NATIVE_ACTION_REQUIRED,NO,Global zero-duplicate proof and source fields are complete; native creation action remains required,https://www.transfermarkt.de/fc-famalicao/kader/verein/3329/saison_id/2026/plus/1,52ed6f3f188fcbdc2398a013bd0aa1005388801741871711df5ab62761c66f72,2026-09-12
POR1,FC Famalicão,3329,2490398,Pato,1150372,2004-02-17,22,Mittelstürmer,33,2026-09-02,2027-06-30,Mexiko,VERIFIED_NONMATCH,YES,CREATE_READY_NATIVE_ACTION_REQUIRED,NO,Global zero-duplicate proof and source fields are complete; native creation action remains required,https://www.transfermarkt.de/fc-famalicao/kader/verein/3329/saison_id/2026/plus/1,52ed6f3f188fcbdc2398a013bd0aa1005388801741871711df5ab62761c66f72,2026-09-12
POR1,GD Estoril Praia,1465,2490386,Israel Salazar,634430,2003-05-10,23,Mittelstürmer,38,2024-08-15,2028-06-30,Spanien,POSSIBLE_NATIVE_CANDIDATE,YES,CREATE_READY_NATIVE_ACTION_REQUIRED,NO,Global zero-duplicate proof and source fields are complete; native creation action remains required,https://www.transfermarkt.de/gd-estoril-praia/kader/verein/1465/saison_id/2026/plus/1,1f4451857a09faf4bc5a12d1790c126a29e1c7346930e118c1c73d3f15c8f2d8,2026-09-12
POR1,Moreirense FC,979,2490377,Alexandre Parsemain,811432,2003-05-27,23,Mittelstürmer,9,2026-07-02,2030-06-30,Martinique Frankreich,VERIFIED_NONMATCH,YES,CREATE_READY_NATIVE_ACTION_REQUIRED,NO,Global zero-duplicate proof and source fields are complete; native creation action remains required,https://www.transfermarkt.de/moreirense-fc/kader/verein/979/saison_id/2026/plus/1,9aa16aff197b371e36892b5321c0c1db769f09802a8338c111eb56304e7798bc,2026-09-12
POR1,SC Braga,1075,2490374,Gorby,631404,2002-07-25,24,Zentrales Mittelfeld,29,2021-12-01,2028-06-30,Frankreich Haiti,POSSIBLE_NATIVE_CANDIDATE,YES,CREATE_READY_NATIVE_ACTION_REQUIRED,NO,Global zero-duplicate proof and source fields are complete; native creation action remains required,https://www.transfermarkt.de/sc-braga/kader/verein/1075/saison_id/2026/plus/1,a179610f71e6ea7b41b62a1d2448a6aa9ceac20ea3d9356ad08e919d3506e2a7,2026-09-12
POR1,Sporting Lissabon,336,2490382,Georgios Vagiannidis,546186,2001-09-12,24,Rechter Verteidiger,13,2025-08-06,2030-06-30,Griechenland,POSSIBLE_NATIVE_CANDIDATE,YES,CREATE_READY_NATIVE_ACTION_REQUIRED,NO,Global zero-duplicate proof and source fields are complete; native creation action remains required,https://www.transfermarkt.de/sporting-lissabon/kader/verein/336/saison_id/2026/plus/1,fce120a2b046675218521683927dd5d73c66a22ed96ac121140956eb3bee30ba,2026-09-12
TUR1,Alanyaspor,11282,3145783,Mahmut Can Kara,1175619,2006-01-01,20,Torwart,-,2026-07-01,2028-06-30,Türkei,VERIFIED_NONMATCH,YES,CREATE_READY_NATIVE_ACTION_REQUIRED,NO,Global zero-duplicate proof and source fields are complete; native creation action remains required,https://www.transfermarkt.de/alanyaspor/kader/verein/11282/saison_id/2026/plus/1,433f3e66ff8083db45d3eda79b081cc9c234137060d5070be407da48d877ae43,2026-09-12
TUR1,Basaksehir FK,6890,3145841,Abbosbek Fayzullaev,754037,2003-10-03,22,Rechtsaußen,11,2025-07-30,2030-06-30,Usbekistan,POSSIBLE_NATIVE_CANDIDATE,YES,CREATE_READY_NATIVE_ACTION_REQUIRED,NO,Global zero-duplicate proof and source fields are complete; native creation action remains required,https://www.transfermarkt.de/basaksehir-fk/kader/verein/6890/saison_id/2026/plus/1,ce3135bc2b2b9daa2d2bea05e7e218c5933214f172404552d071997b77f3b230,2026-09-12
TUR1,Genclerbirligi Ankara,820,3145836,Ousmane Diabate,1489506,2007-09-24,18,Defensives Mittelfeld,42,2026-08-26,2027-06-30,Guinea,VERIFIED_NONMATCH,YES,CREATE_READY_NATIVE_ACTION_REQUIRED,NO,Global zero-duplicate proof and source fields are complete; native creation action remains required,https://www.transfermarkt.de/genclerbirligi-ankara/kader/verein/820/saison_id/2026/plus/1,9fb824ef54d8cf6c84b7b150acc7ac82c0b5fa7fc8222f7f3c24c366e83db062,2026-09-12
TUR1,Göztepe,1467,3145820,Juan,662332,2002-03-07,24,Mittelstürmer,9,2025-08-25,2029-06-30,Brasilien,POSSIBLE_NATIVE_CANDIDATE,YES,CREATE_READY_NATIVE_ACTION_REQUIRED,NO,Global zero-duplicate proof and source fields are complete; native creation action remains required,https://www.transfermarkt.de/goztepe/kader/verein/1467/saison_id/2026/plus/1,7e750ea20c17f8114b86f2de82ca9a2830fe95988c05d73fe5e72a2f70c29e0f,2026-09-12
ENG1,Aston Villa,405,917506,Alysson,1005583,2006-05-05,20,Rechtsaußen,47,2026-01-01,2031-06-30,Brasilien,UNVERIFIED_NONMATCH,YES,EXPLICIT_PREREQUISITE_BLOCKER,NO,Two prior identity/profile attempts completed; unresolved prerequisite: IDENTITY_AMBIGUITY_FUZZY_CANDIDATE,https://www.transfermarkt.de/aston-villa/kader/verein/405/saison_id/2026/plus/1,66b9b7fdd741084e821d291249f5bdc0fe382243be248d861c1137a95e82f15d,2026-09-12
ENG1,Brentford,1148,917569,El Hadji Malick Diouf,1111589,2004-12-29,21,Linker Verteidiger,25,2026-08-28,2031-06-30,Senegal,UNVERIFIED_NONMATCH,YES,EXPLICIT_PREREQUISITE_BLOCKER,NO,Two prior identity/profile attempts completed; unresolved prerequisite: IDENTITY_AMBIGUITY_DUPLICATE_REVIEW_LEAD,https://www.transfermarkt.de/fc-brentford/kader/verein/1148/saison_id/2026/plus/1,98977ec56621e787ba2b89973d53a14e8f3ee796ba25d92646304551ba9c96fa,2026-09-12
ENG1,Chelsea,631,917513,Gabriel Slonina,656316,2004-05-15,22,Torwart,44,2022-08-02,2028-06-30,Vereinigte Staaten Polen,UNVERIFIED_NONMATCH,YES,EXPLICIT_PREREQUISITE_BLOCKER,NO,Two prior identity/profile attempts completed; unresolved prerequisite: IDENTITY_AMBIGUITY_DUPLICATE_REVIEW_LEAD,https://www.transfermarkt.de/fc-chelsea/kader/verein/631/saison_id/2026/plus/1,654f4cd4c0ce8c73da8a919c8a23c05e00fc473650df3999c3441d42c128ae64,2026-09-12
ENG1,Hull City,3008,917532,Matt Targett,250478,1995-09-18,30,Linker Verteidiger,23,2026-07-23,2028-06-30,England Schottland,UNVERIFIED_NONMATCH,YES,EXPLICIT_PREREQUISITE_BLOCKER,NO,Two prior identity/profile attempts completed; unresolved prerequisite: IDENTITY_AMBIGUITY_DUPLICATE_REVIEW_LEAD | IDENTITY_AMBIGUITY_FUZZY_CANDIDATE,https://www.transfermarkt.de/hull-city/kader/verein/3008/saison_id/2026/plus/1,95d27e3b77eef2306101f2b6eab92a02d56308a31e0d34299be2fa82dcf331db,2026-09-12
ENG1,Tottenham Hotspur,148,917514,Sávio,743591,2004-04-10,22,Linksaußen,17,2026-08-25,2031-06-30,Brasilien,UNVERIFIED_NONMATCH,YES,EXPLICIT_PREREQUISITE_BLOCKER,NO,Two prior identity/profile attempts completed; unresolved prerequisite: IDENTITY_AMBIGUITY_FUZZY_CANDIDATE,https://www.transfermarkt.de/tottenham-hotspur/kader/verein/148/saison_id/2026/plus/1,007fc11048dc50b4cfd2c580b82958bb7cc02f984af0af71c4079e53b5c71390,2026-09-12
GER3,SC Fortuna Köln,92,1376444,David Kamm Al-Azzawe,122268,1992-06-05,34,Innenverteidiger,15,2025-07-01,2027-06-30,Irak Deutschland,UNVERIFIED_NONMATCH,YES,EXPLICIT_PREREQUISITE_BLOCKER,NO,Two prior identity/profile attempts completed; unresolved prerequisite: IDENTITY_AMBIGUITY_DUPLICATE_REVIEW_LEAD | IDENTITY_AMBIGUITY_FUZZY_CANDIDATE,https://www.transfermarkt.de/sc-fortuna-koln/kader/verein/92/saison_id/2026/plus/1,c255b2b753fa967f4c2eb7cdee0e0a6e7bb7b0e3c371fdcdfc7a8694476b2be0,2026-09-12
ESP1,Deportivo Alavés,1108,2949141,Carlos Protesoni,431190,1998-03-30,28,Defensives Mittelfeld,23,2022-07-01,2028-06-30,Uruguay Italien,POSSIBLE_NATIVE_CANDIDATE,YES,IDENTITY_CANDIDATE_REVIEW,NO,Native candidate 283828 must be resolved before player creation,https://www.transfermarkt.de/deportivo-alaves/kader/verein/1108/saison_id/2026/plus/1,06d4598c609cd72aa3bf8bb397dd9ae34b37f736115a6b54149329247d4b6814,2026-09-12
FRA1,FC Stade Rennes,273,1179656,Mousa Al-Tamari,551505,1997-06-10,29,Rechtsaußen,11,2025-02-03,2028-06-30,Jordanien,POSSIBLE_NATIVE_CANDIDATE,YES,IDENTITY_CANDIDATE_REVIEW,NO,Native candidate 292155 must be resolved before player creation,https://www.transfermarkt.de/fc-stade-rennes/kader/verein/273/saison_id/2026/plus/1,00eacc4de7646d87b15affe96598d94d3f9f10626f41f9831e67065e98b85395,2026-09-12
FRA1,Le Havre AC,738,1179681,Mbwana Samatta,182201,1992-12-23,33,Mittelstürmer,25,2025-08-05,2027-06-30,Tansania,POSSIBLE_NATIVE_CANDIDATE,YES,IDENTITY_CANDIDATE_REVIEW,NO,Native candidate 290015 must be resolved before player creation,https://www.transfermarkt.de/le-havre-ac/kader/verein/738/saison_id/2026/plus/1,c689367405332b2d53df382c7e86172b8f1c4f1721cf694d45fd4f70cea2659b,2026-09-12
ITA1,US Lecce,1005,1769483,Gaspar,836441,1997-09-27,28,Innenverteidiger,4,2024-07-01,2027-06-30,Angola,POSSIBLE_NATIVE_CANDIDATE,YES,IDENTITY_CANDIDATE_REVIEW,NO,Native candidate 287096 must be resolved before player creation,https://www.transfermarkt.de/us-lecce/kader/verein/1005/saison_id/2026/plus/1,f70b73ab0beef18f4707e1b846172f928bd484c8e6abc3aab35570487739b4bc,2026-09-12
POR1,FC Famalicão,3329,2490398,Léo Realpe,656409,2001-02-26,25,Innenverteidiger,3,2025-07-01,2029-06-30,Ecuador,POSSIBLE_NATIVE_CANDIDATE,YES,IDENTITY_CANDIDATE_REVIEW,NO,Native candidate 287688 must be resolved before player creation,https://www.transfermarkt.de/fc-famalicao/kader/verein/3329/saison_id/2026/plus/1,52ed6f3f188fcbdc2398a013bd0aa1005388801741871711df5ab62761c66f72,2026-09-12
POR1,Gil Vicente FC,2424,2490375,Buatu,137313,1993-09-27,32,Innenverteidiger,39,2024-01-25,2028-06-30,Angola Belgien,POSSIBLE_NATIVE_CANDIDATE,YES,IDENTITY_CANDIDATE_REVIEW,NO,Native candidate 287211 must be resolved before player creation,https://www.transfermarkt.de/gil-vicente-fc/kader/verein/2424/saison_id/2026/plus/1,e615ed113cbf0012df4490859c154266a50a72247c7f67c260f2f4ab6c49e4d1,2026-09-12
POR1,Sporting Lissabon,336,2490382,Maxi Araújo,572675,2000-02-15,26,Linker Verteidiger,20,2024-08-27,2030-06-30,Uruguay,POSSIBLE_NATIVE_CANDIDATE,YES,IDENTITY_CANDIDATE_REVIEW,NO,Native candidate 286412 must be resolved before player creation,https://www.transfermarkt.de/sporting-lissabon/kader/verein/336/saison_id/2026/plus/1,fce120a2b046675218521683927dd5d73c66a22ed96ac121140956eb3bee30ba,2026-09-12
TUR1,Göztepe,1467,3145820,Tino Anjorin,433181,2001-11-23,24,Zentrales Mittelfeld,18,2026-09-04,2027-06-30,England Nigeria,POSSIBLE_NATIVE_CANDIDATE,YES,IDENTITY_CANDIDATE_REVIEW,NO,Native candidate 200486 must be resolved before player creation,https://www.transfermarkt.de/goztepe/kader/verein/1467/saison_id/2026/plus/1,7e750ea20c17f8114b86f2de82ca9a2830fe95988c05d73fe5e72a2f70c29e0f,2026-09-12
ENG1,AFC Bournemouth,989,917553,Juanlu Sánchez,676042,2003-08-15,23,Rechter Verteidiger,24,2026-08-06,,,UNVERIFIED_NONMATCH,NO,IDENTITY_SEARCH_REQUIRED,NO,Native08 nonmatch has not passed the two-step global identity review,https://www.transfermarkt.de/afc-bournemouth/kader/verein/989/saison_id/2026/plus/1,147ac73d9a94a634b365ebf6ee82ee4655d46b0d4aa0cba07b481ccc27a62359,2026-09-12
ENG1,AFC Bournemouth,989,917553,Junior Kroupi,955357,2006-06-23,20,Mittelstürmer,22,2025-02-03,2030-06-30,,UNVERIFIED_NONMATCH,NO,IDENTITY_SEARCH_REQUIRED,NO,Native08 nonmatch has not passed the two-step global identity review,https://www.transfermarkt.de/afc-bournemouth/kader/verein/989/saison_id/2026/plus/1,147ac73d9a94a634b365ebf6ee82ee4655d46b0d4aa0cba07b481ccc27a62359,2026-09-12
ENG1,Arsenal,11,917505,Ben White,335721,1997-10-08,28,Rechter Verteidiger,4,2021-07-30,2028-06-30,,UNVERIFIED_NONMATCH,NO,IDENTITY_SEARCH_REQUIRED,NO,Native08 nonmatch has not passed the two-step global identity review,https://www.transfermarkt.de/fc-arsenal/kader/verein/11/saison_id/2026/plus/1,0a651bf929057db7f1dbbe4529cc7f612bb8971a26a0e97c6367450f71960375,2026-09-12
ENG1,Brighton & Hove Albion,1237,917529,Tom McGill,406556,2000-03-25,26,Torwart,38,2022-07-29,2027-06-30,,UNVERIFIED_NONMATCH,NO,IDENTITY_SEARCH_REQUIRED,NO,Native08 nonmatch has not passed the two-step global identity review,https://www.transfermarkt.de/brighton-hove-albion/kader/verein/1237/saison_id/2026/plus/1,f2cf90d26295bb03b7a9f88ddd237a671bfa8ea7b8601dc2dd42f6c052d76dbc,2026-09-12
ENG1,Chelsea,631,917513,Emmanuel Emegha,559328,2003-02-03,23,Mittelstürmer,22,2026-07-01,2033-06-30,,UNVERIFIED_NONMATCH,NO,IDENTITY_SEARCH_REQUIRED,NO,Native08 nonmatch has not passed the two-step global identity review,https://www.transfermarkt.de/fc-chelsea/kader/verein/631/saison_id/2026/plus/1,654f4cd4c0ce8c73da8a919c8a23c05e00fc473650df3999c3441d42c128ae64,2026-09-12
ENG1,Leeds United,399,917545,Ilia Gruev,381753,2000-05-06,26,Defensives Mittelfeld,44,2023-08-31,2027-06-30,,UNVERIFIED_NONMATCH,NO,IDENTITY_SEARCH_REQUIRED,NO,Native08 nonmatch has not passed the two-step global identity review,https://www.transfermarkt.de/leeds-united/kader/verein/399/saison_id/2026/plus/1,8641181efead6b745e037ec49edb34f1c7ca3a066d41825076ee3196fb4eedd5,2026-09-12
ENG1,Manchester City,281,917518,Iliman Ndiaye,623570,2000-03-06,26,Linksaußen,7,2026-09-01,2031-06-30,,UNVERIFIED_NONMATCH,NO,IDENTITY_SEARCH_REQUIRED,NO,Native08 nonmatch has not passed the two-step global identity review,https://www.transfermarkt.de/manchester-city/kader/verein/281/saison_id/2026/plus/1,480dc31ff14f1e9821d8a65e16c6d82796ba24da1b92e06c4904603842d4bf05,2026-09-12
ENG1,Sunderland,289,917524,Reinildo Mandava,240692,1994-01-21,32,Linker Verteidiger,17,2025-07-08,2027-06-30,,UNVERIFIED_NONMATCH,NO,IDENTITY_SEARCH_REQUIRED,NO,Native08 nonmatch has not passed the two-step global identity review,https://www.transfermarkt.de/afc-sunderland/kader/verein/289/saison_id/2026/plus/1,bd74ae0019b88eeaf201f5b09382a2f264e6feab18e637371f9e43576b711509,2026-09-12
GER1,1. FSV Mainz 05,39,1376259,Phillipp Mwene,127573,1994-01-29,32,Linker Verteidiger,2,2023-08-23,,,UNVERIFIED_NONMATCH,NO,IDENTITY_SEARCH_REQUIRED,NO,Native08 nonmatch has not passed the two-step global identity review,https://www.transfermarkt.de/1-fsv-mainz-05/kader/verein/39/saison_id/2026/plus/1,a0ac0e0c9eb47a3776e4e43c8257aa032114b35240aadb843dc1c757a5313de7,2026-09-12
GER1,Bayer 04 Leverkusen,15,1376261,Equi Fernández,664708,2002-07-25,24,Defensives Mittelfeld,6,2025-09-01,2030-06-30,,UNVERIFIED_NONMATCH,NO,IDENTITY_SEARCH_REQUIRED,NO,Native08 nonmatch has not passed the two-step global identity review,https://www.transfermarkt.de/bayer-04-leverkusen/kader/verein/15/saison_id/2026/plus/1,355a935f7561800deae1a58eea59105fd8753e003beced3cff71c0acbf734e7f,2026-09-12
GER1,Borussia Mönchengladbach,18,1376263,Yukhym Konoplya,467250,1999-08-26,27,Rechter Verteidiger,22,2026-07-01,2029-06-30,,UNVERIFIED_NONMATCH,NO,IDENTITY_SEARCH_REQUIRED,NO,Native08 nonmatch has not passed the two-step global identity review,https://www.transfermarkt.de/borussia-monchengladbach/kader/verein/18/saison_id/2026/plus/1,93aeb3d082cba6ceafd5d994cd6c62a394304bd2c6b1a3d5db6e9a807ca2f1d1,2026-09-12
GER1,FC Augsburg,167,1376431,Young-woo Seol,639414,1998-12-05,27,Rechter Verteidiger,7,2026-08-27,2030-06-30,,UNVERIFIED_NONMATCH,NO,IDENTITY_SEARCH_REQUIRED,NO,Native08 nonmatch has not passed the two-step global identity review,https://www.transfermarkt.de/fc-augsburg/kader/verein/167/saison_id/2026/plus/1,323d986d5d073658ccfd8af3d4978da6e4a9845c0cdcce47798096a26f016833,2026-09-12
GER2,1. FC Nürnberg,4,1376258,Alexios Kalogeropoulos,735354,2004-07-26,22,Innenverteidiger,4,2026-07-01,2030-06-30,,UNVERIFIED_NONMATCH,NO,IDENTITY_SEARCH_REQUIRED,NO,Native08 nonmatch has not passed the two-step global identity review,https://www.transfermarkt.de/1-fc-nurnberg/kader/verein/4/saison_id/2026/plus/1,1d02eebfb6b905a4b771fed6091258b15847c4bfb1b6d4bd643980220ba21ebd,2026-09-12
GER2,1. FC Nürnberg,4,1376258,Can Moustfa,696026,2004-11-19,21,Linksaußen,28,2026-07-01,,,UNVERIFIED_NONMATCH,NO,IDENTITY_SEARCH_REQUIRED,NO,Native08 nonmatch has not passed the two-step global identity review,https://www.transfermarkt.de/1-fc-nurnberg/kader/verein/4/saison_id/2026/plus/1,1d02eebfb6b905a4b771fed6091258b15847c4bfb1b6d4bd643980220ba21ebd,2026-09-12
GER2,SV Darmstadt 98,105,1376442,Fynn Lakenmacher,528856,2000-05-10,26,Mittelstürmer,19,2024-07-01,2027-06-30,,UNVERIFIED_NONMATCH,NO,IDENTITY_SEARCH_REQUIRED,NO,Native08 nonmatch has not passed the two-step global identity review,https://www.transfermarkt.de/sv-darmstadt-98/kader/verein/105/saison_id/2026/plus/1,807e79c80e44c91b1d4926d0fb6534a3276b98489473cc35d4238a5a660a95f9,2026-09-12
GER3,FC Ingolstadt 04,4795,1376315,Joseph Ganda,456929,1997-03-10,29,Linksaußen,16,2026-07-23,2027-06-30,,UNVERIFIED_NONMATCH,NO,IDENTITY_SEARCH_REQUIRED,NO,Native08 nonmatch has not passed the two-step global identity review,https://www.transfermarkt.de/fc-ingolstadt-04/kader/verein/4795/saison_id/2026/plus/1,9602267b250c0007efa439f83a79d1bdd5376932fbafd7a4fc5bf6bcd1c6cbc5,2026-09-12
GER3,SC Preußen Münster,91,1376419,Samuel Althaus,1014942,2006-01-10,20,Zentrales Mittelfeld,44,2026-08-05,2029-06-30,,UNVERIFIED_NONMATCH,NO,IDENTITY_SEARCH_REQUIRED,NO,Native08 nonmatch has not passed the two-step global identity review,https://www.transfermarkt.de/preussen-munster/kader/verein/91/saison_id/2026/plus/1,358c233225c0f06e8cc0ea5bfec52949f3501471b53e29edc807611cd04332ae,2026-09-12
GER3,SV Waldhof Mannheim 07,85,1376301,Leroy Mickels,191426,1995-06-25,31,Linksaußen,23,2026-07-22,2028-06-30,,UNVERIFIED_NONMATCH,NO,IDENTITY_SEARCH_REQUIRED,NO,Native08 nonmatch has not passed the two-step global identity review,https://www.transfermarkt.de/sv-waldhof-mannheim/kader/verein/85/saison_id/2026/plus/1,34e998eba6b950fe72d328e27cb46b4a4d1c4b3c218c58557f9db9a44925ae39,2026-09-12
GER3,TSV Havelse 1912,476,1376539,Jesse Tugbenyo,565118,2001-08-07,25,Zentrales Mittelfeld,33,2026-07-03,2027-06-30,,UNVERIFIED_NONMATCH,NO,IDENTITY_SEARCH_REQUIRED,NO,Native08 nonmatch has not passed the two-step global identity review,https://www.transfermarkt.de/tsv-havelse/kader/verein/476/saison_id/2026/plus/1,b4490298444b6e31458c6e927b4ab3fff5378977e083c471be7a43b9938c0f59,2026-09-12
GER3,TSV Havelse 1912,476,1376539,Kwasi Wriedt,154819,1994-07-10,32,Mittelstürmer,11,2026-07-03,2027-06-30,,UNVERIFIED_NONMATCH,NO,IDENTITY_SEARCH_REQUIRED,NO,Native08 nonmatch has not passed the two-step global identity review,https://www.transfermarkt.de/tsv-havelse/kader/verein/476/saison_id/2026/plus/1,b4490298444b6e31458c6e927b4ab3fff5378977e083c471be7a43b9938c0f59,2026-09-12
GER3,TSV Havelse 1912,476,1376539,Leon Sommer-Deiss,477578,2001-03-10,25,Rechter Verteidiger,22,2025-07-01,2027-06-30,,UNVERIFIED_NONMATCH,NO,IDENTITY_SEARCH_REQUIRED,NO,Native08 nonmatch has not passed the two-step global identity review,https://www.transfermarkt.de/tsv-havelse/kader/verein/476/saison_id/2026/plus/1,b4490298444b6e31458c6e927b4ab3fff5378977e083c471be7a43b9938c0f59,2026-09-12
