fm_id,fifa_id,dob,old_club_id,new_club_id,joined,contract_until,shirt_number,team_type,status,source,source_sha256,snapshot_date,loan_owner_club_id,loan_end,action,previous_loan_owner_club_id,previous_loan_start,previous_loan_end,previous_loan_buy_option,acquisition_seller_club_id,acquisition_event_key,acquisition_date,acquisition_source,acquisition_source_sha256,protected_condition_type,protected_condition_param0,protected_condition_param1,protected_condition_param2,protected_condition_param3,protected_condition_param4
6319,244344,1996-08-24,720903,1376258,2024-07-01,2026-06-30,21,FIRST,CONFIRMED,https://www.transfermarkt.de/1-fc-nurnberg/kader/verein/4/saison_id/2026/plus/1,1d02eebfb6b905a4b771fed6091258b15847c4bfb1b6d4bd643980220ba21ebd,2026-09-12,0,,MOVE_PRESERVE_METADATA,0,,,0,0,,,,,,,,,,
6440,0,2001-08-20,720907,458788,2026-07-01,2027-06-30,97,FIRST,CONFIRMED,https://www.transfermarkt.de/sk-beveren/kader/verein/28643/saison_id/2026/plus/1,7bd09a7ce8449fd8a09e77af941f3d0069233ed39a454f5073c6ab7bfe083ae7,2026-09-12,720907,2027-06-30,SQUAD,0,,,0,0,,,,,,,,,,
11201,247345,1999-04-18,786438,790564,2021-07-01,2027-06-30,2,FIRST,CONFIRMED,https://www.transfermarkt.de/sk-artis-brunn/kader/verein/24325/saison_id/2026/plus/1,587a867b1b6398028de49094330bc2934f1e7245d3ee79f2003e9ffe6410ac9f,2026-09-12,0,,MOVE_PRESERVE_METADATA,0,,,0,0,,,,,,,,,,
11258,0,2004-01-23,790540,786447,2021-07-01,2026-06-30,26,FIRST,CONFIRMED,https://www.transfermarkt.de/fc-zbrojovka-brunn/kader/verein/5225/saison_id/2026/plus/1,1aeecf841a85ad9d35469b9ba37af49f38aee1b2e160fdd7ebc2df04f3863d83,2026-09-12,0,,MOVE_PRESERVE_METADATA,0,,,0,0,,,,,,,,,,
11262,0,2004-08-20,790540,786446,2022-07-01,2026-06-30,4,FIRST,CONFIRMED,https://www.transfermarkt.de/fc-banik-ostrau/kader/verein/377/saison_id/2026/plus/1,3717000ca143110b9cff7bc66843b5e54104cdaa75d0e196220c4e77c8b4d611,2026-09-12,0,,MOVE_PRESERVE_METADATA,0,,,0,0,,,,,,,,,,
11317,263286,1992-04-21,786434,790538,2021-07-01,2027-06-30,27,FIRST,CONFIRMED,https://www.transfermarkt.de/fk-pardubice/kader/verein/1496/saison_id/2026/plus/1,ff994ed3554101d4e2a5377d206e013ac142ca4f73f68a0c406e2cc0d305e0ef,2026-09-12,0,,RESOLVE_EXPIRED_LOAN,786441,2025-07-01,2026-06-30,-1,0,,,,,,,,,,
11318,237317,1997-04-18,786434,786442,2025-07-01,2026-06-30,7,FIRST,CONFIRMED,https://www.transfermarkt.de/ac-sparta-prag/kader/verein/197/saison_id/2026/plus/1,6b74c895ae1857517e5325904312eb2643155a1ddb4be2ba7e884a9840dcea35,2026-09-12,0,,MOVE_PRESERVE_METADATA,0,,,0,0,,,,,,,,,,
11321,0,1994-04-26,786434,790564,2018-07-01,2026-06-30,11,FIRST,CONFIRMED,https://www.transfermarkt.de/sk-artis-brunn/kader/verein/24325/saison_id/2026/plus/1,587a867b1b6398028de49094330bc2934f1e7245d3ee79f2003e9ffe6410ac9f,2026-09-12,0,,MOVE_PRESERVE_METADATA,0,,,0,0,,,,,,,,,,
11324,0,2004-02-26,786434,786442,2022-07-01,2026-06-30,9,FIRST,CONFIRMED,https://www.transfermarkt.de/ac-sparta-prag/kader/verein/197/saison_id/2026/plus/1,6b74c895ae1857517e5325904312eb2643155a1ddb4be2ba7e884a9840dcea35,2026-09-12,0,,MOVE_PRESERVE_METADATA,0,,,0,0,,,,,,,,,,
11407,0,2002-09-23,786461,790564,2018-07-01,2029-06-30,31,FIRST,CONFIRMED,https://www.transfermarkt.de/sk-artis-brunn/kader/verein/24325/saison_id/2026/plus/1,587a867b1b6398028de49094330bc2934f1e7245d3ee79f2003e9ffe6410ac9f,2026-09-12,0,,MOVE_PRESERVE_METADATA,0,,,0,0,,,,,,,,,,
11473,0,2003-03-21,790532,790538,2025-07-01,2026-06-30,22,FIRST,CONFIRMED,https://www.transfermarkt.de/fk-pardubice/kader/verein/1496/saison_id/2026/plus/1,ff994ed3554101d4e2a5377d206e013ac142ca4f73f68a0c406e2cc0d305e0ef,2026-09-12,0,,MOVE_PRESERVE_METADATA,0,,,0,0,,,,,,,,,,
11479,0,2005-01-21,790532,786447,2025-07-01,2026-06-30,4,FIRST,CONFIRMED,https://www.transfermarkt.de/fc-zbrojovka-brunn/kader/verein/5225/saison_id/2026/plus/1,1aeecf841a85ad9d35469b9ba37af49f38aee1b2e160fdd7ebc2df04f3863d83,2026-09-12,0,,MOVE_PRESERVE_METADATA,0,,,0,0,,,,,,,,,,
11498,0,2005-01-04,790532,786461,2019-07-01,2026-06-30,3,RESERVE,CONFIRMED,https://www.transfermarkt.de/1-fc-slovacko/kader/verein/5544/saison_id/2026/plus/1,42dab36a10cfd13d442ece1bb7499f652fac54d38b8eba2248452673a53bcacf,2026-09-12,0,,MOVE_PRESERVE_METADATA,0,,,0,0,,,,,,,,,,
11503,0,2004-07-13,790532,786441,2025-07-01,2026-06-30,2,RESERVE,CONFIRMED,https://www.transfermarkt.de/sk-slavia-prag/kader/verein/62/saison_id/2026/plus/1,ab5b3ad613592069fe87ed798140f18d5a2969fea81a54ddd36b6738aad74f72,2026-09-12,0,,MOVE_PRESERVE_METADATA,0,,,0,0,,,,,,,,,,
11562,0,1998-02-15,790538,790564,2024-07-01,2026-06-30,4,FIRST,CONFIRMED,https://www.transfermarkt.de/sk-artis-brunn/kader/verein/24325/saison_id/2026/plus/1,587a867b1b6398028de49094330bc2934f1e7245d3ee79f2003e9ffe6410ac9f,2026-09-12,0,,MOVE_PRESERVE_METADATA,0,,,0,0,,,,,,,,,,
11574,0,2005-06-23,790538,786446,2024-07-01,2029-06-30,16,FIRST,CONFIRMED,https://www.transfermarkt.de/fc-banik-ostrau/kader/verein/377/saison_id/2026/plus/1,3717000ca143110b9cff7bc66843b5e54104cdaa75d0e196220c4e77c8b4d611,2026-09-12,0,,RESOLVE_EXPIRED_LOAN,786441,2025-07-01,2026-06-30,-1,0,,,,,,,,,,
11730,0,2005-10-11,790549,786434,2020-07-01,2027-06-30,70,FIRST,CONFIRMED,https://www.transfermarkt.de/fk-mlada-boleslav/kader/verein/5546/saison_id/2026/plus/1,5a8600e42926651e56482ac4dac8c6e5e0e3e1754eacf142566e811f0e9bca53,2026-09-12,0,,RESOLVE_EXPIRED_LOAN,786434,2025-07-01,2026-06-30,-1,0,,,,,,,,,,
11949,0,1999-08-20,786454,790564,2023-07-01,2026-06-30,14,FIRST,CONFIRMED,https://www.transfermarkt.de/sk-artis-brunn/kader/verein/24325/saison_id/2026/plus/1,587a867b1b6398028de49094330bc2934f1e7245d3ee79f2003e9ffe6410ac9f,2026-09-12,0,,MOVE_PRESERVE_METADATA,0,,,0,0,,,,,,,,,,
12221,0,2002-08-26,790563,786447,2025-07-01,2026-06-30,77,FIRST,CONFIRMED,https://www.transfermarkt.de/fc-zbrojovka-brunn/kader/verein/5225/saison_id/2026/plus/1,1aeecf841a85ad9d35469b9ba37af49f38aee1b2e160fdd7ebc2df04f3863d83,2026-09-12,0,,MOVE_PRESERVE_METADATA,0,,,0,0,,,,,,,,,,
12227,0,2006-02-17,790563,786447,2024-07-01,2027-06-30,7,FIRST,CONFIRMED,https://www.transfermarkt.de/fc-zbrojovka-brunn/kader/verein/5225/saison_id/2026/plus/1,1aeecf841a85ad9d35469b9ba37af49f38aee1b2e160fdd7ebc2df04f3863d83,2026-09-12,0,,RESOLVE_EXPIRED_LOAN,786447,2025-07-01,2026-06-30,-1,0,,,,,,,,,,
12466,0,2004-09-22,790599,786453,2025-07-01,2026-06-30,6,FIRST,CONFIRMED,https://www.transfermarkt.de/bohemians-prag-1905/kader/verein/715/saison_id/2026/plus/1,ebdb6624691ca6718b5ca6df413da8f706167c604575caed018b5bb2940716cb,2026-09-12,0,,MOVE_PRESERVE_METADATA,0,,,0,0,,,,,,,,,,
15607,183108,1987-03-31,8454145,2228241,2025-07-01,2026-06-30,11,FIRST,CONFIRMED,https://www.transfermarkt.de/fc-utrecht/kader/verein/200/saison_id/2026/plus/1,30172180fe0b90bafc4f2d8225a407eb91445c75b04c67bdb0bfe6d096d2e552,2026-09-12,0,,MOVE_PRESERVE_METADATA,0,,,0,0,,,,,,,,,,
15944,0,2006-01-25,8466434,2490393,2024-07-01,2029-06-30,35,RESERVE,CONFIRMED,https://www.transfermarkt.de/fc-alverca/kader/verein/2521/saison_id/2026/plus/1,7f5d01cde12ec5554a0cdae5ccc699031abd54d7e473e99ebf2c44e9a519b8ae,2026-09-12,0,,MOVE_PRESERVE_METADATA,0,,,0,0,,,,,,,,,,
16802,251323,2001-09-25,856113,1376539,2026-07-01,2028-06-30,30,FIRST,CONFIRMED,https://www.transfermarkt.de/tsv-havelse/kader/verein/476/saison_id/2026/plus/1,b4490298444b6e31458c6e927b4ab3fff5378977e083c471be7a43b9938c0f59,2026-09-12,856113,2027-06-30,SQUAD,0,,,0,0,,,,,,,,,,
22792,0,2007-10-16,8917251,1179667,2021-07-01,2026-06-30,14,FIRST,CONFIRMED,https://www.transfermarkt.de/racing-strassburg/kader/verein/667/saison_id/2026/plus/1,fccce58645fe78054a145422d6552e5063a2af42aa0162b26c1d373f842bfa0c,2026-09-12,0,,MOVE_PRESERVE_METADATA,0,,,0,0,,,,,,,,,,
23316,246340,2001-01-05,917513,917514,2026-09-01,2031-06-30,27,FIRST,CONFIRMED,https://www.transfermarkt.de/mykhaylo-mudryk/profil/spieler/537860,0b2b72c6b009136d2ed50d6cbf01e436297919590047c6bb538c772b68ebbf07,2026-09-12,917513,2027-06-30,PRESERVE_PROTECTED_SQUAD,0,,,0,0,,,,,7,0,2461223,0,0,0
23579,272612,2004-05-31,917529,1376555,2024-07-01,2028-06-30,8,FIRST,CONFIRMED,https://www.transfermarkt.de/rb-leipzig/kader/verein/23826/saison_id/2026/plus/1,97283d90f2a9e564bd064da4fa47fa71d7ad3661db6e1e1a6f768776682c54ff,2026-09-12,0,,MOVE_PRESERVE_METADATA,0,,,0,0,,,,,,,,,,
23756,246763,2002-01-18,917547,786442,2020-07-01,2026-06-30,26,FIRST,CONFIRMED,https://www.transfermarkt.de/ac-sparta-prag/kader/verein/197/saison_id/2026/plus/1,6b74c895ae1857517e5325904312eb2643155a1ddb4be2ba7e884a9840dcea35,2026-09-12,0,,MOVE_PRESERVE_METADATA,0,,,0,0,,,,,,,,,,
23757,258911,2000-11-23,917547,2228227,2026-07-01,2029-06-30,14,FIRST,CONFIRMED,https://www.transfermarkt.de/ajax-amsterdam/kader/verein/610/saison_id/2026/plus/1,f5e17e90fd0fa7a2962da880b80d3f5be8fc736c45ff9203a638be8e951725f8,2026-09-12,917547,2027-06-30,SQUAD,0,,,0,0,,,,,,,,,,
24129,250816,2001-01-09,917555,917538,2022-07-01,2026-06-30,11,FIRST,CONFIRMED,https://www.transfermarkt.de/ipswich-town/kader/verein/677/saison_id/2026/plus/1,27c77a20084b00ebf1368072929c14c023348a25975bceca8389e69766b037af,2026-09-12,0,,MOVE_PRESERVE_METADATA,0,,,0,0,,,,,,,,,,
24144,277746,2004-11-21,917555,1376406,2022-07-01,2026-06-30,3,RESERVE,CONFIRMED,https://www.transfermarkt.de/sc-verl/kader/verein/93/saison_id/2026/plus/1,bd69b9b6c3fd17e062c0bf50a17563b42a98d2c42534eeab1330ee7efa38071a,2026-09-12,0,,MOVE_PRESERVE_METADATA,0,,,0,0,,,,,,,,,,
36543,0,2006-10-10,9175042,458761,2025-07-01,2026-06-30,21,FIRST,CONFIRMED,https://www.transfermarkt.de/royal-charleroi-sc/kader/verein/172/saison_id/2026/plus/1,be345af7e14ab40246420c64e873b34283e56e8aafa6f5b344acf44cf11dfec1,2026-09-12,0,,MOVE_PRESERVE_METADATA,0,,,0,0,,,,,,,,,,
41584,0,2005-08-06,9637891,786453,2023-07-01,2025-06-30,19,FIRST,CONFIRMED,https://www.transfermarkt.de/bohemians-prag-1905/kader/verein/715/saison_id/2026/plus/1,ebdb6624691ca6718b5ca6df413da8f706167c604575caed018b5bb2940716cb,2026-09-12,0,,MOVE_PRESERVE_METADATA,0,,,0,0,,,,,,,,,,
55395,0,1999-01-10,10682387,1376425,2024-07-01,2026-06-30,20,FIRST,CONFIRMED,https://www.transfermarkt.de/fc-st-pauli/kader/verein/35/saison_id/2026/plus/1,cb3581752f3910c559c9f42a6cbb09551a6187c6a88b14cfcc35019d0c02bc47,2026-09-12,0,,MOVE_PRESERVE_METADATA,0,,,0,0,,,,,,,,,,
55474,244089,1999-05-05,10682386,1376425,2023-07-01,2026-06-30,14,FIRST,CONFIRMED,https://www.transfermarkt.de/fc-st-pauli/kader/verein/35/saison_id/2026/plus/1,cb3581752f3910c559c9f42a6cbb09551a6187c6a88b14cfcc35019d0c02bc47,2026-09-12,0,,MOVE_PRESERVE_METADATA,0,,,0,0,,,,,,,,,,
61806,248188,1999-09-12,10944515,2490378,2021-07-01,2026-06-30,10,FIRST,CONFIRMED,https://www.transfermarkt.de/cd-nacional/kader/verein/982/saison_id/2026/plus/1,85c1a326ea7d9109ff431c2a95c9c0488100e0183b1e7c799d926c40ecb8dba6,2026-09-12,0,,MOVE_PRESERVE_METADATA,0,,,0,0,,,,,,,,,,
71780,0,2005-03-09,1179848,1179682,2025-07-01,2029-06-30,14,FIRST,CONFIRMED,https://www.transfermarkt.de/fc-le-mans/kader/verein/1164/saison_id/2026/plus/1,3a1590b4702d0adc2e4906566f51e78d043b0e625e92b825b4e3d1a572fd483c,2026-09-12,0,,MOVE_PRESERVE_METADATA,0,,,0,0,,,,,,,,,,
76846,277063,2003-11-02,11993090,458759,2021-07-01,2026-06-30,40,RESERVE,CONFIRMED,https://www.transfermarkt.de/vv-st-truiden/kader/verein/475/saison_id/2026/plus/1,c0e976a963b2c1507ec52e39bab62ae405f89e7c2149e5b8ecc88e56b4f6ff7a,2026-09-12,0,,MOVE_PRESERVE_METADATA,0,,,0,0,,,,,,,,,,
77428,241775,1992-02-29,11997190,3145777,2025-07-01,2026-06-30,5,FIRST,CONFIRMED,https://www.transfermarkt.de/eyupspor/kader/verein/7160/saison_id/2026/plus/1,f4f3375da68b82c3bad1b9efcd11d29ed67584c0d829b173c80cc388820bec9c,2026-09-12,0,,MOVE_PRESERVE_METADATA,0,,,0,0,,,,,,,,,,
88011,262039,2001-05-07,12779523,1376315,2018-07-01,2026-06-30,17,FIRST,CONFIRMED,https://www.transfermarkt.de/fc-ingolstadt-04/kader/verein/4795/saison_id/2026/plus/1,9602267b250c0007efa439f83a79d1bdd5376932fbafd7a4fc5bf6bcd1c6cbc5,2026-09-12,0,,MOVE_PRESERVE_METADATA,0,,,0,0,,,,,,,,,,
88023,274928,2005-04-21,12779523,1769483,2023-07-01,2027-06-30,13,FIRST,CONFIRMED,https://www.transfermarkt.de/us-lecce/kader/verein/1005/saison_id/2026/plus/1,f70b73ab0beef18f4707e1b846172f928bd484c8e6abc3aab35570487739b4bc,2026-09-12,0,,RESOLVE_EXPIRED_LOAN,1769483,2025-07-01,2026-06-30,-1,0,,,,,,,,,,
100029,0,2007-03-23,1376274,1376271,2021-07-01,2026-06-30,38,FIRST,CONFIRMED,https://www.transfermarkt.de/sv-werder-bremen/kader/verein/86/saison_id/2026/plus/1,0a7e36159d0c7ffd555ab7f3ffa226b0cf286e7a1a009e2dca794bd509bbd26e,2026-09-12,0,,MOVE_PRESERVE_METADATA,0,,,0,0,,,,,,,,,,
100214,251482,1999-08-24,1376265,1376280,2023-07-01,2026-06-30,27,FIRST,CONFIRMED,https://www.transfermarkt.de/fc-energie-cottbus/kader/verein/25/saison_id/2026/plus/1,bfac2c82e9908a44ea8264f2a591d43d8ad627ceaeb5639879d980dcab166809,2026-09-12,0,,MOVE_PRESERVE_METADATA,0,,,0,0,,,,,,,,,,
100339,0,2004-04-05,1376347,1376420,2023-07-01,2026-06-30,13,FIRST,CONFIRMED,https://www.transfermarkt.de/vfl-osnabruck/kader/verein/81/saison_id/2026/plus/1,e705d735d9e41aeb7a7781affacb5ed1a2f31cc8fd9e319c826182a9e12937a6,2026-09-12,0,,MOVE_PRESERVE_METADATA,0,,,0,0,,,,,,,,,,
100532,0,2006-04-05,1376560,1376283,2025-07-01,2026-06-30,22,FIRST,CONFIRMED,https://www.transfermarkt.de/karlsruher-sc/kader/verein/48/saison_id/2026/plus/1,502be878e53560db93a5e23bc70c24b09c8a3f9aa264941d3a29a99a7083b789,2026-09-12,0,,MOVE_PRESERVE_METADATA,0,,,0,0,,,,,,,,,,
100534,0,2005-10-25,1376560,1376433,2025-07-01,2026-06-30,37,FIRST,CONFIRMED,https://www.transfermarkt.de/tsg-1899-hoffenheim-ii/kader/verein/983/saison_id/2026/plus/1,ab3835df09261faf7ddd2ed9c07b00f74ba9f141891a5f719f13e9b204f6234d,2026-09-12,0,,MOVE_PRESERVE_METADATA,0,,,0,0,,,,,,,,,,
104502,81324,2004-07-25,1441800,2490381,2025-07-01,2029-06-30,39,RESERVE,CONFIRMED,https://www.transfermarkt.de/rio-ave-fc/kader/verein/2425/saison_id/2026/plus/1,37a8a108e9b2165ce80a23cc2e2c874e6dbc5c341de869d1bdffc8cd3bf8f10c,2026-09-12,0,,MOVE_PRESERVE_METADATA,0,,,0,0,,,,,,,,,,
105009,233514,1998-01-22,1441882,1376420,2024-07-01,2026-06-30,4,FIRST,CONFIRMED,https://www.transfermarkt.de/vfl-osnabruck/kader/verein/81/saison_id/2026/plus/1,e705d735d9e41aeb7a7781affacb5ed1a2f31cc8fd9e319c826182a9e12937a6,2026-09-12,0,,MOVE_PRESERVE_METADATA,0,,,0,0,,,,,,,,,,
105039,240119,1997-09-19,1441832,3145777,2025-07-01,2026-06-30,71,FIRST,CONFIRMED,https://www.transfermarkt.de/eyupspor/kader/verein/7160/saison_id/2026/plus/1,f4f3375da68b82c3bad1b9efcd11d29ed67584c0d829b173c80cc388820bec9c,2026-09-12,0,,MOVE_PRESERVE_METADATA,0,,,0,0,,,,,,,,,,
105171,0,1996-09-11,1455254,786447,2025-07-01,2026-06-30,38,FIRST,CONFIRMED,https://www.transfermarkt.de/fc-zbrojovka-brunn/kader/verein/5225/saison_id/2026/plus/1,1aeecf841a85ad9d35469b9ba37af49f38aee1b2e160fdd7ebc2df04f3863d83,2026-09-12,0,,MOVE_PRESERVE_METADATA,0,,,0,0,,,,,,,,,,
105233,270009,2001-02-06,1454082,1376276,2024-07-01,2027-06-30,5,FIRST,CONFIRMED,https://www.transfermarkt.de/alemannia-aachen/kader/verein/8/saison_id/2026/plus/1,d50319c6c39283dd66c83e32c0e53c0fbab8eb26ba138f0fe6e86b3dfc2b9c0b,2026-09-12,0,,MOVE_PRESERVE_METADATA,0,,,0,0,,,,,,,,,,
107259,70903,2005-10-23,1507348,917553,2018-07-01,2031-06-30,64,FIRST,CONFIRMED,https://www.transfermarkt.de/afc-bournemouth/kader/verein/989/saison_id/2026/plus/1,147ac73d9a94a634b365ebf6ee82ee4655d46b0d4aa0cba07b481ccc27a62359,2026-09-12,0,,MOVE_PRESERVE_METADATA,0,,,0,0,,,,,,,,,,
107480,0,2007-07-18,1507331,786442,2025-07-01,2026-06-30,4,FIRST,CONFIRMED,https://www.transfermarkt.de/ac-sparta-prag/kader/verein/197/saison_id/2026/plus/1,6b74c895ae1857517e5325904312eb2643155a1ddb4be2ba7e884a9840dcea35,2026-09-12,0,,MOVE_PRESERVE_METADATA,0,,,0,0,,,,,,,,,,
114549,0,2005-02-09,1703940,917524,2024-07-01,2028-06-30,30,FIRST,CONFIRMED,https://www.transfermarkt.de/afc-sunderland/kader/verein/289/saison_id/2026/plus/1,bd74ae0019b88eeaf201f5b09382a2f264e6feab18e637371f9e43576b711509,2026-09-12,0,,RESOLVE_EXPIRED_LOAN,1703944,2025-07-01,2026-06-30,-1,0,,,,,,,,,,
117961,0,2006-07-04,1769573,1769477,2021-07-01,2026-06-30,1,FIRST,CONFIRMED,https://www.transfermarkt.de/atalanta-bergamo/kader/verein/800/saison_id/2026/plus/1,9a4c6726ef3fd829ff169f005dc5a7ca3d6336fdc310c40507e034f19f82a022,2026-09-12,0,,MOVE_PRESERVE_METADATA,0,,,0,0,,,,,,,,,,
128450,261971,2003-02-20,1847353,786442,2024-07-01,2027-06-30,20,FIRST,CONFIRMED,https://www.transfermarkt.de/ac-sparta-prag/kader/verein/197/saison_id/2026/plus/1,6b74c895ae1857517e5325904312eb2643155a1ddb4be2ba7e884a9840dcea35,2026-09-12,0,,RESOLVE_EXPIRED_LOAN,3342341,2025-07-01,2026-06-30,-1,0,,,,,,,,,,
128808,248834,1995-06-14,200709,1376301,2024-07-01,2026-06-30,8,FIRST,CONFIRMED,https://www.transfermarkt.de/sv-waldhof-mannheim/kader/verein/85/saison_id/2026/plus/1,34e998eba6b950fe72d328e27cb46b4a4d1c4b3c218c58557f9db9a44925ae39,2026-09-12,0,,MOVE_PRESERVE_METADATA,0,,,0,0,,,,,,,,,,
136134,272977,2004-11-07,2228242,458788,2022-07-01,2028-06-30,14,FIRST,CONFIRMED,https://www.transfermarkt.de/sk-beveren/kader/verein/28643/saison_id/2026/plus/1,7bd09a7ce8449fd8a09e77af941f3d0069233ed39a454f5073c6ab7bfe083ae7,2026-09-12,0,,MOVE_PRESERVE_METADATA,0,,,0,0,,,,,,,,,,
136179,257083,2002-12-16,2228262,1179664,2026-07-01,2027-06-30,11,FIRST,CONFIRMED,https://www.transfermarkt.de/rc-lens/kader/verein/826/saison_id/2026/plus/1,7fb4fc29a59ca1fd1875a851a1378fb40304c090e369d517a86f6d13f80ab3c8,2026-09-12,2228262,2027-06-30,SQUAD,0,,,0,0,,,,,,,,,,
136516,256877,2001-01-24,2228245,2228225,2024-07-01,2028-06-30,10,FIRST,CONFIRMED,https://www.transfermarkt.de/ado-den-haag/kader/verein/1268/saison_id/2026/plus/1,474b264b880fdda2bb882ff0c9f03309d423ae1b25e36c87a1da879d192c71b0,2026-09-12,0,,MOVE_PRESERVE_METADATA,0,,,0,0,,,,,,,,,,
136521,0,1999-01-19,2228245,2228225,2024-07-01,2029-06-30,6,FIRST,CONFIRMED,https://www.transfermarkt.de/ado-den-haag/kader/verein/1268/saison_id/2026/plus/1,474b264b880fdda2bb882ff0c9f03309d423ae1b25e36c87a1da879d192c71b0,2026-09-12,0,,MOVE_PRESERVE_METADATA,0,,,0,0,,,,,,,,,,
136794,0,2003-02-05,2228251,2228239,2023-07-01,2028-06-30,24,FIRST,CONFIRMED,https://www.transfermarkt.de/willem-ii-tilburg/kader/verein/403/saison_id/2026/plus/1,032766443b9dd7e08c2a2a00943278f8412892d9f759e398b82d7ef4e594d0db,2026-09-12,0,,RESOLVE_EXPIRED_LOAN,458787,2025-07-01,2026-06-30,-1,0,,,,,,,,,,
142430,246757,2002-01-01,2359305,1376283,2022-07-01,2026-06-30,6,FIRST,CONFIRMED,https://www.transfermarkt.de/karlsruher-sc/kader/verein/48/saison_id/2026/plus/1,502be878e53560db93a5e23bc70c24b09c8a3f9aa264941d3a29a99a7083b789,2026-09-12,0,,MOVE_PRESERVE_METADATA,0,,,0,0,,,,,,,,,,
142923,74175,2001-09-16,2359300,786439,2024-07-01,2026-06-30,5,FIRST,CONFIRMED,https://www.transfermarkt.de/sk-sigma-olmutz/kader/verein/2311/saison_id/2026/plus/1,c61d1f22a4e21ac99834db236d5c613fdf98db28632452029778a0c82954b875,2026-09-12,0,,MOVE_PRESERVE_METADATA,0,,,0,0,,,,,,,,,,
143353,0,2005-01-07,2359302,458780,2024-07-01,2030-06-30,29,FIRST,CONFIRMED,https://www.transfermarkt.de/union-saint-gilloise/kader/verein/3948/saison_id/2026/plus/1,6678f90f37564c9f8683b893f1bf4bed395816093e2ee4489ebbda3dc900e98e,2026-09-12,0,,MOVE_PRESERVE_METADATA,0,,,0,0,,,,,,,,,,
143859,0,2005-10-18,2359341,2228253,2024-07-01,2028-06-30,15,FIRST,CONFIRMED,https://www.transfermarkt.de/sc-cambuur-leeuwarden/kader/verein/133/saison_id/2026/plus/1,d35d182879e0c29fde9680e0bd938bd8a58eee080d1c036222e78600c9bbc8b6,2026-09-12,0,,MOVE_PRESERVE_METADATA,0,,,0,0,,,,,,,,,,
148163,268098,2002-02-21,2424906,786439,2025-07-01,2026-06-30,88,FIRST,CONFIRMED,https://www.transfermarkt.de/sk-sigma-olmutz/kader/verein/2311/saison_id/2026/plus/1,c61d1f22a4e21ac99834db236d5c613fdf98db28632452029778a0c82954b875,2026-09-12,0,,MOVE_PRESERVE_METADATA,0,,,0,0,,,,,,,,,,
148921,274729,2003-07-21,2424864,786446,2019-07-01,2028-06-30,15,FIRST,CONFIRMED,https://www.transfermarkt.de/fc-banik-ostrau/kader/verein/377/saison_id/2026/plus/1,3717000ca143110b9cff7bc66843b5e54104cdaa75d0e196220c4e77c8b4d611,2026-09-12,0,,RESOLVE_EXPIRED_LOAN,3211268,2025-07-01,2026-06-30,-1,0,,,,,,,,,,
153022,0,2003-04-06,2490383,2490388,2023-07-01,2030-06-30,41,FIRST,CONFIRMED,https://www.transfermarkt.de/cd-santa-clara/kader/verein/2423/saison_id/2026/plus/1,996787cc90623dddfd5c425ca2df6aae95f8fd62b8b5cfb03677a214be6550e2,2026-09-12,0,,RESOLVE_EXPIRED_LOAN,2490388,2025-07-01,2026-06-30,-1,0,,,,,,,,,,
153208,0,2000-04-18,2494490,2494469,2023-07-01,2026-06-30,18,FIRST,CONFIRMED,https://www.transfermarkt.de/casa-pia-ac/kader/verein/3268/saison_id/2026/plus/1,a3e2a5277eff3871e27db7ef969d3905123f5c71aebb08128024f85e9a547b72,2026-09-12,0,,MOVE_PRESERVE_METADATA,0,,,0,0,,,,,,,,,,
154841,0,2005-12-07,2494483,2490393,2025-07-01,2026-06-30,10,FIRST,CONFIRMED,https://www.transfermarkt.de/fc-alverca/kader/verein/2521/saison_id/2026/plus/1,7f5d01cde12ec5554a0cdae5ccc699031abd54d7e473e99ebf2c44e9a519b8ae,2026-09-12,0,,MOVE_PRESERVE_METADATA,0,,,0,0,,,,,,,,,,
154993,0,2004-07-08,2490401,2490393,2025-07-01,2027-06-30,70,FIRST,CONFIRMED,https://www.transfermarkt.de/fc-alverca/kader/verein/2521/saison_id/2026/plus/1,7f5d01cde12ec5554a0cdae5ccc699031abd54d7e473e99ebf2c44e9a519b8ae,2026-09-12,0,,MOVE_PRESERVE_METADATA,0,,,0,0,,,,,,,,,,
177626,0,2004-05-10,2818052,786450,2019-07-01,2026-06-30,1,FIRST,CONFIRMED,https://www.transfermarkt.de/fc-viktoria-pilsen/kader/verein/941/saison_id/2026/plus/1,996e90d35b62a49d97cf67985e3302e6eb90152f4e1be1f533a26fcd90f8e7ac,2026-09-12,0,,MOVE_PRESERVE_METADATA,0,,,0,0,,,,,,,,,,
177717,263548,2000-06-01,2818060,786450,2015-07-01,2027-06-30,6,FIRST,CONFIRMED,https://www.transfermarkt.de/fc-viktoria-pilsen/kader/verein/941/saison_id/2026/plus/1,996e90d35b62a49d97cf67985e3302e6eb90152f4e1be1f533a26fcd90f8e7ac,2026-09-12,0,,RESOLVE_EXPIRED_LOAN,786450,2025-07-01,2026-06-30,-1,0,,,,,,,,,,
177718,0,2000-07-29,2818060,790538,2024-07-01,2027-06-30,29,FIRST,CONFIRMED,https://www.transfermarkt.de/fk-pardubice/kader/verein/1496/saison_id/2026/plus/1,ff994ed3554101d4e2a5377d206e013ac142ca4f73f68a0c406e2cc0d305e0ef,2026-09-12,0,,RESOLVE_EXPIRED_LOAN,790538,2025-07-01,2026-06-30,-1,0,,,,,,,,,,
187814,75126,2007-12-26,3014661,1769516,2022-07-01,2031-06-30,15,FIRST,CONFIRMED,https://www.transfermarkt.de/como-1907/kader/verein/1047/saison_id/2026/plus/1,1f259087599c65750b2257df008378cf4b410dc38125151fd739b58162c63ff3,2026-09-12,0,,MOVE_PRESERVE_METADATA,0,,,0,0,,,,,,,,,,
187821,76869,2006-12-20,3014661,458788,2026-07-01,2029-06-30,29,FIRST,CONFIRMED,https://www.transfermarkt.de/sk-beveren/kader/verein/28643/saison_id/2026/plus/1,7bd09a7ce8449fd8a09e77af941f3d0069233ed39a454f5073c6ab7bfe083ae7,2026-09-12,3014661,2027-06-30,SQUAD,0,,,0,0,,,,,,,,,,
188090,74624,2006-04-24,3014663,2949137,2024-07-01,2030-06-30,1,FIRST,CONFIRMED,https://www.transfermarkt.de/racing-santander/kader/verein/630/saison_id/2026/plus/1,18a40c3ef461fb12859ab644f10535935a6e0f3b45aa680347aab5a3a4eda60f,2026-09-12,0,,MOVE_PRESERVE_METADATA,0,,,0,0,,,,,,,,,,
188142,276769,2005-07-03,3014671,786439,2023-07-01,2026-06-30,19,FIRST,CONFIRMED,https://www.transfermarkt.de/sk-sigma-olmutz/kader/verein/2311/saison_id/2026/plus/1,c61d1f22a4e21ac99834db236d5c613fdf98db28632452029778a0c82954b875,2026-09-12,0,,MOVE_PRESERVE_METADATA,0,,,0,0,,,,,,,,,,
188296,254514,2000-09-29,3014673,2490394,2023-07-01,2028-06-30,25,FIRST,CONFIRMED,https://www.transfermarkt.de/cf-estrela-amadora/kader/verein/2431/saison_id/2026/plus/1,518e3a2e95f5774700d01db49dd50f80d4ccbc790493950412b68c785a7de654,2026-09-12,0,,MOVE_PRESERVE_METADATA,0,,,0,0,,,,,,,,,,
193692,258834,2004-02-08,3080210,2490398,2025-07-01,2028-06-30,9,FIRST,CONFIRMED,https://www.transfermarkt.de/fc-famalicao/kader/verein/3329/saison_id/2026/plus/1,52ed6f3f188fcbdc2398a013bd0aa1005388801741871711df5ab62761c66f72,2026-09-12,0,,RESOLVE_EXPIRED_LOAN,6225921,2025-07-01,2026-06-30,-1,0,,,,,,,,,,
199880,231352,1997-10-02,3145824,917506,2025-07-01,2027-06-30,9,FIRST,CONFIRMED,https://www.transfermarkt.de/aston-villa/kader/verein/405/saison_id/2026/plus/1,66b9b7fdd741084e821d291249f5bdc0fe382243be248d861c1137a95e82f15d,2026-09-12,0,,RESOLVE_EXPIRED_LOAN,1769476,2025-07-01,2026-06-30,-1,0,,,,,,,,,,
199892,267594,2000-08-07,3145824,786441,2023-07-01,2028-06-30,39,FIRST,CONFIRMED,https://www.transfermarkt.de/sk-slavia-prag/kader/verein/62/saison_id/2026/plus/1,ab5b3ad613592069fe87ed798140f18d5a2969fea81a54ddd36b6738aad74f72,2026-09-12,0,,RESOLVE_EXPIRED_LOAN,2490372,2025-07-01,2026-06-30,-1,0,,,,,,,,,,
199975,217007,1992-10-09,3145777,3149867,2024-07-01,2026-06-30,9,FIRST,CONFIRMED,https://www.transfermarkt.de/corum-fk/kader/verein/37951/saison_id/2026/plus/1,09798c50638e371505f186cb7a6cb29472c2df6e777856de0739225fb6d74803,2026-09-12,0,,MOVE_PRESERVE_METADATA,0,,,0,0,,,,,,,,,,
200015,72887,1995-11-13,3145820,1376283,2023-07-01,2026-06-30,5,FIRST,CONFIRMED,https://www.transfermarkt.de/karlsruher-sc/kader/verein/48/saison_id/2026/plus/1,502be878e53560db93a5e23bc70c24b09c8a3f9aa264941d3a29a99a7083b789,2026-09-12,0,,MOVE_PRESERVE_METADATA,0,,,0,0,,,,,,,,,,
200031,238587,1996-11-28,3145820,3149867,2023-07-01,2027-06-30,8,FIRST,CONFIRMED,https://www.transfermarkt.de/corum-fk/kader/verein/37951/saison_id/2026/plus/1,09798c50638e371505f186cb7a6cb29472c2df6e777856de0739225fb6d74803,2026-09-12,0,,MOVE_PRESERVE_METADATA,0,,,0,0,,,,,,,,,,
200114,271002,2001-01-20,3145843,3145856,2025-07-01,2027-06-30,6,FIRST,CONFIRMED,https://www.transfermarkt.de/amed-sk/kader/verein/12382/saison_id/2026/plus/1,1c63291a94e83ca8d551f2c91a8979d5cadd6cad24fc5cbcdc3500f54ff03b8e,2026-09-12,0,,MOVE_PRESERVE_METADATA,0,,,0,0,,,,,,,,,,
200205,194372,1989-11-05,3145783,3145765,2023-07-01,2026-06-30,1,FIRST,CONFIRMED,https://www.transfermarkt.de/erzurumspor-fk/kader/verein/39722/saison_id/2026/plus/1,aaa2316b00aefef231faf95d7f3e3871f7c712aaa423cb88c256177acd6d2902,2026-09-12,0,,MOVE_PRESERVE_METADATA,0,,,0,0,,,,,,,,,,
200488,193461,1990-03-27,3149900,3149867,2024-07-01,2026-06-30,16,FIRST,CONFIRMED,https://www.transfermarkt.de/corum-fk/kader/verein/37951/saison_id/2026/plus/1,09798c50638e371505f186cb7a6cb29472c2df6e777856de0739225fb6d74803,2026-09-12,0,,MOVE_PRESERVE_METADATA,0,,,0,0,,,,,,,,,,
200582,199683,1992-02-01,3145814,3145843,2021-07-01,2026-06-30,2,FIRST,CONFIRMED,https://www.transfermarkt.de/kasimpasa/kader/verein/10484/saison_id/2026/plus/1,c67384cb86e5ab0489a71469deab8847f74c6c6c97729fe8853bfdf343f41060,2026-09-12,0,,MOVE_PRESERVE_METADATA,0,,,0,0,,,,,,,,,,
201012,239333,1998-05-13,3145838,3145777,2025-07-01,2026-06-30,7,FIRST,CONFIRMED,https://www.transfermarkt.de/eyupspor/kader/verein/7160/saison_id/2026/plus/1,f4f3375da68b82c3bad1b9efcd11d29ed67584c0d829b173c80cc388820bec9c,2026-09-12,0,,MOVE_PRESERVE_METADATA,0,,,0,0,,,,,,,,,,
201024,260559,2000-10-26,3145838,3145773,2020-07-01,2027-06-30,8,FIRST,CONFIRMED,https://www.transfermarkt.de/gaziantep-fk/kader/verein/2832/saison_id/2026/plus/1,81446f340c520f2c5aff4253c251edc727d259530fe5221a6b24ee6cfb9e01e1,2026-09-12,0,,RESOLVE_EXPIRED_LOAN,3145773,2025-07-01,2026-06-30,-1,0,,,,,,,,,,
201186,193201,1991-07-27,3145757,3145843,2025-07-01,2026-06-30,19,FIRST,CONFIRMED,https://www.transfermarkt.de/kasimpasa/kader/verein/10484/saison_id/2026/plus/1,c67384cb86e5ab0489a71469deab8847f74c6c6c97729fe8853bfdf343f41060,2026-09-12,0,,MOVE_PRESERVE_METADATA,0,,,0,0,,,,,,,,,,
201523,0,2009-04-27,3145864,3145783,2023-07-01,2027-06-30,44,FIRST,CONFIRMED,https://www.transfermarkt.de/alanyaspor/kader/verein/11282/saison_id/2026/plus/1,433f3e66ff8083db45d3eda79b081cc9c234137060d5070be407da48d877ae43,2026-09-12,0,,MOVE_PRESERVE_METADATA,0,,,0,0,,,,,,,,,,
201527,0,2004-02-05,3145864,3145777,2019-07-01,2029-06-30,1,FIRST,CONFIRMED,https://www.transfermarkt.de/eyupspor/kader/verein/7160/saison_id/2026/plus/1,f4f3375da68b82c3bad1b9efcd11d29ed67584c0d829b173c80cc388820bec9c,2026-09-12,0,,MOVE_PRESERVE_METADATA,0,,,0,0,,,,,,,,,,
202076,0,2004-03-29,3149837,3145773,2023-07-01,2027-06-30,33,FIRST,CONFIRMED,https://www.transfermarkt.de/gaziantep-fk/kader/verein/2832/saison_id/2026/plus/1,81446f340c520f2c5aff4253c251edc727d259530fe5221a6b24ee6cfb9e01e1,2026-09-12,0,,RESOLVE_EXPIRED_LOAN,3145773,2025-07-01,2026-06-30,-1,0,,,,,,,,,,
202958,0,2006-07-01,3159909,3145843,2024-07-01,2029-06-30,99,FIRST,CONFIRMED,https://www.transfermarkt.de/kasimpasa/kader/verein/10484/saison_id/2026/plus/1,c67384cb86e5ab0489a71469deab8847f74c6c6c97729fe8853bfdf343f41060,2026-09-12,0,,MOVE_PRESERVE_METADATA,0,,,0,0,,,,,,,,,,
203162,72870,2004-04-23,327686,3145765,2016-07-01,2029-06-30,90,FIRST,CONFIRMED,https://www.transfermarkt.de/erzurumspor-fk/kader/verein/39722/saison_id/2026/plus/1,aaa2316b00aefef231faf95d7f3e3871f7c712aaa423cb88c256177acd6d2902,2026-09-12,0,,MOVE_PRESERVE_METADATA,0,,,0,0,,,,,,,,,,
203211,234317,2000-02-04,331829,1376301,2023-07-01,2026-06-30,17,FIRST,CONFIRMED,https://www.transfermarkt.de/sv-waldhof-mannheim/kader/verein/85/saison_id/2026/plus/1,34e998eba6b950fe72d328e27cb46b4a4d1c4b3c218c58557f9db9a44925ae39,2026-09-12,0,,MOVE_PRESERVE_METADATA,0,,,0,0,,,,,,,,,,
212258,263556,2000-11-10,3407896,2228247,2026-07-01,2028-06-30,14,FIRST,CONFIRMED,https://www.transfermarkt.de/fortuna-sittard/kader/verein/385/saison_id/2026/plus/1,3459b44bdebecde47d2a1440be82d9c09e8f120a342ec34fc969ad1288f64fcd,2026-09-12,3407896,2027-06-30,SQUAD,0,,,0,0,,,,,,,,,,
213189,0,2008-06-26,3407882,1769475,2026-07-01,2027-06-30,0,FIRST,CONFIRMED,https://www.transfermarkt.de/parma-calcio-1913/kader/verein/130/saison_id/2026/plus/1,9f4513b041b1eea32272df127e8d7647766a65bc4faf13d5feb5409749e2d01f,2026-09-12,3407882,2027-06-30,SQUAD,0,,,0,0,,,,,,,,,,
221113,0,2004-06-08,3473412,2490378,2024-07-01,2026-06-30,37,FIRST,CONFIRMED,https://www.transfermarkt.de/cd-nacional/kader/verein/982/saison_id/2026/plus/1,85c1a326ea7d9109ff431c2a95c9c0488100e0183b1e7c799d926c40ecb8dba6,2026-09-12,0,,MOVE_PRESERVE_METADATA,0,,,0,0,,,,,,,,,,
221334,0,2001-03-03,3538945,2490394,2024-07-01,2028-06-30,24,FIRST,CONFIRMED,https://www.transfermarkt.de/cf-estrela-amadora/kader/verein/2431/saison_id/2026/plus/1,518e3a2e95f5774700d01db49dd50f80d4ccbc790493950412b68c785a7de654,2026-09-12,0,,MOVE_PRESERVE_METADATA,0,,,0,0,,,,,,,,,,
221428,0,2005-02-07,3538952,2490377,2026-07-01,2029-06-30,24,RESERVE,CONFIRMED,https://www.transfermarkt.de/moreirense-fc/kader/verein/979/saison_id/2026/plus/1,9aa16aff197b371e36892b5321c0c1db769f09802a8338c111eb56304e7798bc,2026-09-12,3538952,2027-06-30,SQUAD,0,,,0,0,,,,,,,,,,
221509,0,2003-04-25,3538947,1376274,2019-07-01,2030-06-30,33,FIRST,CONFIRMED,https://www.transfermarkt.de/vfl-wolfsburg/kader/verein/82/saison_id/2026/plus/1,0d671e8b1f26fd27a90d4507455627094aa5ed12d9869e4c7dc8c2b2573eb1ef,2026-09-12,0,,MOVE_PRESERVE_METADATA,0,,,0,0,,,,,,,,,,
221582,257969,2000-07-05,3538968,2490375,2025-07-01,2028-06-30,36,FIRST,CONFIRMED,https://www.transfermarkt.de/gil-vicente-fc/kader/verein/2424/saison_id/2026/plus/1,e615ed113cbf0012df4490859c154266a50a72247c7f67c260f2f4ab6c49e4d1,2026-09-12,0,,MOVE_PRESERVE_METADATA,0,,,0,0,,,,,,,,,,
221828,214942,1995-09-14,3538959,2490375,2024-07-01,2027-06-30,22,FIRST,CONFIRMED,https://www.transfermarkt.de/gil-vicente-fc/kader/verein/2424/saison_id/2026/plus/1,e615ed113cbf0012df4490859c154266a50a72247c7f67c260f2f4ab6c49e4d1,2026-09-12,0,,MOVE_PRESERVE_METADATA,0,,,0,0,,,,,,,,,,
221998,0,2005-04-12,3538946,2490388,2023-07-01,2029-06-30,9,RESERVE,CONFIRMED,https://www.transfermarkt.de/cd-santa-clara/kader/verein/2423/saison_id/2026/plus/1,996787cc90623dddfd5c425ca2df6aae95f8fd62b8b5cfb03677a214be6550e2,2026-09-12,0,,MOVE_PRESERVE_METADATA,0,,,0,0,,,,,,,,,,
222045,0,2006-08-03,3538951,917553,2021-07-01,2031-06-30,77,FIRST,CONFIRMED,https://www.transfermarkt.de/afc-bournemouth/kader/verein/989/saison_id/2026/plus/1,147ac73d9a94a634b365ebf6ee82ee4655d46b0d4aa0cba07b481ccc27a62359,2026-09-12,0,,MOVE_PRESERVE_METADATA,0,,,0,0,,,,,,,,,,
222665,0,2007-12-17,3538955,1769510,2026-07-01,2027-06-30,7,RESERVE,CONFIRMED,https://www.transfermarkt.de/genua-cfc/kader/verein/252/saison_id/2026/plus/1,28831c70a8bf2f1d0e0c5e7801240ba62008e42be2eb8761306fafe7c05e7da1,2026-09-12,3538955,2027-06-30,SQUAD,0,,,0,0,,,,,,,,,,
222786,216452,1994-08-01,3538985,2490388,2024-07-01,2026-06-30,7,FIRST,CONFIRMED,https://www.transfermarkt.de/cd-santa-clara/kader/verein/2423/saison_id/2026/plus/1,996787cc90623dddfd5c425ca2df6aae95f8fd62b8b5cfb03677a214be6550e2,2026-09-12,0,,MOVE_PRESERVE_METADATA,0,,,0,0,,,,,,,,,,
223057,0,1997-10-07,3539013,2490388,2023-07-01,2028-06-30,6,FIRST,CONFIRMED,https://www.transfermarkt.de/cd-santa-clara/kader/verein/2423/saison_id/2026/plus/1,996787cc90623dddfd5c425ca2df6aae95f8fd62b8b5cfb03677a214be6550e2,2026-09-12,0,,MOVE_PRESERVE_METADATA,0,,,0,0,,,,,,,,,,
223200,274462,2003-03-25,3552405,2490388,2020-07-01,2027-06-30,27,RESERVE,CONFIRMED,https://www.transfermarkt.de/cd-santa-clara/kader/verein/2423/saison_id/2026/plus/1,996787cc90623dddfd5c425ca2df6aae95f8fd62b8b5cfb03677a214be6550e2,2026-09-12,0,,RESOLVE_EXPIRED_LOAN,3538952,2025-07-01,2026-06-30,-1,0,,,,,,,,,,
223956,0,1999-06-30,3552671,2490388,2023-07-01,2028-06-30,9,FIRST,CONFIRMED,https://www.transfermarkt.de/cd-santa-clara/kader/verein/2423/saison_id/2026/plus/1,996787cc90623dddfd5c425ca2df6aae95f8fd62b8b5cfb03677a214be6550e2,2026-09-12,0,,MOVE_PRESERVE_METADATA,0,,,0,0,,,,,,,,,,
223962,260939,2000-03-13,3552671,2490378,2024-07-01,2026-06-30,52,FIRST,CONFIRMED,https://www.transfermarkt.de/cd-nacional/kader/verein/982/saison_id/2026/plus/1,85c1a326ea7d9109ff431c2a95c9c0488100e0183b1e7c799d926c40ecb8dba6,2026-09-12,0,,MOVE_PRESERVE_METADATA,0,,,0,0,,,,,,,,,,
227312,71013,2002-10-31,3604486,2949148,2023-07-01,2030-06-30,32,FIRST,CONFIRMED,https://www.transfermarkt.de/fc-elche/kader/verein/1531/saison_id/2026/plus/1,7770f10307d7f825180585a8f034dec01f148c375c8cddde531c5778db711b3f,2026-09-12,0,,MOVE_PRESERVE_METADATA,0,,,0,0,,,,,,,,,,
231190,76933,2006-05-05,3670018,458755,2024-07-01,2029-06-30,33,RESERVE,CONFIRMED,https://www.transfermarkt.de/cercle-brugge/kader/verein/520/saison_id/2026/plus/1,7cdfb59fb0a1a9a437a93f97e502615933029fa25dc8530a34a7715ac5027f03,2026-09-12,0,,MOVE_PRESERVE_METADATA,0,,,0,0,,,,,,,,,,
231683,275647,2005-10-10,3670021,1769488,2023-07-01,2027-06-30,71,FIRST,CONFIRMED,https://www.transfermarkt.de/udinese-calcio/kader/verein/410/saison_id/2026/plus/1,7fdfe70ee199497c7c8bba7f008dea4b0f8e1ab4fec8c51d19f4eb9f681c5506,2026-09-12,0,,MOVE_PRESERVE_METADATA,0,,,0,0,,,,,,,,,,
232981,74515,2004-03-06,3735557,2490378,2026-07-01,2027-06-30,15,FIRST,CONFIRMED,https://www.transfermarkt.de/cd-nacional/kader/verein/982/saison_id/2026/plus/1,85c1a326ea7d9109ff431c2a95c9c0488100e0183b1e7c799d926c40ecb8dba6,2026-09-12,3735557,2027-06-30,SQUAD,0,,,0,0,,,,,,,,,,
233111,259872,1997-01-16,3735553,2494470,2024-07-01,2028-06-30,1,FIRST,CONFIRMED,https://www.transfermarkt.de/fc-arouca/kader/verein/8024/saison_id/2026/plus/1,6d5fb999d4383d6530153089e5d24d04871a61220be98a161a65baf303fba2ae,2026-09-12,0,,MOVE_PRESERVE_METADATA,0,,,0,0,,,,,,,,,,
234988,225266,1997-11-25,458780,1376425,2023-07-01,2029-06-30,14,FIRST,CONFIRMED,https://www.transfermarkt.de/fc-st-pauli/kader/verein/35/saison_id/2026/plus/1,cb3581752f3910c559c9f42a6cbb09551a6187c6a88b14cfcc35019d0c02bc47,2026-09-12,0,,MOVE_PRESERVE_METADATA,0,,,0,0,,,,,,,,,,
235158,256307,2003-03-14,458768,2228234,2018-07-01,2029-06-30,11,RESERVE,CONFIRMED,https://www.transfermarkt.de/sc-heerenveen/kader/verein/306/saison_id/2026/plus/1,c5575ac3b7544ec0b6c6c259e7a480f6feb44060499802d16479d9d38d1f4bf6,2026-09-12,0,,MOVE_PRESERVE_METADATA,0,,,0,0,,,,,,,,,,
235334,225653,1995-12-02,458785,3145765,2024-07-01,2026-06-30,7,FIRST,CONFIRMED,https://www.transfermarkt.de/erzurumspor-fk/kader/verein/39722/saison_id/2026/plus/1,aaa2316b00aefef231faf95d7f3e3871f7c712aaa423cb88c256177acd6d2902,2026-09-12,0,,MOVE_PRESERVE_METADATA,0,,,0,0,,,,,,,,,,
235338,260931,2003-07-06,458785,1376348,2016-07-01,2026-06-30,33,FIRST,CONFIRMED,https://www.transfermarkt.de/1-fc-union-berlin/kader/verein/89/saison_id/2026/plus/1,09ae9c47f64c54ef97da615c30d6aa9ae9d953e1a3e18c00b87ea902f5a73e34,2026-09-12,0,,MOVE_PRESERVE_METADATA,0,,,0,0,,,,,,,,,,
235401,0,2008-01-10,458785,458775,2023-07-01,2026-06-30,0,FIRST,CONFIRMED,https://www.transfermarkt.de/oud-heverlee-leuven/kader/verein/2727/saison_id/2026/plus/1,13369b1472ae4137934608499f3a290781d8b7a96223b8e0488ea6f56621495e,2026-09-12,0,,MOVE_PRESERVE_METADATA,0,,,0,0,,,,,,,,,,
235432,234905,1998-04-16,458753,458755,2024-07-01,2028-06-30,14,FIRST,CONFIRMED,https://www.transfermarkt.de/cercle-brugge/kader/verein/520/saison_id/2026/plus/1,7cdfb59fb0a1a9a437a93f97e502615933029fa25dc8530a34a7715ac5027f03,2026-09-12,0,,MOVE_PRESERVE_METADATA,0,,,0,0,,,,,,,,,,
235642,75782,2006-07-03,458763,1376272,2017-07-01,2027-06-30,17,FIRST,CONFIRMED,https://www.transfermarkt.de/vfb-stuttgart-ii/kader/verein/102/saison_id/2026/plus/1,282836c83b3d06fc536ab783944214e6762cd5b47e8b5db9908690b0565ef593,2026-09-12,0,,RESOLVE_EXPIRED_LOAN,1376272,2025-07-01,2026-06-30,-1,0,,,,,,,,,,
235705,239418,1998-02-15,458787,1769500,2023-07-01,2027-06-30,20,FIRST,CONFIRMED,https://www.transfermarkt.de/venezia-fc/kader/verein/607/saison_id/2026/plus/1,d88fc7110893de0f0661e79b4c48d86142d14d93f73bc112159c1995caefb0e9,2026-09-12,0,,MOVE_PRESERVE_METADATA,0,,,0,0,,,,,,,,,,
236277,79497,2002-04-17,471041,1179682,2026-01-02,2029-06-30,29,FIRST,CONFIRMED,https://www.transfermarkt.de/lucas-bretelle/profil/spieler/941561,5475241878a66eeb67c3185663635fa6277c400968e40461bf33b3b51cea3776,2026-09-12,0,,PRESERVE_PROTECTED_SQUAD,0,,,0,0,,,,,1,2460739,2460950,0,16,0
236433,248603,2001-06-13,458802,786442,2024-07-01,2026-06-30,5,FIRST,CONFIRMED,https://www.transfermarkt.de/ac-sparta-prag/kader/verein/197/saison_id/2026/plus/1,6b74c895ae1857517e5325904312eb2643155a1ddb4be2ba7e884a9840dcea35,2026-09-12,0,,MOVE_PRESERVE_METADATA,0,,,0,0,,,,,,,,,,
236874,277647,2003-05-15,458801,458759,2025-07-01,2026-06-30,9,FIRST,CONFIRMED,https://www.transfermarkt.de/vv-st-truiden/kader/verein/475/saison_id/2026/plus/1,c0e976a963b2c1507ec52e39bab62ae405f89e7c2149e5b8ecc88e56b4f6ff7a,2026-09-12,0,,MOVE_PRESERVE_METADATA,0,,,0,0,,,,,,,,,,
237699,0,2005-03-13,471346,458763,2024-07-01,2027-06-30,99,FIRST,CONFIRMED,https://www.transfermarkt.de/kvc-westerlo/kader/verein/968/saison_id/2026/plus/1,4b321535def794641a57896ea3b395b11fb16964a25bb51fab6f75bf5e2a3382,2026-09-12,0,,RESOLVE_EXPIRED_LOAN,458763,2025-07-01,2026-06-30,-1,0,,,,,,,,,,
237880,0,2000-08-18,458772,458761,2024-07-01,2026-06-30,1,FIRST,CONFIRMED,https://www.transfermarkt.de/royal-charleroi-sc/kader/verein/172/saison_id/2026/plus/1,be345af7e14ab40246420c64e873b34283e56e8aafa6f5b344acf44cf11dfec1,2026-09-12,0,,MOVE_PRESERVE_METADATA,0,,,0,0,,,,,,,,,,
243646,0,2001-09-05,528390,2949137,2022-07-01,2029-06-30,7,FIRST,CONFIRMED,https://www.transfermarkt.de/racing-santander/kader/verein/630/saison_id/2026/plus/1,18a40c3ef461fb12859ab644f10535935a6e0f3b45aa680347aab5a3a4eda60f,2026-09-12,0,,MOVE_PRESERVE_METADATA,0,,,0,0,,,,,,,,,,
243830,276704,2001-08-09,528393,458760,2025-07-01,2026-06-30,35,FIRST,CONFIRMED,https://www.transfermarkt.de/standard-luttich/kader/verein/3057/saison_id/2026/plus/1,35f665c792bd0def9bfa349286927e0ef54a862cb91b5e4ab6b8ec3356dfa834,2026-09-12,0,,MOVE_PRESERVE_METADATA,0,,,0,0,,,,,,,,,,
255346,246608,1997-04-09,5439489,2949133,2021-07-01,2026-06-30,8,FIRST,CONFIRMED,https://www.transfermarkt.de/real-betis-sevilla/kader/verein/150/saison_id/2026/plus/1,2aaeb64f077be646ab6ba33019bafa8f7b5b68e0e5fcd67c1dde6bed8f42133c,2026-09-12,0,,MOVE_PRESERVE_METADATA,0,,,0,0,,,,,,,,,,
257159,255312,2001-09-26,917566,1376425,2024-07-01,2027-06-30,23,FIRST,CONFIRMED,https://www.transfermarkt.de/fc-st-pauli/kader/verein/35/saison_id/2026/plus/1,cb3581752f3910c559c9f42a6cbb09551a6187c6a88b14cfcc35019d0c02bc47,2026-09-12,0,,RESOLVE_EXPIRED_LOAN,1376425,2025-07-01,2026-06-30,0,0,,,,,,,,,,
260010,236976,1998-10-30,2883604,1376278,2023-07-01,2026-06-30,17,FIRST,CONFIRMED,https://www.transfermarkt.de/sg-dynamo-dresden/kader/verein/129/saison_id/2026/plus/1,e7de409708fb7109444d4f9163d9959ec24a63b876d33dbfb1a3f2afff6bb65f,2026-09-12,0,,MOVE_PRESERVE_METADATA,0,,,0,0,,,,,,,,,,
261112,258444,2001-07-01,917506,917535,2025-07-01,2030-06-30,29,FIRST,CONFIRMED,https://www.transfermarkt.de/crystal-palace/kader/verein/873/saison_id/2026/plus/1,5b0d8110693231bc9cfcbf4e744171ea18f83dc20ff4c35e294cf84c098ae7ac,2026-09-12,0,,MOVE_PRESERVE_METADATA,0,,,0,0,,,,,,,,,,
262604,270409,2004-04-10,917518,917514,2024-07-01,2031-06-30,26,FIRST,CONFIRMED,https://www.transfermarkt.de/tottenham-hotspur/kader/verein/148/saison_id/2026/plus/1,007fc11048dc50b4cfd2c580b82958bb7cc02f984af0af71c4079e53b5c71390,2026-09-12,0,,MOVE_PRESERVE_METADATA,0,,,0,0,,,,,,,,,,
263376,240916,1997-10-08,655362,1376266,2025-07-01,2029-06-30,77,FIRST,CONFIRMED,https://www.transfermarkt.de/fc-schalke-04/kader/verein/33/saison_id/2026/plus/1,a9ed4724b397b1d2e983c42cd58b22eee88dad2e22e96a26bd8a21ee813c34b7,2026-09-12,0,,MOVE_PRESERVE_METADATA,0,,,0,0,,,,,,,,,,
265015,0,2005-08-23,262150,790530,2025-07-01,2026-06-30,8,RESERVE,CONFIRMED,https://www.transfermarkt.de/fc-hradec-kralove/kader/verein/1897/saison_id/2026/plus/1,9f165382686e89ef721bef5137a1368d6a21993eeb3b6a2f26d9e63870638938,2026-09-12,0,,MOVE_PRESERVE_METADATA,0,,,0,0,,,,,,,,,,
266377,74981,2003-07-23,262193,3145826,2024-07-01,2028-06-30,27,FIRST,CONFIRMED,https://www.transfermarkt.de/trabzonspor/kader/verein/449/saison_id/2026/plus/1,46d6b6df3f94c27fce5372bec00addc6ddbe5736f874af98f7a926a67acd515f,2026-09-12,0,,MOVE_PRESERVE_METADATA,0,,,0,0,,,,,,,,,,
266490,218659,1995-09-18,917522,917532,2022-07-01,2027-06-30,3,FIRST,CONFIRMED,https://www.transfermarkt.de/hull-city/kader/verein/3008/saison_id/2026/plus/1,95d27e3b77eef2306101f2b6eab92a02d56308a31e0d34299be2fa82dcf331db,2026-09-12,0,,RESOLVE_EXPIRED_LOAN,917523,2025-07-01,2026-06-30,-1,0,,,,,,,,,,
266703,0,2007-10-02,1376438,1376433,2022-07-01,2028-06-30,34,FIRST,CONFIRMED,https://www.transfermarkt.de/tsg-1899-hoffenheim-ii/kader/verein/983/saison_id/2026/plus/1,ab3835df09261faf7ddd2ed9c07b00f74ba9f141891a5f719f13e9b204f6234d,2026-09-12,0,,MOVE_PRESERVE_METADATA,0,,,0,0,,,,,,,,,,
266864,275067,2004-01-30,917539,1769500,2024-07-01,2029-06-30,22,FIRST,CONFIRMED,https://www.transfermarkt.de/venezia-fc/kader/verein/607/saison_id/2026/plus/1,d88fc7110893de0f0661e79b4c48d86142d14d93f73bc112159c1995caefb0e9,2026-09-12,0,,MOVE_PRESERVE_METADATA,0,,,0,0,,,,,,,,,,
267421,0,2005-10-21,1376434,1376265,2026-07-01,2027-06-30,24,FIRST,CONFIRMED,https://www.transfermarkt.de/fc-hansa-rostock/kader/verein/30/saison_id/2026/plus/1,6da33a7ccf32faa9ebb0b7823a0ee5537fb70bfe8ee363795199b5de4015e0f1,2026-09-12,1376434,2027-06-30,SQUAD,0,,,0,0,,,,,,,,,,
267781,230839,1997-02-07,917551,3145777,2024-07-01,2026-06-30,3,FIRST,CONFIRMED,https://www.transfermarkt.de/eyupspor/kader/verein/7160/saison_id/2026/plus/1,f4f3375da68b82c3bad1b9efcd11d29ed67584c0d829b173c80cc388820bec9c,2026-09-12,0,,MOVE_PRESERVE_METADATA,0,,,0,0,,,,,,,,,,
267997,0,2006-11-12,1378815,1376348,2021-07-01,2027-06-30,29,FIRST,CONFIRMED,https://www.transfermarkt.de/1-fc-union-berlin/kader/verein/89/saison_id/2026/plus/1,09ae9c47f64c54ef97da615c30d6aa9ae9d953e1a3e18c00b87ea902f5a73e34,2026-09-12,0,,RESOLVE_EXPIRED_LOAN,1376348,2025-01-01,2026-06-30,0,0,,,,,,,,,,
268107,0,1999-02-11,1378814,1376347,2022-07-01,2026-06-30,10,FIRST,CONFIRMED,https://www.transfermarkt.de/sv-meppen/kader/verein/247/saison_id/2026/plus/1,bb6dac7a3a8a8d7c79b23424ccb65850442347058ab16c823460c547dc72588a,2026-09-12,0,,MOVE_PRESERVE_METADATA,0,,,0,0,,,,,,,,,,
268481,80194,2003-12-31,1376539,1376436,2024-07-01,2027-06-30,17,FIRST,CONFIRMED,https://www.transfermarkt.de/ssv-jahn-regensburg/kader/verein/109/saison_id/2026/plus/1,910d9ceb2a6fd8df9083100aef021ed429578cccc99acb9d4ad7d388c93d13bd,2026-09-12,0,,RESOLVE_EXPIRED_LOAN,1376421,2025-07-01,2026-06-30,-1,0,,,,,,,,,,
268671,275284,2004-03-11,1376414,1376420,2018-07-01,2027-06-30,1,FIRST,CONFIRMED,https://www.transfermarkt.de/vfl-osnabruck/kader/verein/81/saison_id/2026/plus/1,e705d735d9e41aeb7a7781affacb5ed1a2f31cc8fd9e319c826182a9e12937a6,2026-09-12,0,,RESOLVE_EXPIRED_LOAN,1376420,2025-07-01,2026-06-30,-1,0,,,,,,,,,,
269629,0,2003-03-16,3355040,786439,2021-07-01,2026-06-30,10,FIRST,CONFIRMED,https://www.transfermarkt.de/sk-sigma-olmutz/kader/verein/2311/saison_id/2026/plus/1,c61d1f22a4e21ac99834db236d5c613fdf98db28632452029778a0c82954b875,2026-09-12,0,,MOVE_PRESERVE_METADATA,0,,,0,0,,,,,,,,,,
269699,76291,2006-06-29,1376291,1376421,2023-07-01,2026-06-30,41,FIRST,CONFIRMED,https://www.transfermarkt.de/sc-paderborn-07/kader/verein/127/saison_id/2026/plus/1,2bc1c2dc6af19cdfe4c15f929f45c9c1b3aeb6d1349fe49c0cbceca9a06d7cde,2026-09-12,0,,MOVE_PRESERVE_METADATA,0,,,0,0,,,,,,,,,,
269708,0,2005-10-01,1376291,1376540,2026-07-01,2027-06-30,21,RESERVE,CONFIRMED,https://www.transfermarkt.de/wurzburger-kickers/kader/verein/1557/saison_id/2026/plus/1,9dbdd312708d7d42a15f61c7f3845b1923e56748dcb9145650ba0c4e99195940,2026-09-12,1376291,2027-06-30,SQUAD,0,,,0,0,,,,,,,,,,
269921,270210,1999-11-18,3346467,1376283,2025-07-01,2026-06-30,18,FIRST,CONFIRMED,https://www.transfermarkt.de/karlsruher-sc/kader/verein/48/saison_id/2026/plus/1,502be878e53560db93a5e23bc70c24b09c8a3f9aa264941d3a29a99a7083b789,2026-09-12,0,,MOVE_PRESERVE_METADATA,0,,,0,0,,,,,,,,,,
269972,0,2006-05-22,3354941,1769483,2021-07-01,2029-06-30,9,FIRST,CONFIRMED,https://www.transfermarkt.de/us-lecce/kader/verein/1005/saison_id/2026/plus/1,f70b73ab0beef18f4707e1b846172f928bd484c8e6abc3aab35570487739b4bc,2026-09-12,0,,RESOLVE_EXPIRED_LOAN,3355005,2025-07-01,2026-06-30,-1,0,,,,,,,,,,
270191,0,2002-07-16,3342339,2490381,2024-07-01,2030-06-30,94,FIRST,CONFIRMED,https://www.transfermarkt.de/rio-ave-fc/kader/verein/2425/saison_id/2026/plus/1,37a8a108e9b2165ce80a23cc2e2c874e6dbc5c341de869d1bdffc8cd3bf8f10c,2026-09-12,0,,MOVE_PRESERVE_METADATA,0,,,0,0,,,,,,,,,,
270953,274099,1999-09-21,2555910,2494468,2026-07-01,2027-06-30,77,FIRST,CONFIRMED,https://www.transfermarkt.de/academico-viseu-fc/kader/verein/7788/saison_id/2026/plus/1,340241555ec1793a42690aa5ffe614fb73194989e73960db5786f409bd3783e4,2026-09-12,2555910,2027-06-30,SQUAD,0,,,0,0,,,,,,,,,,
271020,73400,1999-05-07,2555907,917509,2025-07-01,2027-06-30,14,FIRST,CONFIRMED,https://www.transfermarkt.de/fc-liverpool/kader/verein/31/saison_id/2026/plus/1,03f6f6108aec08d5028c45b59b341f94eb0a4ac80c8d3246a9cf1767419f8789,2026-09-12,0,,MOVE_PRESERVE_METADATA,0,,,0,0,,,,,,,,,,
271154,270514,2001-08-02,1376436,1376283,2023-07-01,2026-06-30,11,FIRST,CONFIRMED,https://www.transfermarkt.de/karlsruher-sc/kader/verein/48/saison_id/2026/plus/1,502be878e53560db93a5e23bc70c24b09c8a3f9aa264941d3a29a99a7083b789,2026-09-12,0,,MOVE_PRESERVE_METADATA,0,,,0,0,,,,,,,,,,
271442,257081,2002-03-08,1376406,1376258,2024-07-01,2026-06-30,34,FIRST,CONFIRMED,https://www.transfermarkt.de/1-fc-nurnberg/kader/verein/4/saison_id/2026/plus/1,1d02eebfb6b905a4b771fed6091258b15847c4bfb1b6d4bd643980220ba21ebd,2026-09-12,0,,MOVE_PRESERVE_METADATA,0,,,0,0,,,,,,,,,,
271547,240941,2000-08-05,262159,3145777,2023-07-01,2027-06-30,19,FIRST,CONFIRMED,https://www.transfermarkt.de/eyupspor/kader/verein/7160/saison_id/2026/plus/1,f4f3375da68b82c3bad1b9efcd11d29ed67584c0d829b173c80cc388820bec9c,2026-09-12,0,,MOVE_PRESERVE_METADATA,0,,,0,0,,,,,,,,,,
271919,239666,1999-07-25,1376282,1376373,2022-07-01,2026-06-30,26,FIRST,CONFIRMED,https://www.transfermarkt.de/1-fc-magdeburg/kader/verein/187/saison_id/2026/plus/1,d0ff31a4349276164899e3293cd9c2c30e400169104ef2ece40cfdb9b3d70c93,2026-09-12,0,,MOVE_PRESERVE_METADATA,0,,,0,0,,,,,,,,,,
271938,0,2007-04-28,1376282,1376259,2022-07-01,2026-06-30,0,FIRST,CONFIRMED,https://www.transfermarkt.de/1-fsv-mainz-05/kader/verein/39/saison_id/2026/plus/1,a0ac0e0c9eb47a3776e4e43c8257aa032114b35240aadb843dc1c757a5313de7,2026-09-12,0,,MOVE_PRESERVE_METADATA,0,,,0,0,,,,,,,,,,
272306,263025,2002-04-08,1376420,1376442,2023-07-01,2026-06-30,18,FIRST,CONFIRMED,https://www.transfermarkt.de/sv-darmstadt-98/kader/verein/105/saison_id/2026/plus/1,807e79c80e44c91b1d4926d0fb6534a3276b98489473cc35d4238a5a660a95f9,2026-09-12,0,,MOVE_PRESERVE_METADATA,0,,,0,0,,,,,,,,,,
272328,268652,2005-08-06,1376420,1376283,2020-07-01,2026-06-30,19,FIRST,CONFIRMED,https://www.transfermarkt.de/karlsruher-sc/kader/verein/48/saison_id/2026/plus/1,502be878e53560db93a5e23bc70c24b09c8a3f9aa264941d3a29a99a7083b789,2026-09-12,0,,MOVE_PRESERVE_METADATA,0,,,0,0,,,,,,,,,,
272442,188538,1991-02-16,1179721,1179681,2024-07-01,2026-06-30,23,FIRST,CONFIRMED,https://www.transfermarkt.de/le-havre-ac/kader/verein/738/saison_id/2026/plus/1,c689367405332b2d53df382c7e86172b8f1c4f1721cf694d45fd4f70cea2659b,2026-09-12,0,,MOVE_PRESERVE_METADATA,0,,,0,0,,,,,,,,,,
272755,73294,2003-05-10,1376276,1376373,2024-07-01,2027-06-30,29,FIRST,CONFIRMED,https://www.transfermarkt.de/1-fc-magdeburg/kader/verein/187/saison_id/2026/plus/1,d0ff31a4349276164899e3293cd9c2c30e400169104ef2ece40cfdb9b3d70c93,2026-09-12,0,,RESOLVE_EXPIRED_LOAN,1376373,2025-07-01,2026-06-30,0,0,,,,,,,,,,
273077,248823,1999-01-27,1376280,1376278,2025-07-01,2026-06-30,44,FIRST,CONFIRMED,https://www.transfermarkt.de/sg-dynamo-dresden/kader/verein/129/saison_id/2026/plus/1,e7de409708fb7109444d4f9163d9959ec24a63b876d33dbfb1a3f2afff6bb65f,2026-09-12,0,,MOVE_PRESERVE_METADATA,0,,,0,0,,,,,,,,,,
273633,260014,2002-01-04,1376287,1376283,2023-07-01,2026-06-30,23,FIRST,CONFIRMED,https://www.transfermarkt.de/karlsruher-sc/kader/verein/48/saison_id/2026/plus/1,502be878e53560db93a5e23bc70c24b09c8a3f9aa264941d3a29a99a7083b789,2026-09-12,0,,MOVE_PRESERVE_METADATA,0,,,0,0,,,,,,,,,,
273729,263949,2003-05-16,262147,1769483,2024-07-01,2029-06-30,6,FIRST,CONFIRMED,https://www.transfermarkt.de/us-lecce/kader/verein/1005/saison_id/2026/plus/1,f70b73ab0beef18f4707e1b846172f928bd484c8e6abc3aab35570487739b4bc,2026-09-12,0,,MOVE_PRESERVE_METADATA,0,,,0,0,,,,,,,,,,
274071,266728,2000-04-19,2555909,1769528,2026-07-01,2029-06-30,9,FIRST,CONFIRMED,https://www.transfermarkt.de/frosinone-calcio/kader/verein/8970/saison_id/2026/plus/1,a104cee425f087aec46f2bde8eae8e0ec4f532d7e3edc12039ec6bf4b78c5a16,2026-09-12,2555909,2027-06-30,SQUAD,0,,,0,0,,,,,,,,,,
274305,279115,2005-02-25,1376258,1376270,2020-07-01,2028-06-30,21,FIRST,CONFIRMED,https://www.transfermarkt.de/sc-freiburg/kader/verein/60/saison_id/2026/plus/1,e62e19efa9614998b4f5177da82a997a537a7c947c1c8872e3857207ec428e4f,2026-09-12,0,,RESOLVE_EXPIRED_LOAN,1376270,2024-07-01,2026-06-30,0,0,,,,,,,,,,
275098,0,2006-04-20,1376266,1376446,2025-07-01,2029-06-30,23,RESERVE,CONFIRMED,https://www.transfermarkt.de/fc-viktoria-koln/kader/verein/1622/saison_id/2026/plus/1,b7bfc92e8e7c5a16b30c7b0ff346d1259614911747f68b6cb84920bb2afd1606,2026-09-12,0,,MOVE_PRESERVE_METADATA,0,,,0,0,,,,,,,,,,
275171,248765,1999-08-27,1376426,1376302,2024-07-01,2026-06-30,32,FIRST,CONFIRMED,https://www.transfermarkt.de/1-fc-heidenheim-1846/kader/verein/2036/saison_id/2026/plus/1,36e24e4c10d034372cc86f2815daf3eafd1f3551697053d3716bf14e8bbbab12,2026-09-12,0,,MOVE_PRESERVE_METADATA,0,,,0,0,,,,,,,,,,
275403,209504,1993-01-12,1376288,1376425,2019-07-01,2026-06-30,10,FIRST,CONFIRMED,https://www.transfermarkt.de/fc-st-pauli/kader/verein/35/saison_id/2026/plus/1,cb3581752f3910c559c9f42a6cbb09551a6187c6a88b14cfcc35019d0c02bc47,2026-09-12,0,,MOVE_PRESERVE_METADATA,0,,,0,0,,,,,,,,,,
275406,276660,2002-12-06,1376288,1376432,2026-07-01,2027-06-30,9,FIRST,CONFIRMED,https://www.transfermarkt.de/sv-07-elversberg/kader/verein/64/saison_id/2026/plus/1,ac54bb8cfcfed8b072f1b208573d831ba987c384a94a38fe45024bff098be56e,2026-09-12,1376288,2027-06-30,SQUAD,0,,,0,0,,,,,,,,,,
275631,255036,2001-09-13,1376267,1376259,2022-07-01,2026-06-30,11,FIRST,CONFIRMED,https://www.transfermarkt.de/1-fsv-mainz-05/kader/verein/39/saison_id/2026/plus/1,a0ac0e0c9eb47a3776e4e43c8257aa032114b35240aadb843dc1c757a5313de7,2026-09-12,0,,MOVE_PRESERVE_METADATA,0,,,0,0,,,,,,,,,,
275646,262045,2004-02-25,1376267,1376442,2022-07-01,2026-06-30,2,FIRST,CONFIRMED,https://www.transfermarkt.de/sv-darmstadt-98/kader/verein/105/saison_id/2026/plus/1,807e79c80e44c91b1d4926d0fb6534a3276b98489473cc35d4238a5a660a95f9,2026-09-12,0,,MOVE_PRESERVE_METADATA,0,,,0,0,,,,,,,,,,
275696,0,2005-09-07,1376267,1376432,2025-07-01,2027-06-30,19,RESERVE,CONFIRMED,https://www.transfermarkt.de/sv-07-elversberg/kader/verein/64/saison_id/2026/plus/1,ac54bb8cfcfed8b072f1b208573d831ba987c384a94a38fe45024bff098be56e,2026-09-12,0,,MOVE_PRESERVE_METADATA,0,,,0,0,,,,,,,,,,
275760,262117,2001-06-23,1376268,1376278,2023-07-01,2026-06-30,37,FIRST,CONFIRMED,https://www.transfermarkt.de/sg-dynamo-dresden/kader/verein/129/saison_id/2026/plus/1,e7de409708fb7109444d4f9163d9959ec24a63b876d33dbfb1a3f2afff6bb65f,2026-09-12,0,,MOVE_PRESERVE_METADATA,0,,,0,0,,,,,,,,,,
275991,74464,2005-05-17,1376260,1376433,2021-07-01,2027-06-30,20,FIRST,CONFIRMED,https://www.transfermarkt.de/tsg-1899-hoffenheim-ii/kader/verein/983/saison_id/2026/plus/1,ab3835df09261faf7ddd2ed9c07b00f74ba9f141891a5f719f13e9b204f6234d,2026-09-12,0,,RESOLVE_EXPIRED_LOAN,1376433,2025-07-01,2026-06-30,-1,0,,,,,,,,,,
276084,242958,1998-07-22,1376419,1376373,2025-07-01,2026-06-30,3,FIRST,CONFIRMED,https://www.transfermarkt.de/1-fc-magdeburg/kader/verein/187/saison_id/2026/plus/1,d0ff31a4349276164899e3293cd9c2c30e400169104ef2ece40cfdb9b3d70c93,2026-09-12,0,,MOVE_PRESERVE_METADATA,0,,,0,0,,,,,,,,,,
276085,244024,2001-02-16,1376419,1376421,2025-07-01,2026-06-30,17,FIRST,CONFIRMED,https://www.transfermarkt.de/sc-paderborn-07/kader/verein/127/saison_id/2026/plus/1,2bc1c2dc6af19cdfe4c15f929f45c9c1b3aeb6d1349fe49c0cbceca9a06d7cde,2026-09-12,0,,MOVE_PRESERVE_METADATA,0,,,0,0,,,,,,,,,,
276088,276287,2002-06-19,1376419,1376421,2016-07-01,2026-06-30,27,FIRST,CONFIRMED,https://www.transfermarkt.de/sc-paderborn-07/kader/verein/127/saison_id/2026/plus/1,2bc1c2dc6af19cdfe4c15f929f45c9c1b3aeb6d1349fe49c0cbceca9a06d7cde,2026-09-12,0,,MOVE_PRESERVE_METADATA,0,,,0,0,,,,,,,,,,
276299,228757,1996-02-27,1376373,1376425,2024-07-01,2026-06-30,16,FIRST,CONFIRMED,https://www.transfermarkt.de/fc-st-pauli/kader/verein/35/saison_id/2026/plus/1,cb3581752f3910c559c9f42a6cbb09551a6187c6a88b14cfcc35019d0c02bc47,2026-09-12,0,,MOVE_PRESERVE_METADATA,0,,,0,0,,,,,,,,,,
276321,264079,2000-02-10,1376373,1179683,2025-07-01,2027-06-30,39,FIRST,CONFIRMED,https://www.transfermarkt.de/estac-troyes/kader/verein/1095/saison_id/2026/plus/1,3de2a4a4e2246fa33a1e94b81459db264308feb0d186d61173bb4ee72e627faa,2026-09-12,0,,MOVE_PRESERVE_METADATA,0,,,0,0,,,,,,,,,,
276326,265580,2005-12-08,1376373,1376271,2024-07-01,2026-06-30,6,FIRST,CONFIRMED,https://www.transfermarkt.de/sv-werder-bremen/kader/verein/86/saison_id/2026/plus/1,0a7e36159d0c7ffd555ab7f3ffa226b0cf286e7a1a009e2dca794bd509bbd26e,2026-09-12,0,,MOVE_PRESERVE_METADATA,0,,,0,0,,,,,,,,,,
276353,0,2004-11-12,1376373,1376421,2024-07-01,2026-06-30,19,RESERVE,CONFIRMED,https://www.transfermarkt.de/sc-paderborn-07/kader/verein/127/saison_id/2026/plus/1,2bc1c2dc6af19cdfe4c15f929f45c9c1b3aeb6d1349fe49c0cbceca9a06d7cde,2026-09-12,0,,MOVE_PRESERVE_METADATA,0,,,0,0,,,,,,,,,,
276419,267782,2003-07-07,1376432,1376433,2018-07-01,2027-06-30,10,FIRST,CONFIRMED,https://www.transfermarkt.de/tsg-1899-hoffenheim/kader/verein/533/saison_id/2026/plus/1,e5e493cd00b5c047bf6df4097b4f69f777e988a4f1f63a0879aef32a7379e1cd,2026-09-12,0,,RESOLVE_EXPIRED_LOAN,1376433,2025-07-01,2026-06-30,-1,0,,,,,,,,,,
276591,263089,2000-08-11,1376257,1376442,2024-07-01,2026-06-30,3,FIRST,CONFIRMED,https://www.transfermarkt.de/sv-darmstadt-98/kader/verein/105/saison_id/2026/plus/1,807e79c80e44c91b1d4926d0fb6534a3276b98489473cc35d4238a5a660a95f9,2026-09-12,0,,MOVE_PRESERVE_METADATA,0,,,0,0,,,,,,,,,,
276593,247721,2000-02-21,1376257,1376278,2023-07-01,2026-06-30,20,FIRST,CONFIRMED,https://www.transfermarkt.de/sg-dynamo-dresden/kader/verein/129/saison_id/2026/plus/1,e7de409708fb7109444d4f9163d9959ec24a63b876d33dbfb1a3f2afff6bb65f,2026-09-12,0,,MOVE_PRESERVE_METADATA,0,,,0,0,,,,,,,,,,
276599,252710,1999-04-21,1376257,1376373,2023-07-01,2026-06-30,29,FIRST,CONFIRMED,https://www.transfermarkt.de/1-fc-magdeburg/kader/verein/187/saison_id/2026/plus/1,d0ff31a4349276164899e3293cd9c2c30e400169104ef2ece40cfdb9b3d70c93,2026-09-12,0,,MOVE_PRESERVE_METADATA,0,,,0,0,,,,,,,,,,
276696,231353,1997-10-11,1376429,1376373,2011-07-01,2026-06-30,19,FIRST,CONFIRMED,https://www.transfermarkt.de/1-fc-magdeburg/kader/verein/187/saison_id/2026/plus/1,d0ff31a4349276164899e3293cd9c2c30e400169104ef2ece40cfdb9b3d70c93,2026-09-12,0,,MOVE_PRESERVE_METADATA,0,,,0,0,,,,,,,,,,
276724,0,2006-09-18,1376429,2490394,2022-07-01,2026-06-30,7,RESERVE,CONFIRMED,https://www.transfermarkt.de/cf-estrela-amadora/kader/verein/2431/saison_id/2026/plus/1,518e3a2e95f5774700d01db49dd50f80d4ccbc790493950412b68c785a7de654,2026-09-12,0,,MOVE_PRESERVE_METADATA,0,,,0,0,,,,,,,,,,
277070,268622,2005-02-17,1376261,2949137,2026-09-01,2029-06-30,24,FIRST,CONFIRMED,https://www.transfermarkt.de/jeanuel-belocian/profil/spieler/919515,8502e19cbe96725c9e9d0424f59c3f95ba4506fd8c390f297058a1ca1fdb6b8a,2026-09-12,1376261,2027-06-30,PRESERVE_PROTECTED_SQUAD,0,,,0,0,,,,,1,2460682,2460934,0,19,0
277082,0,2007-02-02,1376261,2228241,2021-07-01,2026-06-30,0,FIRST,CONFIRMED,https://www.transfermarkt.de/fc-utrecht/kader/verein/200/saison_id/2026/plus/1,30172180fe0b90bafc4f2d8225a407eb91445c75b04c67bdb0bfe6d096d2e552,2026-09-12,0,,MOVE_PRESERVE_METADATA,0,,,0,0,,,,,,,,,,
277288,76058,2004-06-22,1376425,1376444,2026-07-01,2028-06-30,7,RESERVE,CONFIRMED,https://www.transfermarkt.de/sc-fortuna-koln/kader/verein/92/saison_id/2026/plus/1,c255b2b753fa967f4c2eb7cdee0e0a6e7bb7b0e3c371fdcdfc7a8694476b2be0,2026-09-12,1376425,2027-06-30,SQUAD,0,,,0,0,,,,,,,,,,
277417,0,2004-09-23,1376262,1376429,2024-07-01,2027-06-30,23,RESERVE,CONFIRMED,https://www.transfermarkt.de/fortuna-dusseldorf/kader/verein/38/saison_id/2026/plus/1,05373c5cfa7534d6542a7839a6b4faf710e30f1746f3272457fd8dbea4ba1976,2026-09-12,0,,MOVE_PRESERVE_METADATA,0,,,0,0,,,,,,,,,,
277446,0,2007-07-27,1376262,1376257,2023-07-01,2026-06-30,0,FIRST,CONFIRMED,https://www.transfermarkt.de/1-fc-kaiserslautern/kader/verein/2/saison_id/2026/plus/1,f57ab040dd8126f8fe2d4d84bbf8f3d5dee76ffc0d0c490223335ff120a69dd1,2026-09-12,0,,MOVE_PRESERVE_METADATA,0,,,0,0,,,,,,,,,,
277510,256942,2002-04-29,1376275,1376259,2022-07-01,2026-06-30,6,FIRST,CONFIRMED,https://www.transfermarkt.de/1-fsv-mainz-05/kader/verein/39/saison_id/2026/plus/1,a0ac0e0c9eb47a3776e4e43c8257aa032114b35240aadb843dc1c757a5313de7,2026-09-12,0,,MOVE_PRESERVE_METADATA,0,,,0,0,,,,,,,,,,
277531,76536,2005-04-24,1376275,1376444,2019-07-01,2026-06-30,26,RESERVE,CONFIRMED,https://www.transfermarkt.de/sc-fortuna-koln/kader/verein/92/saison_id/2026/plus/1,c255b2b753fa967f4c2eb7cdee0e0a6e7bb7b0e3c371fdcdfc7a8694476b2be0,2026-09-12,0,,MOVE_PRESERVE_METADATA,0,,,0,0,,,,,,,,,,
277562,0,2007-02-02,1376275,1376283,2022-07-01,2026-06-30,0,FIRST,CONFIRMED,https://www.transfermarkt.de/karlsruher-sc/kader/verein/48/saison_id/2026/plus/1,502be878e53560db93a5e23bc70c24b09c8a3f9aa264941d3a29a99a7083b789,2026-09-12,0,,MOVE_PRESERVE_METADATA,0,,,0,0,,,,,,,,,,
277651,245940,1998-10-06,1376272,1376259,2019-07-01,2026-06-30,13,FIRST,CONFIRMED,https://www.transfermarkt.de/1-fsv-mainz-05/kader/verein/39/saison_id/2026/plus/1,a0ac0e0c9eb47a3776e4e43c8257aa032114b35240aadb843dc1c757a5313de7,2026-09-12,0,,MOVE_PRESERVE_METADATA,0,,,0,0,,,,,,,,,,
277656,256118,2000-02-15,1376272,1376431,2024-07-01,2028-06-30,5,FIRST,CONFIRMED,https://www.transfermarkt.de/fc-augsburg/kader/verein/167/saison_id/2026/plus/1,323d986d5d073658ccfd8af3d4978da6e4a9845c0cdcce47798096a26f016833,2026-09-12,0,,MOVE_PRESERVE_METADATA,0,,,0,0,,,,,,,,,,
277874,244112,1996-03-08,1376270,1376420,2022-07-01,2026-06-30,11,FIRST,CONFIRMED,https://www.transfermarkt.de/vfl-osnabruck/kader/verein/81/saison_id/2026/plus/1,e705d735d9e41aeb7a7781affacb5ed1a2f31cc8fd9e319c826182a9e12937a6,2026-09-12,0,,MOVE_PRESERVE_METADATA,0,,,0,0,,,,,,,,,,
278124,0,2006-03-21,1769481,1769533,2026-07-01,2028-06-30,6,RESERVE,CONFIRMED,https://www.transfermarkt.de/ac-monza/kader/verein/2919/saison_id/2026/plus/1,8f193279202724cc57a68a08441deb0fe889b73d8d97804595e81268516bfe10,2026-09-12,1769481,2027-06-30,SQUAD,0,,,0,0,,,,,,,,,,
278488,269312,2003-03-23,1769476,1769510,2023-07-01,2028-06-30,35,FIRST,CONFIRMED,https://www.transfermarkt.de/genua-cfc/kader/verein/252/saison_id/2026/plus/1,28831c70a8bf2f1d0e0c5e7801240ba62008e42be2eb8761306fafe7c05e7da1,2026-09-12,0,,MOVE_PRESERVE_METADATA,0,,,0,0,,,,,,,,,,
279837,222493,1995-12-13,1376263,1376348,2021-07-01,2026-06-30,5,FIRST,CONFIRMED,https://www.transfermarkt.de/1-fc-union-berlin/kader/verein/89/saison_id/2026/plus/1,09ae9c47f64c54ef97da615c30d6aa9ae9d953e1a3e18c00b87ea902f5a73e34,2026-09-12,0,,MOVE_PRESERVE_METADATA,0,,,0,0,,,,,,,,,,
279863,0,2007-03-27,1376263,1376429,2021-07-01,2026-06-30,35,RESERVE,CONFIRMED,https://www.transfermarkt.de/fortuna-dusseldorf/kader/verein/38/saison_id/2026/plus/1,05373c5cfa7534d6542a7839a6b4faf710e30f1746f3272457fd8dbea4ba1976,2026-09-12,0,,MOVE_PRESERVE_METADATA,0,,,0,0,,,,,,,,,,
279872,0,2008-01-07,1376263,3145825,2019-07-01,2030-06-30,0,FIRST,CONFIRMED,https://www.transfermarkt.de/galatasaray/kader/verein/141/saison_id/2026/plus/1,66f1195fdd6d32bc947bb726ca4925adf5e39b928cebbb291569108f880a8f16,2026-09-12,0,,MOVE_PRESERVE_METADATA,0,,,0,0,,,,,,,,,,
280015,78113,2006-10-02,1193182,458761,2026-07-01,2027-06-30,2,FIRST,CONFIRMED,https://www.transfermarkt.de/royal-charleroi-sc/kader/verein/172/saison_id/2026/plus/1,be345af7e14ab40246420c64e873b34283e56e8aafa6f5b344acf44cf11dfec1,2026-09-12,1193182,2027-06-30,REPLACE_EXPIRED_LOAN,917506,2025-07-01,2026-06-30,-1,0,,,,,,,,,,
280196,76133,2004-05-03,1376433,1376432,2022-07-01,2029-06-30,24,FIRST,CONFIRMED,https://www.transfermarkt.de/sv-07-elversberg/kader/verein/64/saison_id/2026/plus/1,ac54bb8cfcfed8b072f1b208573d831ba987c384a94a38fe45024bff098be56e,2026-09-12,0,,MOVE_PRESERVE_METADATA,0,,,0,0,,,,,,,,,,
280197,272896,2003-09-09,1376433,1376442,2025-07-01,2026-06-30,49,RESERVE,CONFIRMED,https://www.transfermarkt.de/sv-darmstadt-98/kader/verein/105/saison_id/2026/plus/1,807e79c80e44c91b1d4926d0fb6534a3276b98489473cc35d4238a5a660a95f9,2026-09-12,0,,MOVE_PRESERVE_METADATA,0,,,0,0,,,,,,,,,,
280215,0,2004-08-21,1376433,1376257,2024-07-01,2026-06-30,34,RESERVE,CONFIRMED,https://www.transfermarkt.de/1-fc-kaiserslautern/kader/verein/2/saison_id/2026/plus/1,f57ab040dd8126f8fe2d4d84bbf8f3d5dee76ffc0d0c490223335ff120a69dd1,2026-09-12,0,,MOVE_PRESERVE_METADATA,0,,,0,0,,,,,,,,,,
280344,0,2005-05-22,1376259,1376301,2017-07-01,2028-06-30,19,RESERVE,CONFIRMED,https://www.transfermarkt.de/sv-waldhof-mannheim/kader/verein/85/saison_id/2026/plus/1,34e998eba6b950fe72d328e27cb46b4a4d1c4b3c218c58557f9db9a44925ae39,2026-09-12,0,,MOVE_PRESERVE_METADATA,0,,,0,0,,,,,,,,,,
280439,74136,2004-10-06,1179674,458763,2024-07-01,2030-06-30,23,FIRST,CONFIRMED,https://www.transfermarkt.de/kvc-westerlo/kader/verein/968/saison_id/2026/plus/1,4b321535def794641a57896ea3b395b11fb16964a25bb51fab6f75bf5e2a3382,2026-09-12,0,,MOVE_PRESERVE_METADATA,0,,,0,0,,,,,,,,,,
280799,203106,1993-12-19,1376271,1376280,2020-07-01,2026-06-30,10,FIRST,CONFIRMED,https://www.transfermarkt.de/fc-energie-cottbus/kader/verein/25/saison_id/2026/plus/1,bfac2c82e9908a44ea8264f2a591d43d8ad627ceaeb5639879d980dcab166809,2026-09-12,0,,MOVE_PRESERVE_METADATA,0,,,0,0,,,,,,,,,,
280829,0,2007-05-29,1376271,1376373,2024-07-01,2026-06-30,0,FIRST,CONFIRMED,https://www.transfermarkt.de/1-fc-magdeburg/kader/verein/187/saison_id/2026/plus/1,d0ff31a4349276164899e3293cd9c2c30e400169104ef2ece40cfdb9b3d70c93,2026-09-12,0,,MOVE_PRESERVE_METADATA,0,,,0,0,,,,,,,,,,
280929,269228,2001-03-28,2949140,2949127,2023-07-01,2028-06-30,3,FIRST,CONFIRMED,https://www.transfermarkt.de/deportivo-a-coruna/kader/verein/897/saison_id/2026/plus/1,7550b0f31442bf21d6149b2642a4ee1c6a58307c97068ea0c26d45e205ddb6c5,2026-09-12,0,,MOVE_PRESERVE_METADATA,0,,,0,0,,,,,,,,,,
282300,270126,2002-06-02,1769477,1769500,2017-07-01,2030-06-30,5,RESERVE,CONFIRMED,https://www.transfermarkt.de/venezia-fc/kader/verein/607/saison_id/2026/plus/1,d88fc7110893de0f0661e79b4c48d86142d14d93f73bc112159c1995caefb0e9,2026-09-12,0,,MOVE_PRESERVE_METADATA,0,,,0,0,,,,,,,,,,
282407,221342,1997-07-12,2949130,2949139,2026-07-01,2027-06-30,23,FIRST,CONFIRMED,https://www.transfermarkt.de/fc-valencia/kader/verein/1049/saison_id/2026/plus/1,5de2e980893b594e24db008458062bfc00ba2b8df17a120bf432b038f984588c,2026-09-12,2949130,2027-06-30,SQUAD,0,,,0,0,,,,,,,,,,
282478,180930,1986-03-17,1769492,1376266,2025-07-01,2026-06-30,9,FIRST,CONFIRMED,https://www.transfermarkt.de/fc-schalke-04/kader/verein/33/saison_id/2026/plus/1,a9ed4724b397b1d2e983c42cd58b22eee88dad2e22e96a26bd8a21ee813c34b7,2026-09-12,0,,MOVE_PRESERVE_METADATA,0,,,0,0,,,,,,,,,,
282490,237499,1996-11-28,1769492,3145777,2023-07-01,2026-06-30,11,FIRST,CONFIRMED,https://www.transfermarkt.de/eyupspor/kader/verein/7160/saison_id/2026/plus/1,f4f3375da68b82c3bad1b9efcd11d29ed67584c0d829b173c80cc388820bec9c,2026-09-12,0,,MOVE_PRESERVE_METADATA,0,,,0,0,,,,,,,,,,
282591,79093,2004-04-01,1769503,1769500,2026-01-28,2030-06-30,30,FIRST,CONFIRMED,https://www.transfermarkt.de/matteo-dagasso/profil/spieler/744621,fd209eb1d1c5b5a9fe05476d7ab6ae8164a771a72b6519e195e0a76b6316ba8b,2026-09-12,0,,PRESERVE_PROTECTED_SQUAD,0,,,0,0,,,,,2,0,0,0,1,0
283485,0,2005-12-11,1179663,2490394,2024-07-01,2028-06-30,15,RESERVE,CONFIRMED,https://www.transfermarkt.de/cf-estrela-amadora/kader/verein/2431/saison_id/2026/plus/1,518e3a2e95f5774700d01db49dd50f80d4ccbc790493950412b68c785a7de654,2026-09-12,0,,MOVE_PRESERVE_METADATA,0,,,0,0,,,,,,,,,,
284241,248474,2001-11-23,1769499,3145820,2024-07-01,2027-06-30,14,FIRST,CONFIRMED,https://www.transfermarkt.de/goztepe/kader/verein/1467/saison_id/2026/plus/1,7e750ea20c17f8114b86f2de82ca9a2830fe95988c05d73fe5e72a2f70c29e0f,2026-09-12,0,,RESOLVE_EXPIRED_LOAN,1769495,2025-07-01,2026-06-30,4500000,0,,,,,,,,,,
284502,0,2006-06-07,1179655,458761,2024-07-01,2026-06-30,6,RESERVE,CONFIRMED,https://www.transfermarkt.de/royal-charleroi-sc/kader/verein/172/saison_id/2026/plus/1,be345af7e14ab40246420c64e873b34283e56e8aafa6f5b344acf44cf11dfec1,2026-09-12,0,,MOVE_PRESERVE_METADATA,0,,,0,0,,,,,,,,,,
284674,256970,2003-07-02,1179661,786442,2015-07-01,2027-06-30,7,FIRST,CONFIRMED,https://www.transfermarkt.de/ac-sparta-prag/kader/verein/197/saison_id/2026/plus/1,6b74c895ae1857517e5325904312eb2643155a1ddb4be2ba7e884a9840dcea35,2026-09-12,0,,RESOLVE_EXPIRED_LOAN,786442,2025-07-01,2026-06-30,-1,0,,,,,,,,,,
285382,244471,2000-08-13,851970,1376273,2023-07-01,2030-06-30,27,FIRST,CONFIRMED,https://www.transfermarkt.de/vfl-bochum/kader/verein/80/saison_id/2026/plus/1,46a6a42e333b793b20bad6d9e1b77f42c8ca39e91c8c69a2bf0dbb6aa5adc64a,2026-09-12,0,,MOVE_PRESERVE_METADATA,0,,,0,0,,,,,,,,,,
285854,278350,2006-06-02,1769510,1769528,2020-07-01,2028-06-30,40,FIRST,CONFIRMED,https://www.transfermarkt.de/frosinone-calcio/kader/verein/8970/saison_id/2026/plus/1,a104cee425f087aec46f2bde8eae8e0ec4f532d7e3edc12039ec6bf4b78c5a16,2026-09-12,0,,MOVE_PRESERVE_METADATA,0,,,0,0,,,,,,,,,,
286175,0,2008-01-10,851972,458782,2022-07-01,2028-06-30,0,FIRST,CONFIRMED,https://www.transfermarkt.de/zulte-waregem/kader/verein/3508/saison_id/2026/plus/1,0acbb0eca1723445958969f80be44f59778e527ba0095de244c35e56e3b9068e,2026-09-12,0,,MOVE_PRESERVE_METADATA,0,,,0,0,,,,,,,,,,
286280,272596,2003-03-03,851977,458768,2026-07-01,2028-06-30,8,FIRST,CONFIRMED,https://www.transfermarkt.de/krc-genk/kader/verein/1184/saison_id/2026/plus/1,85979abe0c47d79971cc0cee642e1248d1cad9da00ea0a7a7add7591bfc915c0,2026-09-12,851977,2027-06-30,SQUAD,0,,,0,0,,,,,,,,,,
286284,71170,2005-10-05,851977,1179661,2021-07-01,2027-06-30,35,FIRST,CONFIRMED,https://www.transfermarkt.de/olympique-lyon/kader/verein/1041/saison_id/2026/plus/1,d1e8c52088c164c738d95700ab10125d62a6b25b7393bf2f71320770c00926fe,2026-09-12,0,,MOVE_PRESERVE_METADATA,0,,,0,0,,,,,,,,,,
286679,0,2007-01-12,2490397,2490377,2022-07-01,2026-06-30,0,FIRST,CONFIRMED,https://www.transfermarkt.de/moreirense-fc/kader/verein/979/saison_id/2026/plus/1,9aa16aff197b371e36892b5321c0c1db769f09802a8338c111eb56304e7798bc,2026-09-12,0,,MOVE_PRESERVE_METADATA,0,,,0,0,,,,,,,,,,
286992,259530,2000-10-04,2490381,2490376,2025-07-01,2026-06-30,29,FIRST,CONFIRMED,https://www.transfermarkt.de/cs-maritimo/kader/verein/1301/saison_id/2026/plus/1,5cfc233404ec9b89440eac630270b3e1ade7aaa468abf0d7c72a774e94f85e1b,2026-09-12,0,,MOVE_PRESERVE_METADATA,0,,,0,0,,,,,,,,,,
287999,78986,1995-03-11,2494467,2494468,2023-07-01,2027-06-30,6,FIRST,CONFIRMED,https://www.transfermarkt.de/academico-viseu-fc/kader/verein/7788/saison_id/2026/plus/1,340241555ec1793a42690aa5ffe614fb73194989e73960db5786f409bd3783e4,2026-09-12,0,,MOVE_PRESERVE_METADATA,0,,,0,0,,,,,,,,,,
288094,71981,2004-04-17,2504148,2490393,2016-07-01,2027-06-30,2,FIRST,CONFIRMED,https://www.transfermarkt.de/fc-alverca/kader/verein/2521/saison_id/2026/plus/1,7f5d01cde12ec5554a0cdae5ccc699031abd54d7e473e99ebf2c44e9a519b8ae,2026-09-12,0,,RESOLVE_EXPIRED_LOAN,2490372,2025-07-01,2026-06-30,-1,0,,,,,,,,,,
288149,0,2004-05-26,2490372,2490376,2022-07-01,2027-06-30,97,RESERVE,CONFIRMED,https://www.transfermarkt.de/cs-maritimo/kader/verein/1301/saison_id/2026/plus/1,5cfc233404ec9b89440eac630270b3e1ade7aaa468abf0d7c72a774e94f85e1b,2026-09-12,0,,MOVE_PRESERVE_METADATA,0,,,0,0,,,,,,,,,,
288176,0,2007-07-04,2490372,458763,2023-07-01,2029-06-30,69,RESERVE,CONFIRMED,https://www.transfermarkt.de/kvc-westerlo/kader/verein/968/saison_id/2026/plus/1,4b321535def794641a57896ea3b395b11fb16964a25bb51fab6f75bf5e2a3382,2026-09-12,0,,MOVE_PRESERVE_METADATA,0,,,0,0,,,,,,,,,,
288463,279624,2005-01-20,2752522,3145754,2017-07-01,2028-06-30,7,FIRST,CONFIRMED,https://www.transfermarkt.de/kocaelispor/kader/verein/120/saison_id/2026/plus/1,bda2ed30c80e868d465811681293fb83205ade381ad18055d9cd750ca9ce7817,2026-09-12,0,,RESOLVE_EXPIRED_LOAN,917518,2025-07-01,2026-06-30,-1,0,,,,,,,,,,
288596,257104,2002-09-21,2752519,1769542,2026-07-01,2028-06-30,9,FIRST,CONFIRMED,https://www.transfermarkt.de/us-sassuolo/kader/verein/6574/saison_id/2026/plus/1,686b0eaeb9362b4d66f8cc3a3779bc587286eed50ca422d498380ecfd974ed38,2026-09-12,2752519,2027-06-30,SQUAD,0,,,0,0,,,,,,,,,,
288748,0,2006-12-25,1179665,786439,2026-07-01,2029-06-30,3,RESERVE,CONFIRMED,https://www.transfermarkt.de/sk-sigma-olmutz/kader/verein/2311/saison_id/2026/plus/1,c61d1f22a4e21ac99834db236d5c613fdf98db28632452029778a0c82954b875,2026-09-12,1179665,2027-06-30,SQUAD,0,,,0,0,,,,,,,,,,
288758,0,2006-10-15,1179665,2228253,2022-07-01,2029-06-30,12,RESERVE,CONFIRMED,https://www.transfermarkt.de/sc-cambuur-leeuwarden/kader/verein/133/saison_id/2026/plus/1,d35d182879e0c29fde9680e0bd938bd8a58eee080d1c036222e78600c9bbc8b6,2026-09-12,0,,MOVE_PRESERVE_METADATA,0,,,0,0,,,,,,,,,,
288906,226401,1997-10-10,2752517,917532,2023-07-01,2027-06-30,20,FIRST,CONFIRMED,https://www.transfermarkt.de/hull-city/kader/verein/3008/saison_id/2026/plus/1,95d27e3b77eef2306101f2b6eab92a02d56308a31e0d34299be2fa82dcf331db,2026-09-12,0,,MOVE_PRESERVE_METADATA,0,,,0,0,,,,,,,,,,
289036,79923,2000-01-04,2752515,1376288,2026-07-01,2027-06-30,23,FIRST,CONFIRMED,https://www.transfermarkt.de/spvgg-greuther-furth/kader/verein/65/saison_id/2026/plus/1,582a3d28fdc7b95bf59c3bf33f2d9b2847185d2a8fd3682db98bcd5e3a81d68b,2026-09-12,2752515,2027-06-30,REPLACE_EXPIRED_LOAN,1507333,2025-07-01,2026-06-30,-1,0,,,,,,,,,,
289289,253102,2002-07-15,2752524,1376266,2023-07-01,2027-06-30,7,FIRST,CONFIRMED,https://www.transfermarkt.de/fc-schalke-04/kader/verein/33/saison_id/2026/plus/1,a9ed4724b397b1d2e983c42cd58b22eee88dad2e22e96a26bd8a21ee813c34b7,2026-09-12,0,,RESOLVE_EXPIRED_LOAN,917524,2025-07-01,2026-06-30,-1,0,,,,,,,,,,
290701,251599,1997-09-25,2949123,2949127,2021-07-01,2029-06-30,8,FIRST,CONFIRMED,https://www.transfermarkt.de/deportivo-a-coruna/kader/verein/897/saison_id/2026/plus/1,7550b0f31442bf21d6149b2642a4ee1c6a58307c97068ea0c26d45e205ddb6c5,2026-09-12,0,,MOVE_PRESERVE_METADATA,0,,,0,0,,,,,,,,,,
290775,73296,2003-01-26,1769495,1179673,2022-07-01,2027-06-30,5,FIRST,CONFIRMED,https://www.transfermarkt.de/fc-lorient/kader/verein/1158/saison_id/2026/plus/1,8985aded9368fca7ce5d7744ed4210e43a27554002fd29e32ed7f2454f7c3087,2026-09-12,0,,RESOLVE_EXPIRED_LOAN,1769517,2025-07-01,2026-06-30,-1,0,,,,,,,,,,
290876,81988,2004-12-12,2228256,2228252,2024-07-01,2028-06-30,9,RESERVE,CONFIRMED,https://www.transfermarkt.de/sc-telstar/kader/verein/1434/saison_id/2026/plus/1,ae77e5dfbed0657e8ac7db9c5bfa54cdae9a9aa41389f9224cb5b1406e993f05,2026-09-12,0,,MOVE_PRESERVE_METADATA,0,,,0,0,,,,,,,,,,
291000,265701,2002-05-18,2228234,786439,2017-07-01,2027-06-30,27,FIRST,CONFIRMED,https://www.transfermarkt.de/sk-sigma-olmutz/kader/verein/2311/saison_id/2026/plus/1,c61d1f22a4e21ac99834db236d5c613fdf98db28632452029778a0c82954b875,2026-09-12,0,,RESOLVE_EXPIRED_LOAN,786442,2025-07-01,2026-06-30,-1,0,,,,,,,,,,
291094,277820,2005-01-05,1179657,1179887,2020-07-01,2026-06-30,10,RESERVE,CONFIRMED,https://www.toulousefc.com/play/blog/2026/05/des-departs-au-sein-de-l-effectif,7b043b02618b4f05b066e5e28840aaddf7ff5189d8aba70d9629a78ed2e8274a,2026-09-12,0,,MOVE_PRESERVE_METADATA,0,,,0,0,,,,,,,,,,
291543,80351,2006-04-08,2228236,2228248,2021-07-01,2029-06-30,2,RESERVE,CONFIRMED,https://www.transfermarkt.de/go-ahead-eagles-deventer/kader/verein/1435/saison_id/2026/plus/1,9dde8a1e8b910be129c1938f1ab5cb614c94aaafe9ae1f3969e144108e3149a1,2026-09-12,0,,MOVE_PRESERVE_METADATA,0,,,0,0,,,,,,,,,,
291556,0,2006-12-05,2228236,1376442,2023-07-01,2026-06-30,18,RESERVE,CONFIRMED,https://www.transfermarkt.de/sv-darmstadt-98/kader/verein/105/saison_id/2026/plus/1,807e79c80e44c91b1d4926d0fb6534a3276b98489473cc35d4238a5a660a95f9,2026-09-12,0,,MOVE_PRESERVE_METADATA,0,,,0,0,,,,,,,,,,
291769,253202,2001-03-13,1179650,1376283,2025-07-01,2026-06-30,5,FIRST,CONFIRMED,https://www.transfermarkt.de/karlsruher-sc/kader/verein/48/saison_id/2026/plus/1,502be878e53560db93a5e23bc70c24b09c8a3f9aa264941d3a29a99a7083b789,2026-09-12,0,,MOVE_PRESERVE_METADATA,0,,,0,0,,,,,,,,,,
291875,278326,2006-10-22,1769513,1769474,2020-07-01,2030-06-30,80,FIRST,CONFIRMED,https://www.transfermarkt.de/ac-mailand/kader/verein/5/saison_id/2026/plus/1,62f75de72ed1f23bb563a5fa890848e43b2c13847e4bdb7efb02d5b9d513dd38,2026-09-12,0,,RESOLVE_EXPIRED_LOAN,1769496,2025-07-01,2026-06-30,-1,0,,,,,,,,,,
292895,262335,2001-04-30,1769569,3145745,2023-07-01,2030-06-30,10,FIRST,CONFIRMED,https://www.transfermarkt.de/samsunspor/kader/verein/152/saison_id/2026/plus/1,4e99640342d6c03de82a839147f9c53a0cc4bc14523c727d2894fc2df5432171,2026-09-12,0,,RESOLVE_EXPIRED_LOAN,1769496,2025-07-01,2026-06-30,-1,0,,,,,,,,,,
293734,262889,2003-02-19,2228260,1376373,2023-07-01,2026-06-30,4,FIRST,CONFIRMED,https://www.transfermarkt.de/1-fc-magdeburg/kader/verein/187/saison_id/2026/plus/1,d0ff31a4349276164899e3293cd9c2c30e400169104ef2ece40cfdb9b3d70c93,2026-09-12,0,,MOVE_PRESERVE_METADATA,0,,,0,0,,,,,,,,,,
293908,74879,2005-03-26,2228235,1376274,2024-07-01,2030-06-30,9,FIRST,CONFIRMED,https://www.transfermarkt.de/vfl-wolfsburg/kader/verein/82/saison_id/2026/plus/1,0d671e8b1f26fd27a90d4507455627094aa5ed12d9869e4c7dc8c2b2573eb1ef,2026-09-12,0,,MOVE_PRESERVE_METADATA,0,,,0,0,,,,,,,,,,
294619,73964,2003-05-14,2228232,2228247,2026-07-01,2028-06-30,25,FIRST,CONFIRMED,https://www.transfermarkt.de/fortuna-sittard/kader/verein/385/saison_id/2026/plus/1,3459b44bdebecde47d2a1440be82d9c09e8f120a342ec34fc969ad1288f64fcd,2026-09-12,2228232,2027-06-30,PRESERVE_PROTECTED_SQUAD,0,,,0,0,,,,,1,2460786,2460906,0,18,0
295337,276634,2003-12-13,3080195,1376274,2022-07-01,2030-06-30,32,FIRST,CONFIRMED,https://www.transfermarkt.de/vfl-wolfsburg/kader/verein/82/saison_id/2026/plus/1,0d671e8b1f26fd27a90d4507455627094aa5ed12d9869e4c7dc8c2b2573eb1ef,2026-09-12,0,,MOVE_PRESERVE_METADATA,0,,,0,0,,,,,,,,,,
295470,75656,2006-09-09,3080193,786446,2026-07-01,2030-06-30,66,FIRST,CONFIRMED,https://www.transfermarkt.de/fc-banik-ostrau/kader/verein/377/saison_id/2026/plus/1,3717000ca143110b9cff7bc66843b5e54104cdaa75d0e196220c4e77c8b4d611,2026-09-12,3080193,2027-06-30,SQUAD,0,,,0,0,,,,,,,,,,
295685,76843,2005-05-07,2228227,2228252,2020-07-01,2028-06-30,2,RESERVE,CONFIRMED,https://www.transfermarkt.de/sc-telstar/kader/verein/1434/saison_id/2026/plus/1,ae77e5dfbed0657e8ac7db9c5bfa54cdae9a9aa41389f9224cb5b1406e993f05,2026-09-12,0,,MOVE_PRESERVE_METADATA,0,,,0,0,,,,,,,,,,
295792,247030,1994-05-04,786441,786447,2018-07-01,2026-06-30,6,FIRST,CONFIRMED,https://www.transfermarkt.de/fc-zbrojovka-brunn/kader/verein/5225/saison_id/2026/plus/1,1aeecf841a85ad9d35469b9ba37af49f38aee1b2e160fdd7ebc2df04f3863d83,2026-09-12,0,,MOVE_PRESERVE_METADATA,0,,,0,0,,,,,,,,,,
295806,0,2005-02-19,786441,790564,2020-07-01,2029-06-30,15,RESERVE,CONFIRMED,https://www.transfermarkt.de/sk-artis-brunn/kader/verein/24325/saison_id/2026/plus/1,587a867b1b6398028de49094330bc2934f1e7245d3ee79f2003e9ffe6410ac9f,2026-09-12,0,,MOVE_PRESERVE_METADATA,0,,,0,0,,,,,,,,,,
295815,0,2005-12-27,786441,790538,2015-07-01,2026-06-30,20,RESERVE,CONFIRMED,https://www.transfermarkt.de/fk-pardubice/kader/verein/1496/saison_id/2026/plus/1,ff994ed3554101d4e2a5377d206e013ac142ca4f73f68a0c406e2cc0d305e0ef,2026-09-12,0,,MOVE_PRESERVE_METADATA,0,,,0,0,,,,,,,,,,
295816,0,2006-03-20,786441,790564,2026-07-01,2029-06-30,14,RESERVE,CONFIRMED,https://www.transfermarkt.de/sk-artis-brunn/kader/verein/24325/saison_id/2026/plus/1,587a867b1b6398028de49094330bc2934f1e7245d3ee79f2003e9ffe6410ac9f,2026-09-12,786441,2027-06-30,REPLACE_EXPIRED_LOAN,7999502,2025-01-01,2025-12-31,-1,0,,,,,,,,,,
295875,0,2004-05-16,786441,786434,2022-07-01,2025-06-30,33,RESERVE,CONFIRMED,https://www.transfermarkt.de/fk-mlada-boleslav/kader/verein/5546/saison_id/2026/plus/1,5a8600e42926651e56482ac4dac8c6e5e0e3e1754eacf142566e811f0e9bca53,2026-09-12,0,,MOVE_PRESERVE_METADATA,0,,,0,0,,,,,,,,,,
295989,240283,1996-06-18,786442,786434,2003-07-01,2026-06-30,24,FIRST,CONFIRMED,https://www.transfermarkt.de/fk-mlada-boleslav/kader/verein/5546/saison_id/2026/plus/1,5a8600e42926651e56482ac4dac8c6e5e0e3e1754eacf142566e811f0e9bca53,2026-09-12,0,,MOVE_PRESERVE_METADATA,0,,,0,0,,,,,,,,,,
295998,0,2005-02-25,786442,786437,2014-07-01,2026-06-30,37,RESERVE,CONFIRMED,https://www.transfermarkt.de/fk-jablonec/kader/verein/1322/saison_id/2026/plus/1,fa6bc207fa67c20e0cd9ca574d81e19d3d8b6b77840b71993b1620a5a4b28b21,2026-09-12,0,,MOVE_PRESERVE_METADATA,0,,,0,0,,,,,,,,,,
296017,0,2009-01-05,786442,786443,2021-07-01,2026-06-30,0,FIRST,CONFIRMED,https://www.transfermarkt.de/fk-teplice/kader/verein/814/saison_id/2026/plus/1,d56a4f10e63ee591f34d8043653f8dec1ff43e812697defcdc04274a50cee948,2026-09-12,0,,MOVE_PRESERVE_METADATA,0,,,0,0,,,,,,,,,,
296499,0,2005-08-28,786437,786453,2021-07-01,2027-06-30,62,FIRST,CONFIRMED,https://www.transfermarkt.de/bohemians-prag-1905/kader/verein/715/saison_id/2026/plus/1,ebdb6624691ca6718b5ca6df413da8f706167c604575caed018b5bb2940716cb,2026-09-12,0,,RESOLVE_EXPIRED_LOAN,3225604,2025-07-01,2026-06-30,-1,0,,,,,,,,,,
296594,0,2000-05-22,786446,786443,2024-07-01,2026-06-30,22,FIRST,CONFIRMED,https://www.transfermarkt.de/fk-teplice/kader/verein/814/saison_id/2026/plus/1,d56a4f10e63ee591f34d8043653f8dec1ff43e812697defcdc04274a50cee948,2026-09-12,0,,MOVE_PRESERVE_METADATA,0,,,0,0,,,,,,,,,,
296627,0,2005-04-16,786446,786434,2025-07-01,2027-06-30,6,RESERVE,CONFIRMED,https://www.transfermarkt.de/fk-mlada-boleslav/kader/verein/5546/saison_id/2026/plus/1,5a8600e42926651e56482ac4dac8c6e5e0e3e1754eacf142566e811f0e9bca53,2026-09-12,0,,MOVE_PRESERVE_METADATA,0,,,0,0,,,,,,,,,,
296689,0,1996-01-31,790530,786443,2020-07-01,2026-06-30,22,FIRST,CONFIRMED,https://www.transfermarkt.de/fk-teplice/kader/verein/814/saison_id/2026/plus/1,d56a4f10e63ee591f34d8043653f8dec1ff43e812697defcdc04274a50cee948,2026-09-12,0,,MOVE_PRESERVE_METADATA,0,,,0,0,,,,,,,,,,
296799,0,2002-03-25,786453,786437,2020-07-01,2027-06-30,41,FIRST,CONFIRMED,https://www.transfermarkt.de/fk-jablonec/kader/verein/1322/saison_id/2026/plus/1,fa6bc207fa67c20e0cd9ca574d81e19d3d8b6b77840b71993b1620a5a4b28b21,2026-09-12,0,,RESOLVE_EXPIRED_LOAN,786442,2025-07-01,2026-06-30,-1,0,,,,,,,,,,
297578,201126,1990-04-13,786439,790564,2021-07-01,2027-06-30,30,FIRST,CONFIRMED,https://www.transfermarkt.de/sk-artis-brunn/kader/verein/24325/saison_id/2026/plus/1,587a867b1b6398028de49094330bc2934f1e7245d3ee79f2003e9ffe6410ac9f,2026-09-12,0,,MOVE_PRESERVE_METADATA,0,,,0,0,,,,,,,,,,
297594,0,2000-08-16,786439,786447,2014-07-01,2026-06-30,12,RESERVE,CONFIRMED,https://www.transfermarkt.de/fc-zbrojovka-brunn/kader/verein/5225/saison_id/2026/plus/1,1aeecf841a85ad9d35469b9ba37af49f38aee1b2e160fdd7ebc2df04f3863d83,2026-09-12,0,,MOVE_PRESERVE_METADATA,0,,,0,0,,,,,,,,,,
299970,231390,1997-02-06,6225931,3145839,2024-07-01,2027-06-30,10,FIRST,CONFIRMED,https://www.transfermarkt.de/konyaspor/kader/verein/2293/saison_id/2026/plus/1,069dc7281d9365629f14ccbc97a6efb86e052d5f21328d42e8d7b49edfa417e6,2026-09-12,0,,MOVE_PRESERVE_METADATA,0,,,0,0,,,,,,,,,,
300802,237642,1997-03-24,6225954,1376442,2022-07-01,2026-06-30,28,FIRST,CONFIRMED,https://www.transfermarkt.de/sv-darmstadt-98/kader/verein/105/saison_id/2026/plus/1,807e79c80e44c91b1d4926d0fb6534a3276b98489473cc35d4238a5a660a95f9,2026-09-12,0,,MOVE_PRESERVE_METADATA,0,,,0,0,,,,,,,,,,
301431,213697,1995-04-27,6239520,917532,2026-01-28,2027-06-30,17,FIRST,CONFIRMED,https://www.transfermarkt.de/paddy-mcnair/profil/spieler/167268,31f360a6a55387b2ac1af2d05c3b2b589e19342c14111afa0500c6fb1f44179d,2026-09-12,0,,PRESERVE_PROTECTED_SQUAD,0,,,0,0,,,,,2,0,0,0,1,0
307148,255438,2002-01-29,10682372,458759,2019-07-01,2026-06-30,71,FIRST,CONFIRMED,https://www.transfermarkt.de/vv-st-truiden/kader/verein/475/saison_id/2026/plus/1,c0e976a963b2c1507ec52e39bab62ae405f89e7c2149e5b8ecc88e56b4f6ff7a,2026-09-12,0,,MOVE_PRESERVE_METADATA,0,,,0,0,,,,,,,,,,
1000013185,232938,1998-11-05,0,917535,2025-07-01,2025-06-30,0,FIRST,CONFIRMED,https://www.transfermarkt.de/crystal-palace/kader/verein/873/saison_id/2026/plus/1,5b0d8110693231bc9cfcbf4e744171ea18f83dc20ff4c35e294cf84c098ae7ac,2026-09-12,0,,MOVE_PRESERVE_METADATA,0,,,0,0,,,,,,,,,,
1000013211,199339,1988-09-09,0,1376276,2026-01-27,2027-06-30,1,FIRST,CONFIRMED,https://www.transfermarkt.de/manuel-riemann/profil/spieler/40792,64ec8ae87cddee1bd401d26b3e91f9940c7e58cd00c4d553049bdf5bf99402d6,2026-09-12,0,,PRESERVE_PROTECTED_SQUAD,0,,,0,0,,,,,1,2460842,2461056,0,37,0
1000013240,172203,1988-03-17,0,917553,2022-07-01,2026-06-30,0,FIRST,CONFIRMED,https://www.transfermarkt.de/afc-bournemouth/kader/verein/989/saison_id/2026/plus/1,147ac73d9a94a634b365ebf6ee82ee4655d46b0d4aa0cba07b481ccc27a62359,2026-09-12,0,,MOVE_PRESERVE_METADATA,0,,,0,0,,,,,,,,,,
1000013460,246183,1997-07-17,0,790530,2015-07-01,2025-06-30,0,FIRST,CONFIRMED,https://www.transfermarkt.de/fc-hradec-kralove/kader/verein/1897/saison_id/2026/plus/1,9f165382686e89ef721bef5137a1368d6a21993eeb3b6a2f26d9e63870638938,2026-09-12,0,,MOVE_PRESERVE_METADATA,0,,,0,0,,,,,,,,,,
1000013719,199721,1990-08-05,0,1179664,2019-07-01,2025-06-30,0,FIRST,CONFIRMED,https://www.transfermarkt.de/rc-lens/kader/verein/826/saison_id/2026/plus/1,7fb4fc29a59ca1fd1875a851a1378fb40304c090e369d517a86f6d13f80ab3c8,2026-09-12,0,,MOVE_PRESERVE_METADATA,0,,,0,0,,,,,,,,,,
1000013920,0,1999-02-11,0,471041,2019-07-01,2027-06-30,0,FIRST,CONFIRMED,https://www.transfermarkt.de/raal-la-louviere/kader/verein/3901/saison_id/2026/plus/1,b03ed0837676e8c4516649bb0a99db01be8090988303411744be3df08ec3d3fe,2026-09-12,0,,MOVE_PRESERVE_METADATA,0,,,0,0,,,,,,,,,,
1000013989,0,1997-07-30,0,1376446,2024-07-01,2035-06-30,0,FIRST,CONFIRMED,https://www.transfermarkt.de/fc-viktoria-koln/kader/verein/1622/saison_id/2026/plus/1,b7bfc92e8e7c5a16b30c7b0ff346d1259614911747f68b6cb84920bb2afd1606,2026-09-12,0,,MOVE_PRESERVE_METADATA,0,,,0,0,,,,,,,,,,
1000015933,0,2003-06-13,0,790530,2017-07-01,2035-06-30,0,FIRST,CONFIRMED,https://www.transfermarkt.de/fc-hradec-kralove/kader/verein/1897/saison_id/2026/plus/1,9f165382686e89ef721bef5137a1368d6a21993eeb3b6a2f26d9e63870638938,2026-09-12,0,,MOVE_PRESERVE_METADATA,0,,,0,0,,,,,,,,,,
1000018395,0,2006-12-31,0,1769500,2024-07-01,2025-06-30,0,FIRST,CONFIRMED,https://www.transfermarkt.de/venezia-fc/kader/verein/607/saison_id/2026/plus/1,d88fc7110893de0f0661e79b4c48d86142d14d93f73bc112159c1995caefb0e9,2026-09-12,0,,MOVE_PRESERVE_METADATA,0,,,0,0,,,,,,,,,,
